created_at,symbol,direction,session_name,h4_bias,h1_bias,dominant_bias,scenario_type,confirmation_type,confirmation_grade,market_condition,bias_strength,candidate_rank_score,learning_score,entry,sl,tp1,tp2,tp3,risk_pips,tp1_reward_pips,tp2_reward_pips,tp3_reward_pips,tp1_rr,tp2_rr,tp3_rr,reaction_level_present,volatility_at_entry,atr_m15,atr_h1,candle_body_ratio,candle_wick_ratio,displacement_strength,distance_to_psych_level,distance_to_watch_zone,distance_to_invalidation,recent_momentum_3,recent_momentum_5,recent_momentum_10,structure_alignment_score,tp1_hit,sl_hit,final_result,pips_result,outcome_class,target_tp1_before_sl,protected_after_tp1
2026-03-31T23:15:00+00:00,XAUUSD,BUY,off_session,bullish,impulsive,bullish,primary,failed_retest_confirmation,A+,unknown,strong,0.0,85.0,4682.34,4656.0,4696.29,4720.0,4740.0,26.340000000000146,13.949999999999818,37.659999999999854,57.659999999999854,0.5296127562642271,1.429764616552758,2.189066059225495,0.0,26.340000000000146,26.340000000000146,52.68000000000029,0.5,0.0,0.5,17.659999999999854,0.0,26.340000000000146,0.0,0.0,0.0,1.0,1,0,WIN,37.66,TP1_OR_BETTER,1,1
2026-04-01T00:00:00+00:00,XAUUSD,BUY,asia,bullish,impulsive,bullish,primary,structure_shift_confirmation,A+,unknown,strong,95.0,85.0,4703.1,4676.0,4720.0,4740.0,4760.0,27.100000000000364,16.899999999999636,36.899999999999636,56.899999999999636,0.6236162361623399,1.3616236162361306,2.0996309963099216,0.0,27.100000000000364,27.100000000000364,54.20000000000073,0.94,0.0,0.94,3.100000000000364,0.0,27.100000000000364,0.0,0.0,0.0,1.0,1,1,LOSS,-27.1,SL_HIT,0,1
2026-04-01T00:00:00+00:00,XAUUSD,BUY,asia,bullish,impulsive,bullish,primary,structure_shift_confirmation,A+,unknown,strong,95.0,85.0,4703.1,4676.0,4720.0,4740.0,4760.0,27.100000000000364,16.899999999999636,36.899999999999636,56.899999999999636,0.6236162361623399,1.3616236162361306,2.0996309963099216,0.0,27.100000000000364,27.100000000000364,54.20000000000073,0.94,0.0,0.94,3.100000000000364,0.0,27.100000000000364,0.0,0.0,0.0,1.0,1,0,BREAKEVEN_WIN,16.9,BREAKEVEN_WIN,1,1
2026-04-01T00:15:00+00:00,XAUUSD,BUY,asia,bullish,impulsive,bullish,primary,structure_shift_confirmation,A+,unknown,strong,100.0,85.0,4721.63,4696.0,4740.0,4760.0,4780.0,25.63000000000011,18.36999999999989,38.36999999999989,58.36999999999989,0.7167381974248854,1.4970737417089242,2.277409285992963,0.0,25.63000000000011,25.63000000000011,51.26000000000022,0.92,0.0,0.92,21.63000000000011,0.0,25.63000000000011,0.0,0.0,0.0,1.0,0,1,LOSS,-25.63,SL_HIT,0,0
2026-04-01T00:15:00+00:00,XAUUSD,BUY,asia,bullish,impulsive,bullish,primary,structure_shift_confirmation,A+,unknown,strong,100.0,95.0,4721.63,4696.0,4740.0,4760.0,4780.0,25.63000000000011,18.36999999999989,38.36999999999989,58.36999999999989,0.7167381974248854,1.4970737417089242,2.277409285992963,0.0,25.63000000000011,25.63000000000011,51.26000000000022,0.92,0.0,0.92,21.63000000000011,0.0,25.63000000000011,0.0,0.0,0.0,1.0,0,1,LOSS,-25.63,SL_HIT,0,0
2026-04-01T00:30:00+00:00,XAUUSD,BUY,asia,bullish,impulsive,bullish,primary,break_retest_close_confirmation,A,unknown,strong,55.0,75.0,4706.36,4676.0,4720.0,4740.0,4760.0,30.359999999999673,13.640000000000327,33.64000000000033,53.64000000000033,0.44927536231885623,1.108036890645609,1.7667984189723618,0.0,30.359999999999673,30.359999999999673,60.719999999999345,0.94,0.0,0.94,6.359999999999673,0.0,30.359999999999673,0.0,0.0,0.0,1.0,0,1,LOSS,-30.36,SL_HIT,0,0
2026-04-01T00:30:00+00:00,XAUUSD,BUY,asia,bullish,impulsive,bullish,primary,break_retest_close_confirmation,A,unknown,strong,95.0,75.0,4706.36,4676.0,4720.0,4740.0,4760.0,30.359999999999673,13.640000000000327,33.64000000000033,53.64000000000033,0.44927536231885623,1.108036890645609,1.7667984189723618,0.0,30.359999999999673,30.359999999999673,60.719999999999345,0.94,0.0,0.94,6.359999999999673,0.0,30.359999999999673,0.0,0.0,0.0,1.0,1,1,LOSS,-30.36,SL_HIT,0,1
2026-04-01T00:30:00+00:00,XAUUSD,BUY,asia,bullish,impulsive,bullish,primary,break_retest_close_confirmation,A,unknown,strong,95.0,75.0,4706.36,4676.0,4720.0,4740.0,4760.0,30.359999999999673,13.640000000000327,33.64000000000033,53.64000000000033,0.44927536231885623,1.108036890645609,1.7667984189723618,0.0,30.359999999999673,30.359999999999673,60.719999999999345,0.94,0.0,0.94,6.359999999999673,0.0,30.359999999999673,0.0,0.0,0.0,1.0,0,1,LOSS,-30.36,SL_HIT,0,0
2026-04-01T00:30:00+00:00,XAUUSD,BUY,asia,bullish,impulsive,bullish,primary,break_retest_close_confirmation,A,unknown,strong,95.0,75.0,4706.36,4676.0,4720.0,4740.0,4760.0,30.359999999999673,13.640000000000327,33.64000000000033,53.64000000000033,0.44927536231885623,1.108036890645609,1.7667984189723618,0.0,30.359999999999673,30.359999999999673,60.719999999999345,0.94,0.0,0.94,6.359999999999673,0.0,30.359999999999673,0.0,0.0,0.0,1.0,0,1,LOSS,-30.36,SL_HIT,0,0
2026-04-01T01:00:00+00:00,XAUUSD,BUY,asia,bullish,impulsive,bullish,primary,break_retest_close_confirmation,A,unknown,strong,95.0,75.0,4707.86,4676.0,4720.0,4740.0,4760.0,31.859999999999673,12.140000000000327,32.14000000000033,52.14000000000033,0.3810420590081749,1.0087884494664363,1.6365348399246975,0.0,31.859999999999673,31.859999999999673,63.719999999999345,0.94,0.0,0.94,7.859999999999673,0.0,31.859999999999673,0.0,0.0,0.0,1.0,0,1,LOSS,-31.86,SL_HIT,0,0
2026-04-01T01:15:00+00:00,XAUUSD,BUY,asia,bullish,impulsive,bullish,primary,failed_retest_confirmation,A+,unknown,strong,95.0,85.0,4708.3,4676.0,4720.0,4740.0,4760.0,32.30000000000018,11.699999999999818,31.699999999999818,51.69999999999982,0.36222910216717497,0.9814241486067999,1.600619195046425,0.0,32.30000000000018,32.30000000000018,64.60000000000036,0.94,0.0,0.94,8.300000000000182,0.0,32.30000000000018,0.0,0.0,0.0,1.0,0,1,LOSS,-32.3,SL_HIT,0,0
2026-04-01T01:15:00+00:00,XAUUSD,BUY,asia,bullish,impulsive,bullish,primary,failed_retest_confirmation,A+,unknown,strong,95.0,85.0,4708.3,4676.0,4720.0,4740.0,4760.0,32.30000000000018,11.699999999999818,31.699999999999818,51.69999999999982,0.36222910216717497,0.9814241486067999,1.600619195046425,0.0,32.30000000000018,32.30000000000018,64.60000000000036,0.94,0.0,0.94,8.300000000000182,0.0,32.30000000000018,0.0,0.0,0.0,1.0,0,1,LOSS,-32.3,SL_HIT,0,0
2026-04-01T01:30:00+00:00,XAUUSD,SELL,asia,bullish,impulsive,bullish,secondary,structure_shift_confirmation,A+,unknown,weak,0.0,85.0,4687.9,4684.0,4660.0,4640.0,4600.0,3.899999999999636,27.899999999999636,47.899999999999636,87.89999999999964,7.153846153846728,12.282051282052334,22.538461538463547,0.0,3.899999999999636,3.899999999999636,7.799999999999272,0.5,0.0,0.5,12.100000000000364,0.0,3.899999999999636,0.0,0.0,0.0,0.0,0,1,LOSS,3.9,SL_HIT,0,0
2026-04-01T01:30:00+00:00,XAUUSD,SELL,asia,bullish,impulsive,bullish,secondary,structure_shift_confirmation,A+,unknown,weak,0.0,85.0,4687.9,4684.0,4660.0,4640.0,4600.0,3.899999999999636,27.899999999999636,47.899999999999636,87.89999999999964,7.153846153846728,12.282051282052334,22.538461538463547,0.0,3.899999999999636,3.899999999999636,7.799999999999272,0.5,0.0,0.5,12.100000000000364,0.0,3.899999999999636,0.0,0.0,0.0,0.0,0,1,LOSS,3.9,SL_HIT,0,0
2026-04-01T02:30:00+00:00,XAUUSD,SELL,asia,bullish,impulsive,bullish,secondary,structure_shift_confirmation,A+,unknown,weak,0.0,85.0,4681.48,4684.0,4660.0,4640.0,4600.0,2.5200000000004366,21.479999999999563,41.47999999999956,81.47999999999956,8.523809523807873,16.460317460314435,32.33333333332756,0.0,2.5200000000004366,2.5200000000004366,5.040000000000873,0.5,0.0,0.5,18.520000000000437,0.0,2.5200000000004366,0.0,0.0,0.0,0.0,0,1,LOSS,-2.52,SL_HIT,0,0
2026-04-01T02:30:00+00:00,XAUUSD,BUY,asia,bullish,impulsive,bullish,primary,break_retest_close_confirmation,A,unknown,strong,0.0,75.0,4681.48,4656.0,4696.29,4720.0,4740.0,25.479999999999563,14.8100000000004,38.52000000000044,58.52000000000044,0.5812401883830712,1.511773940345412,2.2967032967033534,0.0,25.479999999999563,25.479999999999563,50.95999999999913,0.5,0.0,0.5,18.520000000000437,0.0,25.479999999999563,0.0,0.0,0.0,1.0,1,0,STRONG_WIN,58.52,STRONG_WIN,1,1
2026-04-01T02:30:00+00:00,XAUUSD,BUY,asia,bullish,impulsive,bullish,primary,break_retest_close_confirmation,A,unknown,strong,0.0,85.0,4681.48,4656.0,4696.29,4720.0,4740.0,25.479999999999563,14.8100000000004,38.52000000000044,58.52000000000044,0.5812401883830712,1.511773940345412,2.2967032967033534,0.0,25.479999999999563,25.479999999999563,50.95999999999913,0.5,0.0,0.5,18.520000000000437,0.0,25.479999999999563,0.0,0.0,0.0,1.0,1,0,BREAKEVEN_WIN,14.81,BREAKEVEN_WIN,1,1
2026-04-01T02:30:00+00:00,XAUUSD,BUY,asia,bullish,impulsive,bullish,primary,break_retest_close_confirmation,A,unknown,strong,0.0,85.0,4681.48,4656.0,4696.29,4720.0,4740.0,25.479999999999563,14.8100000000004,38.52000000000044,58.52000000000044,0.5812401883830712,1.511773940345412,2.2967032967033534,0.0,25.479999999999563,25.479999999999563,50.95999999999913,0.5,0.0,0.5,18.520000000000437,0.0,25.479999999999563,0.0,0.0,0.0,1.0,1,0,BREAKEVEN_WIN,14.81,BREAKEVEN_WIN,1,1
2026-04-01T02:45:00+00:00,XAUUSD,BUY,asia,bullish,impulsive,bullish,primary,failed_retest_confirmation,A+,unknown,strong,0.0,85.0,4684.68,4656.0,4696.29,4720.0,4740.0,28.68000000000029,11.609999999999673,35.31999999999971,55.31999999999971,0.404811715481156,1.2315202231519997,1.9288702928869996,0.0,28.68000000000029,28.68000000000029,57.36000000000058,0.5,0.0,0.5,15.319999999999709,0.0,28.68000000000029,0.0,0.0,0.0,1.0,1,0,STRONG_WIN,55.32,STRONG_WIN,1,1
2026-04-01T02:45:00+00:00,XAUUSD,BUY,asia,bullish,impulsive,bullish,primary,failed_retest_confirmation,A+,unknown,strong,0.0,95.0,4684.68,4656.0,4696.29,4720.0,4740.0,28.68000000000029,11.609999999999673,35.31999999999971,55.31999999999971,0.404811715481156,1.2315202231519997,1.9288702928869996,0.0,28.68000000000029,28.68000000000029,57.36000000000058,0.5,0.0,0.5,15.319999999999709,0.0,28.68000000000029,0.0,0.0,0.0,1.0,1,0,BREAKEVEN_WIN,11.61,BREAKEVEN_WIN,1,1
2026-04-01T03:45:00+00:00,XAUUSD,BUY,asia,bullish,range,bullish,primary,break_retest_close_confirmation,A,unknown,strong,0.0,70.0,4681.82,4656.0,4694.24,4720.0,4740.0,25.81999999999971,12.420000000000073,38.18000000000029,58.18000000000029,0.4810224632068247,1.4786986831913524,2.25329202168865,0.0,25.81999999999971,25.81999999999971,51.63999999999942,0.5,0.0,0.5,18.18000000000029,0.0,25.81999999999971,0.0,0.0,0.0,1.0,1,0,STRONG_WIN,58.18,STRONG_WIN,1,1
2026-04-01T03:45:00+00:00,XAUUSD,SELL,asia,bullish,range,bullish,secondary,structure_shift_confirmation,A+,unknown,weak,0.0,80.0,4681.82,4684.0,4660.0,4640.0,4600.0,2.180000000000291,21.81999999999971,41.81999999999971,81.81999999999971,10.009174311925136,19.183486238529415,37.53211009173798,0.0,2.180000000000291,2.180000000000291,4.360000000000582,0.5,0.0,0.5,18.18000000000029,0.0,2.180000000000291,0.0,0.0,0.0,0.0,0,1,LOSS,-2.18,SL_HIT,0,0
2026-04-01T04:00:00+00:00,XAUUSD,SELL,asia,bullish,impulsive,bullish,secondary,structure_shift_confirmation,A+,unknown,weak,0.0,85.0,4673.8,4664.0,4660.0,4640.0,4620.0,9.800000000000182,13.800000000000182,33.80000000000018,53.80000000000018,1.408163265306115,3.4489795918366895,5.489795918367264,0.0,9.800000000000182,9.800000000000182,19.600000000000364,0.5,0.0,0.5,23.800000000000182,0.0,9.800000000000182,0.0,0.0,0.0,0.0,0,1,LOSS,9.8,SL_HIT,0,0
2026-04-01T04:00:00+00:00,XAUUSD,SELL,asia,bullish,impulsive,bullish,secondary,structure_shift_confirmation,A+,unknown,weak,0.0,95.0,4673.8,4664.0,4660.0,4640.0,4620.0,9.800000000000182,13.800000000000182,33.80000000000018,53.80000000000018,1.408163265306115,3.4489795918366895,5.489795918367264,0.0,9.800000000000182,9.800000000000182,19.600000000000364,0.5,0.0,0.5,23.800000000000182,0.0,9.800000000000182,0.0,0.0,0.0,0.0,0,1,LOSS,9.8,SL_HIT,0,0
2026-04-01T04:15:00+00:00,XAUUSD,SELL,asia,bullish,impulsive,bullish,secondary,structure_shift_confirmation,A+,unknown,weak,0.0,85.0,4672.51,4664.0,4660.0,4640.0,4620.0,8.510000000000218,12.510000000000218,32.51000000000022,52.51000000000022,1.4700352526439362,3.8202115158636176,6.170387779083299,0.0,8.510000000000218,8.510000000000218,17.020000000000437,0.5,0.0,0.5,22.51000000000022,0.0,8.510000000000218,0.0,0.0,0.0,0.0,0,1,LOSS,8.51,SL_HIT,0,0
2026-04-01T05:00:00+00:00,XAUUSD,BUY,asia,bullish,impulsive,bullish,primary,structure_shift_confirmation,A+,unknown,strong,0.0,85.0,4682.85,4656.0,4696.29,4720.0,4740.0,26.850000000000364,13.4399999999996,37.149999999999636,57.149999999999636,0.5005586592178554,1.3836126629422396,2.1284916201116895,0.0,26.850000000000364,26.850000000000364,53.70000000000073,0.5,0.0,0.5,17.149999999999636,0.0,26.850000000000364,0.0,0.0,0.0,1.0,1,0,STRONG_WIN,57.15,STRONG_WIN,1,1
2026-04-01T05:00:00+00:00,XAUUSD,BUY,asia,bullish,impulsive,bullish,primary,structure_shift_confirmation,A+,unknown,strong,0.0,95.0,4682.85,4656.0,4696.29,4720.0,4740.0,26.850000000000364,13.4399999999996,37.149999999999636,57.149999999999636,0.5005586592178554,1.3836126629422396,2.1284916201116895,0.0,26.850000000000364,26.850000000000364,53.70000000000073,0.5,0.0,0.5,17.149999999999636,0.0,26.850000000000364,0.0,0.0,0.0,1.0,1,0,BREAKEVEN_WIN,13.44,BREAKEVEN_WIN,1,1
2026-04-01T05:30:00+00:00,XAUUSD,BUY,asia,bullish,impulsive,bullish,primary,structure_shift_confirmation,A+,unknown,strong,95.0,85.0,4702.05,4676.0,4720.0,4740.0,4760.0,26.050000000000182,17.949999999999818,37.94999999999982,57.94999999999982,0.6890595009596812,1.456813819577718,2.224568138195755,0.0,26.050000000000182,26.050000000000182,52.100000000000364,0.94,0.0,0.94,2.050000000000182,0.0,26.050000000000182,0.0,0.0,0.0,1.0,1,0,STRONG_WIN,57.95,STRONG_WIN,1,1
2026-04-01T05:45:00+00:00,XAUUSD,SELL,asia,bullish,impulsive,bullish,secondary,displacement_confirmation,A,unknown,weak,0.0,75.0,4684.35,4684.0,4660.0,4640.0,4600.0,0.3500000000003638,24.350000000000364,44.350000000000364,84.35000000000036,69.5714285713573,126.71428571415504,240.99999999975054,0.0,0.3500000000003638,0.3500000000003638,0.7000000000007276,0.5,0.0,0.5,15.649999999999636,0.0,0.3500000000003638,0.0,0.0,0.0,0.0,0,1,LOSS,0.35,SL_HIT,0,0
2026-04-01T05:45:00+00:00,XAUUSD,SELL,asia,bullish,impulsive,bullish,secondary,displacement_confirmation,A,unknown,weak,0.0,75.0,4684.35,4684.0,4660.0,4640.0,4600.0,0.3500000000003638,24.350000000000364,44.350000000000364,84.35000000000036,69.5714285713573,126.71428571415504,240.99999999975054,0.0,0.3500000000003638,0.3500000000003638,0.7000000000007276,0.5,0.0,0.5,15.649999999999636,0.0,0.3500000000003638,0.0,0.0,0.0,0.0,0,1,LOSS,0.35,SL_HIT,0,0
2026-04-01T06:15:00+00:00,XAUUSD,BUY,asia,bullish,impulsive,bullish,primary,structure_shift_confirmation,A+,unknown,strong,95.0,85.0,4709.07,4676.0,4720.0,4740.0,4760.0,33.06999999999971,10.930000000000291,30.93000000000029,50.93000000000029,0.33051103719384295,0.9352887813728625,1.540066525551882,0.0,33.06999999999971,33.06999999999971,66.13999999999942,0.94,0.0,0.94,9.069999999999709,0.0,33.06999999999971,0.0,0.0,0.0,1.0,1,0,STRONG_WIN,50.93,STRONG_WIN,1,1
2026-04-01T06:45:00+00:00,XAUUSD,BUY,asia,bullish,impulsive,bullish,primary,structure_shift_confirmation,A+,unknown,strong,100.0,85.0,4730.48,4696.0,4750.0,4780.0,4800.0,34.47999999999956,19.520000000000437,49.52000000000044,69.52000000000044,0.5661252900232217,1.4361948955916781,2.0162412993039824,0.0,34.47999999999956,34.47999999999956,68.95999999999913,0.92,0.0,0.92,19.520000000000437,0.0,34.47999999999956,0.0,0.0,0.0,1.0,1,0,BREAKEVEN_WIN,0.0,BREAKEVEN_WIN,1,1
2026-04-01T07:15:00+00:00,XAUUSD,BUY,london,bullish,impulsive,bullish,primary,failed_retest_confirmation,A+,unknown,strong,100.0,85.0,4723.06,4696.0,4733.08,4760.0,4780.0,27.0600000000004,10.019999999999527,36.9399999999996,56.9399999999996,0.37028824833700585,1.3651145602364765,2.1042128603103754,0.0,27.0600000000004,27.0600000000004,54.1200000000008,0.92,0.0,0.92,23.0600000000004,0.0,27.0600000000004,0.0,0.0,0.0,1.0,1,0,WIN,36.94,TP1_OR_BETTER,1,1
2026-04-01T08:15:00+00:00,XAUUSD,BUY,off_session,bullish,impulsive,bullish,primary,failed_retest_confirmation,A+,unknown,strong,95.0,85.0,4730.53,4694.0,4780.0,4800.0,4825.0,36.5,49.5,69.5,94.5,1.35,1.9,2.59,1.0,36.5,36.5,73.0,0.92,0.0,0.92,19.470000000000255,19.470000000000255,30.529999999999745,0.0,0.0,0.0,1.0,1,0,EXPIRED_AFTER_TP1,0.0,BREAKEVEN_WIN,1,1
2026-04-01T08:15:00+00:00,XAUUSD,BUY,london,bullish,impulsive,bullish,primary,failed_retest_confirmation,A+,unknown,strong,100.0,85.0,4730.53,4696.0,4750.0,4780.0,4800.0,34.529999999999745,19.470000000000255,49.470000000000255,69.47000000000025,0.5638575152041818,1.4326672458731717,2.0118737329858316,0.0,34.529999999999745,34.529999999999745,69.05999999999949,0.92,0.0,0.92,19.470000000000255,0.0,34.529999999999745,0.0,0.0,0.0,1.0,1,0,WIN,49.47,TP1_OR_BETTER,1,1
2026-04-01T08:15:00+00:00,XAUUSD,BUY,off_session,bullish,impulsive,bullish,primary,failed_retest_confirmation,A+,unknown,strong,100.0,85.0,4730.53,4696.0,4750.0,4780.0,4800.0,34.529999999999745,19.470000000000255,49.470000000000255,69.47000000000025,0.5638575152041818,1.4326672458731717,2.0118737329858316,0.0,34.529999999999745,34.529999999999745,69.05999999999949,0.92,0.0,0.92,19.470000000000255,0.0,34.529999999999745,0.0,0.0,0.0,1.0,1,0,BREAKEVEN_WIN,19.47,BREAKEVEN_WIN,1,1
2026-04-01T08:15:00+00:00,XAUUSD,BUY,off_session,bullish,impulsive,bullish,primary,failed_retest_confirmation,A+,unknown,strong,100.0,85.0,4730.53,4696.0,4750.0,4780.0,4800.0,34.529999999999745,19.470000000000255,49.470000000000255,69.47000000000025,0.5638575152041818,1.4326672458731717,2.0118737329858316,0.0,34.529999999999745,34.529999999999745,69.05999999999949,0.92,0.0,0.92,19.470000000000255,0.0,34.529999999999745,0.0,0.0,0.0,1.0,1,0,BREAKEVEN_WIN,19.47,BREAKEVEN_WIN,1,1
2026-04-01T09:45:00+00:00,XAUUSD,BUY,london,bullish,impulsive,bullish,primary,failed_retest_confirmation,A+,unknown,strong,100.0,85.0,4722.96,4696.0,4733.08,4760.0,4780.0,26.960000000000036,10.11999999999989,37.039999999999964,57.039999999999964,0.37537091988130106,1.3738872403560798,2.115727002967355,0.0,26.960000000000036,26.960000000000036,53.92000000000007,0.92,0.0,0.92,22.960000000000036,0.0,26.960000000000036,0.0,0.0,0.0,1.0,1,0,STRONG_WIN,57.04,STRONG_WIN,1,1
2026-04-01T10:00:00+00:00,XAUUSD,SELL,off_session,bullish,impulsive,bullish,secondary,displacement_confirmation,A,unknown,weak,90.0,75.0,4715.68,4704.0,4700.0,4680.0,4660.0,11.680000000000291,15.680000000000291,35.68000000000029,55.68000000000029,1.342465753424649,3.054794520547894,4.767123287671139,0.0,11.680000000000291,11.680000000000291,23.360000000000582,0.96,0.0,0.96,15.680000000000291,0.0,11.680000000000291,0.0,0.0,0.0,0.0,0,1,LOSS,11.68,SL_HIT,0,0
2026-04-01T10:00:00+00:00,XAUUSD,SELL,off_session,bullish,impulsive,bullish,secondary,displacement_confirmation,A,unknown,weak,90.0,75.0,4715.68,4704.0,4700.0,4680.0,4660.0,11.680000000000291,15.680000000000291,35.68000000000029,55.68000000000029,1.342465753424649,3.054794520547894,4.767123287671139,0.0,11.680000000000291,11.680000000000291,23.360000000000582,0.96,0.0,0.96,15.680000000000291,0.0,11.680000000000291,0.0,0.0,0.0,0.0,0,1,LOSS,11.68,SL_HIT,0,0
2026-04-01T10:15:00+00:00,XAUUSD,BUY,off_session,bullish,impulsive,bullish,primary,structure_shift_confirmation,A+,unknown,strong,100.0,85.0,4728.37,4696.0,4738.77,4760.0,4780.0,32.36999999999989,10.400000000000546,31.63000000000011,51.63000000000011,0.3212851405622669,0.9771393265369236,1.5949953660797123,0.0,32.36999999999989,32.36999999999989,64.73999999999978,0.92,0.0,0.92,21.63000000000011,0.0,32.36999999999989,0.0,0.0,0.0,1.0,1,0,STRONG_WIN,51.63,STRONG_WIN,1,1
2026-04-01T11:15:00+00:00,XAUUSD,BUY,off_session,bullish,impulsive,bullish,primary,structure_shift_confirmation,A+,unknown,strong,0.0,85.0,4744.92,4716.0,4760.0,4780.0,4800.0,28.920000000000073,15.079999999999927,35.07999999999993,55.07999999999993,0.521438450899028,1.2130013831258588,1.9045643153526899,0.0,28.920000000000073,28.920000000000073,57.840000000000146,0.5,0.0,0.5,5.079999999999927,0.0,28.920000000000073,0.0,0.0,0.0,1.0,1,1,LOSS,-28.92,SL_HIT,0,1
2026-04-01T11:30:00+00:00,XAUUSD,BUY,off_session,bullish,impulsive,bullish,primary,sweep_reclaim_confirmation,A+,unknown,strong,95.0,85.0,4760.45,4744.0,4780.0,4800.0,4820.0,16.5,19.5,39.5,59.5,1.19,2.4,3.62,0.0,16.5,16.5,33.0,0.5,0.0,0.5,10.449999999999818,0.0,10.449999999999818,0.0,0.0,0.0,1.0,0,1,LOSS,-16.45,SL_HIT,0,0
2026-04-01T11:30:00+00:00,XAUUSD,BUY,off_session,bullish,impulsive,bullish,primary,sweep_reclaim_confirmation,A+,unknown,strong,0.0,85.0,4760.45,4746.0,4780.0,4800.0,4820.0,14.449999999999818,19.550000000000182,39.55000000000018,59.55000000000018,1.3529411764706178,2.7370242214533342,4.12110726643605,0.0,14.449999999999818,14.449999999999818,28.899999999999636,0.5,0.0,0.5,10.449999999999818,0.0,14.449999999999818,0.0,0.0,0.0,1.0,0,1,LOSS,-14.45,SL_HIT,0,0
2026-04-01T11:30:00+00:00,XAUUSD,BUY,off_session,bullish,impulsive,bullish,primary,sweep_reclaim_confirmation,A+,unknown,strong,95.0,85.0,4760.45,4746.0,4780.0,4800.0,4820.0,14.449999999999818,19.550000000000182,39.55000000000018,59.55000000000018,1.3529411764706178,2.7370242214533342,4.12110726643605,0.0,14.449999999999818,14.449999999999818,28.899999999999636,0.5,0.0,0.5,10.449999999999818,0.0,14.449999999999818,0.0,0.0,0.0,1.0,0,1,LOSS,-14.45,SL_HIT,0,0
2026-04-01T11:30:00+00:00,XAUUSD,BUY,off_session,bullish,impulsive,bullish,primary,sweep_reclaim_confirmation,A+,unknown,strong,0.0,85.0,4760.45,4746.0,4780.0,4800.0,4820.0,14.449999999999818,19.550000000000182,39.55000000000018,59.55000000000018,1.3529411764706178,2.7370242214533342,4.12110726643605,0.0,14.449999999999818,14.449999999999818,28.899999999999636,0.5,0.0,0.5,10.449999999999818,0.0,14.449999999999818,0.0,0.0,0.0,1.0,0,1,LOSS,-14.45,SL_HIT,0,0
2026-04-01T11:45:00+00:00,XAUUSD,SELL,off_session,bullish,impulsive,bullish,secondary,sweep_reclaim_confirmation,A+,unknown,weak,0.0,85.0,4752.16,4764.0,4740.0,4720.0,4700.0,11.840000000000146,12.159999999999854,32.159999999999854,52.159999999999854,1.027027027027002,2.7162162162161705,4.405405405405339,0.0,11.840000000000146,11.840000000000146,23.68000000000029,0.5,0.0,0.5,2.1599999999998545,0.0,11.840000000000146,0.0,0.0,0.0,0.0,1,0,BREAKEVEN_WIN,12.16,BREAKEVEN_WIN,1,1
2026-04-01T12:00:00+00:00,XAUUSD,BUY,off_session,bullish,impulsive,bullish,primary,break_retest_close_confirmation,A,unknown,strong,0.0,75.0,4743.68,4716.0,4760.0,4780.0,4800.0,27.68000000000029,16.31999999999971,36.31999999999971,56.31999999999971,0.5895953757225266,1.3121387283236752,2.0346820809248234,0.0,27.68000000000029,27.68000000000029,55.36000000000058,0.5,0.0,0.5,6.319999999999709,0.0,27.68000000000029,0.0,0.0,0.0,1.0,0,1,LOSS,-27.68,SL_HIT,0,0
2026-04-01T12:00:00+00:00,XAUUSD,BUY,new_york,bullish,impulsive,bullish,primary,break_retest_close_confirmation,A,unknown,strong,0.0,75.0,4743.68,4716.0,4760.0,4780.0,4800.0,27.68000000000029,16.31999999999971,36.31999999999971,56.31999999999971,0.5895953757225266,1.3121387283236752,2.0346820809248234,0.0,27.68000000000029,27.68000000000029,55.36000000000058,0.5,0.0,0.5,6.319999999999709,0.0,27.68000000000029,0.0,0.0,0.0,1.0,1,0,BREAKEVEN_WIN,16.32,BREAKEVEN_WIN,1,1
2026-04-01T12:15:00+00:00,XAUUSD,SELL,off_session,bullish,impulsive,bullish,secondary,structure_shift_confirmation,A+,unknown,weak,0.0,85.0,4735.34,4724.0,4720.0,4700.0,4680.0,11.340000000000146,15.340000000000146,35.340000000000146,55.340000000000146,1.352733686067015,3.116402116402089,4.880070546737164,0.0,11.340000000000146,11.340000000000146,22.68000000000029,0.5,0.0,0.5,14.659999999999854,0.0,11.340000000000146,0.0,0.0,0.0,0.0,0,1,LOSS,11.34,SL_HIT,0,0
2026-04-01T12:15:00+00:00,XAUUSD,SELL,off_session,bullish,impulsive,bullish,secondary,structure_shift_confirmation,A+,unknown,weak,0.0,85.0,4735.34,4744.0,4720.0,4700.0,4680.0,8.659999999999854,15.340000000000146,35.340000000000146,55.340000000000146,1.7713625866051275,4.080831408776067,6.390300230947006,0.0,8.659999999999854,8.659999999999854,17.31999999999971,0.5,0.0,0.5,14.659999999999854,0.0,8.659999999999854,0.0,0.0,0.0,0.0,0,1,LOSS,-8.66,SL_HIT,0,0
2026-04-01T12:30:00+00:00,XAUUSD,BUY,off_session,bullish,impulsive,bullish,primary,failed_retest_confirmation,A+,unknown,strong,0.0,85.0,4747.43,4716.0,4760.0,4780.0,4800.0,31.43000000000029,12.569999999999709,32.56999999999971,52.56999999999971,0.3999363665287812,1.0362710785873182,1.672605790645855,0.0,31.43000000000029,31.43000000000029,62.86000000000058,0.5,0.0,0.5,2.569999999999709,0.0,31.43000000000029,0.0,0.0,0.0,1.0,0,1,LOSS,-31.43,SL_HIT,0,0
2026-04-01T12:30:00+00:00,XAUUSD,BUY,new_york,bullish,impulsive,bullish,primary,failed_retest_confirmation,A+,unknown,strong,0.0,85.0,4747.43,4716.0,4760.0,4780.0,4800.0,31.43000000000029,12.569999999999709,32.56999999999971,52.56999999999971,0.3999363665287812,1.0362710785873182,1.672605790645855,0.0,31.43000000000029,31.43000000000029,62.86000000000058,0.5,0.0,0.5,2.569999999999709,0.0,31.43000000000029,0.0,0.0,0.0,1.0,1,0,BREAKEVEN_WIN,12.57,BREAKEVEN_WIN,1,1
2026-04-01T12:45:00+00:00,XAUUSD,SELL,off_session,bullish,impulsive,bullish,secondary,structure_shift_confirmation,A+,unknown,weak,0.0,85.0,4724.55,4724.0,4700.0,4680.0,4660.0,0.5500000000001819,24.550000000000182,44.55000000000018,64.55000000000018,44.6363636363492,80.99999999997354,117.36363636359788,0.0,0.5500000000001819,0.5500000000001819,1.1000000000003638,0.5,0.0,0.5,24.550000000000182,0.0,0.5500000000001819,0.0,0.0,0.0,0.0,0,1,LOSS,0.55,SL_HIT,0,0
2026-04-01T12:45:00+00:00,XAUUSD,SELL,new_york,bullish,impulsive,bullish,secondary,structure_shift_confirmation,A+,unknown,weak,0.0,95.0,4724.55,4724.0,4700.0,4680.0,4660.0,0.5500000000001819,24.550000000000182,44.55000000000018,64.55000000000018,44.6363636363492,80.99999999997354,117.36363636359788,0.0,0.5500000000001819,0.5500000000001819,1.1000000000003638,0.5,0.0,0.5,24.550000000000182,0.0,0.5500000000001819,0.0,0.0,0.0,0.0,0,1,LOSS,0.55,SL_HIT,0,0
2026-04-01T13:00:00+00:00,XAUUSD,BUY,new_york,bullish,impulsive,bullish,primary,failed_retest_confirmation,A+,unknown,strong,100.0,85.0,4731.45,4696.0,4747.69,4780.0,4800.0,35.44999999999982,16.23999999999978,48.55000000000018,68.55000000000018,0.4581100141043685,1.3695345557122829,1.9337094499294931,0.0,35.44999999999982,35.44999999999982,70.89999999999964,0.92,0.0,0.92,18.550000000000182,0.0,35.44999999999982,0.0,0.0,0.0,1.0,1,0,WIN,48.55,TP1_OR_BETTER,1,1
2026-04-01T13:30:00+00:00,XAUUSD,BUY,new_york,bullish,impulsive,bullish,primary,failed_retest_confirmation,A+,unknown,strong,0.0,85.0,4743.41,4716.0,4760.0,4780.0,4800.0,27.409999999999854,16.590000000000146,36.590000000000146,56.590000000000146,0.605253557095959,1.3349142648668493,2.0645749726377396,0.0,27.409999999999854,27.409999999999854,54.81999999999971,0.5,0.0,0.5,6.5900000000001455,0.0,27.409999999999854,0.0,0.0,0.0,1.0,1,0,WIN,36.59,TP1_OR_BETTER,1,1
2026-04-01T14:00:00+00:00,XAUUSD,BUY,new_york,bullish,impulsive,bullish,primary,failed_retest_confirmation,A+,unknown,strong,0.0,85.0,4744.61,4716.0,4760.0,4780.0,4800.0,28.609999999999673,15.390000000000327,35.39000000000033,55.39000000000033,0.5379238028661483,1.2369800768962158,1.9360363509262832,0.0,28.609999999999673,28.609999999999673,57.219999999999345,0.5,0.0,0.5,5.390000000000327,0.0,28.609999999999673,0.0,0.0,0.0,1.0,1,0,WIN,35.39,TP1_OR_BETTER,1,1
2026-04-01T14:15:00+00:00,XAUUSD,BUY,new_york,bullish,impulsive,bullish,primary,break_retest_close_confirmation,A,unknown,strong,0.0,75.0,4741.94,4716.0,4753.66,4780.0,4800.0,25.9399999999996,11.720000000000255,38.0600000000004,58.0600000000004,0.45181187355437297,1.4672320740170002,2.238242097147313,0.0,25.9399999999996,25.9399999999996,51.8799999999992,0.5,0.0,0.5,8.0600000000004,0.0,25.9399999999996,0.0,0.0,0.0,1.0,1,0,STRONG_WIN,58.06,STRONG_WIN,1,1
2026-04-01T14:30:00+00:00,XAUUSD,BUY,new_york,bullish,impulsive,bullish,primary,sweep_reclaim_confirmation,A+,unknown,strong,0.0,85.0,4753.8,4736.0,4780.0,4800.0,4820.0,17.800000000000182,26.199999999999818,46.19999999999982,66.19999999999982,1.4719101123595253,2.595505617977491,3.719101123595457,0.0,17.800000000000182,17.800000000000182,35.600000000000364,0.5,0.0,0.5,3.800000000000182,0.0,17.800000000000182,0.0,0.0,0.0,1.0,1,0,WIN,46.2,TP1_OR_BETTER,1,1
2026-04-01T14:30:00+00:00,XAUUSD,BUY,new_york,bullish,impulsive,bullish,primary,sweep_reclaim_confirmation,A+,unknown,strong,0.0,85.0,4753.8,4736.0,4780.0,4800.0,4820.0,17.800000000000182,26.199999999999818,46.19999999999982,66.19999999999982,1.4719101123595253,2.595505617977491,3.719101123595457,0.0,17.800000000000182,17.800000000000182,35.600000000000364,0.5,0.0,0.5,3.800000000000182,0.0,17.800000000000182,0.0,0.0,0.0,1.0,1,0,BREAKEVEN_WIN,26.2,BREAKEVEN_WIN,1,1
2026-04-01T14:45:00+00:00,XAUUSD,BUY,new_york,bullish,impulsive,bullish,primary,structure_shift_confirmation,A+,unknown,strong,0.0,85.0,4760.85,4746.0,4780.0,4800.0,4820.0,14.850000000000364,19.149999999999636,39.149999999999636,59.149999999999636,1.2895622895622334,2.6363636363635474,3.983164983164861,0.0,14.850000000000364,14.850000000000364,29.700000000000728,0.5,0.0,0.5,10.850000000000364,0.0,14.850000000000364,0.0,0.0,0.0,1.0,1,1,LOSS,-14.85,SL_HIT,0,1
2026-04-01T15:00:00+00:00,XAUUSD,BUY,new_york,bullish,impulsive,bullish,primary,failed_retest_confirmation,A+,unknown,strong,0.0,85.0,4764.75,4746.0,4780.0,4800.0,4820.0,18.75,15.25,35.25,55.25,0.8133333333333334,1.88,2.9466666666666668,0.0,18.75,18.75,37.5,0.5,0.0,0.5,14.75,0.0,18.75,0.0,0.0,0.0,1.0,1,1,LOSS,-18.75,SL_HIT,0,1
2026-04-01T15:00:00+00:00,XAUUSD,BUY,new_york,bullish,impulsive,bullish,primary,failed_retest_confirmation,A+,unknown,strong,0.0,85.0,4764.75,4746.0,4780.0,4800.0,4820.0,18.75,15.25,35.25,55.25,0.8133333333333334,1.88,2.9466666666666668,0.0,18.75,18.75,37.5,0.5,0.0,0.5,14.75,0.0,18.75,0.0,0.0,0.0,1.0,1,0,BREAKEVEN_WIN,15.25,BREAKEVEN_WIN,1,1
2026-04-01T15:30:00+00:00,XAUUSD,BUY,new_york,bullish,impulsive,bullish,primary,structure_shift_confirmation,A+,unknown,strong,0.0,85.0,4785.74,4756.0,4800.0,4820.0,4840.0,29.73999999999978,14.260000000000218,34.26000000000022,54.26000000000022,0.4794889038332321,1.1519838601210648,1.8244788164088976,0.0,29.73999999999978,29.73999999999978,59.47999999999956,0.5,0.0,0.5,14.260000000000218,0.0,29.73999999999978,0.0,0.0,0.0,1.0,0,1,LOSS,-29.74,SL_HIT,0,0
2026-04-01T16:30:00+00:00,XAUUSD,BUY,off_session,bullish,impulsive,bullish,primary,failed_retest_confirmation,A+,unknown,strong,0.0,85.0,4784.37,4756.0,4800.0,4820.0,4840.0,28.36999999999989,15.63000000000011,35.63000000000011,55.63000000000011,0.5509340853013807,1.2559041240747355,1.9608741628480904,0.0,28.36999999999989,28.36999999999989,56.73999999999978,0.5,0.0,0.5,15.63000000000011,0.0,28.36999999999989,0.0,0.0,0.0,1.0,0,1,LOSS,-28.37,SL_HIT,0,0
2026-04-01T17:30:00+00:00,XAUUSD,BUY,off_session,bullish,impulsive,bullish,primary,break_retest_close_confirmation,A,unknown,strong,0.0,75.0,4781.9,4756.0,4800.0,4820.0,4840.0,25.899999999999636,18.100000000000364,38.100000000000364,58.100000000000364,0.6988416988417228,1.4710424710425059,2.2432432432432887,0.0,25.899999999999636,25.899999999999636,51.79999999999927,0.5,0.0,0.5,18.100000000000364,0.0,25.899999999999636,0.0,0.0,0.0,1.0,0,1,LOSS,-25.9,SL_HIT,0,0
2026-04-01T17:30:00+00:00,XAUUSD,BUY,off_session,bullish,impulsive,bullish,primary,break_retest_close_confirmation,A,unknown,strong,0.0,85.0,4781.9,4756.0,4800.0,4820.0,4840.0,25.899999999999636,18.100000000000364,38.100000000000364,58.100000000000364,0.6988416988417228,1.4710424710425059,2.2432432432432887,0.0,25.899999999999636,25.899999999999636,51.79999999999927,0.5,0.0,0.5,18.100000000000364,0.0,25.899999999999636,0.0,0.0,0.0,1.0,0,1,LOSS,-25.9,SL_HIT,0,0
2026-04-01T17:45:00+00:00,XAUUSD,SELL,off_session,bullish,impulsive,bullish,secondary,structure_shift_confirmation,A+,unknown,weak,0.0,85.0,4774.41,4764.0,4760.0,4740.0,4720.0,10.409999999999854,14.409999999999854,34.409999999999854,54.409999999999854,1.384245917387133,3.305475504322799,5.226705091258465,0.0,10.409999999999854,10.409999999999854,20.81999999999971,0.5,0.0,0.5,24.409999999999854,0.0,10.409999999999854,0.0,0.0,0.0,0.0,0,1,LOSS,10.41,SL_HIT,0,0
2026-04-01T17:45:00+00:00,XAUUSD,SELL,off_session,bullish,impulsive,bullish,secondary,sweep_reclaim_confirmation,A+,unknown,weak,0.0,95.0,4774.41,4784.0,4760.0,4740.0,4720.0,9.590000000000146,14.409999999999854,34.409999999999854,54.409999999999854,1.502606882168888,3.588112617309628,5.673618352450368,0.0,9.590000000000146,9.590000000000146,19.18000000000029,0.5,0.0,0.5,24.409999999999854,0.0,9.590000000000146,0.0,0.0,0.0,0.0,1,0,BREAKEVEN_WIN,14.41,BREAKEVEN_WIN,1,1
2026-04-01T18:00:00+00:00,XAUUSD,BUY,off_session,bullish,impulsive,bullish,primary,break_retest_close_confirmation,A,unknown,strong,0.0,75.0,4771.22,4746.0,4788.33,4820.0,4840.0,25.220000000000255,17.109999999999673,48.779999999999745,68.77999999999975,0.6784298176050555,1.9341792228389871,2.7272006344170916,0.0,25.220000000000255,25.220000000000255,50.44000000000051,0.5,0.0,0.5,21.220000000000255,0.0,25.220000000000255,0.0,0.0,0.0,1.0,0,1,LOSS,-25.22,SL_HIT,0,0
2026-04-01T18:00:00+00:00,XAUUSD,SELL,off_session,bullish,impulsive,bullish,secondary,structure_shift_confirmation,A+,unknown,weak,0.0,85.0,4771.22,4764.0,4760.0,4740.0,4720.0,7.220000000000255,11.220000000000255,31.220000000000255,51.220000000000255,1.5540166204985955,4.324099722991573,7.09418282548455,0.0,7.220000000000255,7.220000000000255,14.44000000000051,0.5,0.0,0.5,21.220000000000255,0.0,7.220000000000255,0.0,0.0,0.0,0.0,0,1,LOSS,7.22,SL_HIT,0,0
2026-04-01T18:00:00+00:00,XAUUSD,BUY,off_session,bullish,range,bullish,primary,break_retest_close_confirmation,A,unknown,strong,0.0,85.0,4771.22,4746.0,4788.33,4820.0,4840.0,25.220000000000255,17.109999999999673,48.779999999999745,68.77999999999975,0.6784298176050555,1.9341792228389871,2.7272006344170916,0.0,25.220000000000255,25.220000000000255,50.44000000000051,0.5,0.0,0.5,21.220000000000255,0.0,25.220000000000255,0.0,0.0,0.0,1.0,1,0,BREAKEVEN_WIN,17.11,BREAKEVEN_WIN,1,1
2026-04-01T18:00:00+00:00,XAUUSD,SELL,off_session,bullish,impulsive,bullish,secondary,structure_shift_confirmation,A+,unknown,weak,0.0,95.0,4771.22,4764.0,4760.0,4740.0,4720.0,7.220000000000255,11.220000000000255,31.220000000000255,51.220000000000255,1.5540166204985955,4.324099722991573,7.09418282548455,0.0,7.220000000000255,7.220000000000255,14.44000000000051,0.5,0.0,0.5,21.220000000000255,0.0,7.220000000000255,0.0,0.0,0.0,0.0,1,0,BREAKEVEN_WIN,11.22,BREAKEVEN_WIN,1,1
2026-04-01T18:15:00+00:00,XAUUSD,SELL,off_session,bullish,impulsive,bullish,secondary,structure_shift_confirmation,A+,unknown,weak,0.0,85.0,4754.11,4754.0,4740.0,4720.0,4700.0,0.10999999999967258,14.109999999999673,34.10999999999967,54.10999999999967,128.2727272731061,310.09090909182913,491.9090909105521,0.0,0.10999999999967258,0.10999999999967258,0.21999999999934516,0.5,0.0,0.5,4.109999999999673,0.0,0.10999999999967258,0.0,0.0,0.0,0.0,0,1,LOSS,0.11,SL_HIT,0,0
2026-04-01T18:15:00+00:00,XAUUSD,SELL,off_session,bullish,impulsive,bullish,secondary,structure_shift_confirmation,A+,unknown,weak,0.0,95.0,4754.11,4754.0,4740.0,4720.0,4700.0,0.10999999999967258,14.109999999999673,34.10999999999967,54.10999999999967,128.2727272731061,310.09090909182913,491.9090909105521,0.0,0.10999999999967258,0.10999999999967258,0.21999999999934516,0.5,0.0,0.5,4.109999999999673,0.0,0.10999999999967258,0.0,0.0,0.0,0.0,0,1,LOSS,0.11,SL_HIT,0,0
2026-04-01T18:30:00+00:00,XAUUSD,BUY,off_session,bullish,impulsive,bullish,primary,failed_retest_confirmation,A+,unknown,strong,0.0,85.0,4756.7,4736.0,4768.78,4800.0,4820.0,20.699999999999818,12.079999999999927,43.30000000000018,63.30000000000018,0.5835748792270548,2.0917874396135536,3.0579710144927894,0.0,20.699999999999818,20.699999999999818,41.399999999999636,0.5,0.0,0.5,6.699999999999818,0.0,20.699999999999818,0.0,0.0,0.0,1.0,1,1,LOSS,-20.7,SL_HIT,0,1
2026-04-01T18:30:00+00:00,XAUUSD,BUY,off_session,bullish,impulsive,bullish,primary,failed_retest_confirmation,A+,unknown,strong,0.0,95.0,4756.7,4736.0,4768.78,4800.0,4820.0,20.699999999999818,12.079999999999927,43.30000000000018,63.30000000000018,0.5835748792270548,2.0917874396135536,3.0579710144927894,0.0,20.699999999999818,20.699999999999818,41.399999999999636,0.5,0.0,0.5,6.699999999999818,0.0,20.699999999999818,0.0,0.0,0.0,1.0,1,0,BREAKEVEN_WIN,12.08,BREAKEVEN_WIN,1,1
2026-04-01T18:45:00+00:00,XAUUSD,SELL,off_session,bullish,impulsive,bullish,secondary,engulfing_level_confirmation,A,unknown,weak,0.0,75.0,4753.24,4754.0,4740.0,4720.0,4700.0,0.7600000000002183,13.239999999999782,33.23999999999978,53.23999999999978,17.421052631573655,43.73684210525031,70.05263157892696,0.0,0.7600000000002183,0.7600000000002183,1.5200000000004366,0.5,0.0,0.5,3.2399999999997817,0.0,0.7600000000002183,0.0,0.0,0.0,0.0,0,1,LOSS,-0.76,SL_HIT,0,0
2026-04-01T18:45:00+00:00,XAUUSD,SELL,off_session,bullish,impulsive,bullish,secondary,engulfing_level_confirmation,A,unknown,weak,0.0,75.0,4753.24,4754.0,4740.0,4720.0,4700.0,0.7600000000002183,13.239999999999782,33.23999999999978,53.23999999999978,17.421052631573655,43.73684210525031,70.05263157892696,0.0,0.7600000000002183,0.7600000000002183,1.5200000000004366,0.5,0.0,0.5,3.2399999999997817,0.0,0.7600000000002183,0.0,0.0,0.0,0.0,0,1,LOSS,-0.76,SL_HIT,0,0
2026-04-01T19:15:00+00:00,XAUUSD,BUY,off_session,bullish,impulsive,bullish,primary,failed_retest_confirmation,A+,unknown,strong,0.0,85.0,4765.65,4746.0,4778.12,4800.0,4820.0,19.649999999999636,12.470000000000255,34.350000000000364,54.350000000000364,0.6346055979644013,1.748091603053486,2.7659033078881103,0.0,19.649999999999636,19.649999999999636,39.29999999999927,0.5,0.0,0.5,15.649999999999636,0.0,19.649999999999636,0.0,0.0,0.0,1.0,1,1,LOSS,-19.65,SL_HIT,0,1
2026-04-01T19:45:00+00:00,XAUUSD,BUY,off_session,bullish,impulsive,bullish,primary,break_retest_close_confirmation,A,unknown,strong,0.0,75.0,4766.1,4746.0,4778.12,4800.0,4820.0,20.100000000000364,12.019999999999527,33.899999999999636,53.899999999999636,0.5980099502487218,1.6865671641790558,2.6815920398009285,0.0,20.100000000000364,20.100000000000364,40.20000000000073,0.5,0.0,0.5,16.100000000000364,0.0,20.100000000000364,0.0,0.0,0.0,1.0,1,1,LOSS,-20.1,SL_HIT,0,1
2026-04-01T19:45:00+00:00,XAUUSD,BUY,asia,neutral,range,neutral,primary,break_retest_close_confirmation,A,unknown,weak,85.0,75.0,4766.1,4744.0,4788.33,4820.0,4840.0,22.1,22.2,53.9,73.9,1.01,2.44,3.34,0.0,22.1,22.1,44.2,0.5,0.0,0.5,16.100000000000364,0.0,16.100000000000364,0.0,0.0,0.0,0.0,1,0,BREAKEVEN_WIN,0.0,BREAKEVEN_WIN,1,1
2026-04-01T19:45:00+00:00,XAUUSD,BUY,asia,neutral,range,neutral,primary,break_retest_close_confirmation,A,unknown,weak,85.0,75.0,4766.1,4744.0,4788.33,4820.0,4840.0,22.1,22.2,53.9,73.9,1.01,2.44,3.34,0.0,22.1,22.1,44.2,0.5,0.0,0.5,16.100000000000364,0.0,16.100000000000364,0.0,0.0,0.0,0.0,1,0,BREAKEVEN_WIN,0.0,BREAKEVEN_WIN,1,1
2026-04-01T20:15:00+00:00,XAUUSD,SELL,off_session,bullish,impulsive,bullish,secondary,engulfing_level_confirmation,A,unknown,weak,0.0,75.0,4762.2,4764.0,4750.0,4720.0,4700.0,1.800000000000182,12.199999999999818,42.19999999999982,62.19999999999982,6.777777777776992,23.444444444441974,34.55555555555196,0.0,1.800000000000182,1.800000000000182,3.600000000000364,0.5,0.0,0.5,12.199999999999818,0.0,1.800000000000182,0.0,0.0,0.0,0.0,0,1,LOSS,-1.8,SL_HIT,0,0
2026-04-01T20:15:00+00:00,XAUUSD,SELL,off_session,bullish,impulsive,bullish,secondary,engulfing_level_confirmation,A,unknown,weak,0.0,85.0,4762.2,4764.0,4750.0,4720.0,4700.0,1.800000000000182,12.199999999999818,42.19999999999982,62.19999999999982,6.777777777776992,23.444444444441974,34.55555555555196,0.0,1.800000000000182,1.800000000000182,3.600000000000364,0.5,0.0,0.5,12.199999999999818,0.0,1.800000000000182,0.0,0.0,0.0,0.0,0,1,LOSS,-1.8,SL_HIT,0,0
2026-04-01T22:15:00+00:00,XAUUSD,BUY,off_session,bullish,impulsive,bullish,primary,structure_shift_confirmation,A+,unknown,strong,0.0,85.0,4772.73,4746.0,4788.33,4820.0,4840.0,26.729999999999563,15.600000000000364,47.27000000000044,67.27000000000044,0.5836139169472734,1.768424990647258,2.516647961092463,0.0,26.729999999999563,26.729999999999563,53.45999999999913,0.5,0.0,0.5,22.729999999999563,0.0,26.729999999999563,0.0,0.0,0.0,1.0,1,1,LOSS,-26.73,SL_HIT,0,1
2026-04-01T22:15:00+00:00,XAUUSD,BUY,off_session,bullish,range,bullish,primary,structure_shift_confirmation,A+,unknown,strong,0.0,85.0,4772.73,4746.0,4788.33,4820.0,4840.0,26.729999999999563,15.600000000000364,47.27000000000044,67.27000000000044,0.5836139169472734,1.768424990647258,2.516647961092463,0.0,26.729999999999563,26.729999999999563,53.45999999999913,0.5,0.0,0.5,22.729999999999563,0.0,26.729999999999563,0.0,0.0,0.0,1.0,1,0,BREAKEVEN_WIN,15.6,BREAKEVEN_WIN,1,1
2026-04-01T23:45:00+00:00,XAUUSD,BUY,off_session,bullish,range,bullish,primary,break_retest_close_confirmation,A,unknown,strong,0.0,70.0,4784.15,4756.0,4800.0,4820.0,4840.0,28.149999999999636,15.850000000000364,35.850000000000364,55.850000000000364,0.5630550621669829,1.2735346358792479,1.9840142095915128,0.0,28.149999999999636,28.149999999999636,56.29999999999927,0.5,0.0,0.5,15.850000000000364,0.0,28.149999999999636,0.0,0.0,0.0,1.0,0,1,LOSS,-28.15,SL_HIT,0,0
2026-04-02T01:00:00+00:00,XAUUSD,SELL,asia,neutral,range,neutral,primary,sweep_reclaim_confirmation,A+,unknown,weak,0.0,85.0,4750.67,4784.0,4740.0,4720.0,4700.0,33.32999999999993,10.670000000000073,30.670000000000073,50.67000000000007,0.320132013201323,0.9201920192019244,1.5202520252025258,0.0,33.32999999999993,33.32999999999993,66.65999999999985,0.5,0.0,0.5,0.6700000000000728,0.0,33.32999999999993,0.0,0.0,0.0,0.0,1,0,STRONG_WIN,50.67,STRONG_WIN,1,1
2026-04-02T01:00:00+00:00,XAUUSD,SELL,asia,neutral,range,neutral,primary,sweep_reclaim_confirmation,A+,unknown,weak,0.0,85.0,4750.67,4784.0,4740.0,4720.0,4700.0,33.32999999999993,10.670000000000073,30.670000000000073,50.67000000000007,0.320132013201323,0.9201920192019244,1.5202520252025258,0.0,33.32999999999993,33.32999999999993,66.65999999999985,0.5,0.0,0.5,0.6700000000000728,0.0,33.32999999999993,0.0,0.0,0.0,0.0,1,0,STRONG_WIN,50.67,STRONG_WIN,1,1
2026-04-02T01:00:00+00:00,XAUUSD,SELL,asia,neutral,range,neutral,primary,sweep_reclaim_confirmation,A+,unknown,weak,0.0,85.0,4750.67,4784.0,4740.0,4720.0,4700.0,33.32999999999993,10.670000000000073,30.670000000000073,50.67000000000007,0.320132013201323,0.9201920192019244,1.5202520252025258,0.0,33.32999999999993,33.32999999999993,66.65999999999985,0.5,0.0,0.5,0.6700000000000728,0.0,33.32999999999993,0.0,0.0,0.0,0.0,1,0,STRONG_WIN,50.67,STRONG_WIN,1,1
2026-04-02T01:15:00+00:00,XAUUSD,SELL,asia,neutral,range,neutral,primary,sweep_reclaim_confirmation,A+,unknown,weak,100.0,85.0,4697.02,4724.0,4680.0,4660.0,4640.0,26.979999999999563,17.020000000000437,37.02000000000044,57.02000000000044,0.6308376575241184,1.372127501853263,2.1134173461824077,0.0,26.979999999999563,26.979999999999563,53.95999999999913,0.92,0.0,0.92,2.9799999999995634,0.0,26.979999999999563,0.0,0.0,0.0,0.0,1,0,STRONG_WIN,57.02,STRONG_WIN,1,1
2026-04-02T01:15:00+00:00,XAUUSD,SELL,asia,neutral,range,neutral,primary,sweep_reclaim_confirmation,A+,unknown,weak,100.0,95.0,4697.02,4724.0,4680.0,4660.0,4640.0,26.979999999999563,17.020000000000437,37.02000000000044,57.02000000000044,0.6308376575241184,1.372127501853263,2.1134173461824077,0.0,26.979999999999563,26.979999999999563,53.95999999999913,0.92,0.0,0.92,2.9799999999995634,0.0,26.979999999999563,0.0,0.0,0.0,0.0,1,0,BREAKEVEN_WIN,17.02,BREAKEVEN_WIN,1,1
2026-04-02T01:15:00+00:00,XAUUSD,SELL,asia,neutral,range,neutral,primary,sweep_reclaim_confirmation,A+,unknown,weak,100.0,95.0,4697.02,4724.0,4680.0,4660.0,4640.0,26.979999999999563,17.020000000000437,37.02000000000044,57.02000000000044,0.6308376575241184,1.372127501853263,2.1134173461824077,0.0,26.979999999999563,26.979999999999563,53.95999999999913,0.92,0.0,0.92,2.9799999999995634,0.0,26.979999999999563,0.0,0.0,0.0,0.0,1,0,BREAKEVEN_WIN,17.02,BREAKEVEN_WIN,1,1
2026-04-02T01:30:00+00:00,XAUUSD,SELL,asia,neutral,range,neutral,primary,failed_retest_confirmation,A+,unknown,weak,100.0,85.0,4689.87,4724.0,4674.74,4650.4,4620.0,34.13000000000011,15.13000000000011,39.470000000000255,69.86999999999989,0.4433050102549095,1.156460591854677,2.0471725754468113,0.0,34.13000000000011,34.13000000000011,68.26000000000022,0.92,0.0,0.92,10.13000000000011,0.0,34.13000000000011,0.0,0.0,0.0,0.0,1,0,STRONG_WIN,69.87,STRONG_WIN,1,1
2026-04-02T01:30:00+00:00,XAUUSD,SELL,asia,bearish,impulsive,bearish,primary,failed_retest_confirmation,A+,unknown,strong,85.0,85.0,4689.87,4726.0,4650.4,4620.0,4600.0,36.1,39.5,69.9,89.9,1.09,1.93,2.49,1.0,36.1,36.1,72.2,0.92,0.0,0.92,10.13000000000011,15.13000000000011,30.13000000000011,0.0,0.0,0.0,1.0,1,0,STRONG_WIN,89.87,STRONG_WIN,1,1
2026-04-02T01:30:00+00:00,XAUUSD,SELL,asia,bearish,impulsive,bearish,primary,failed_retest_confirmation,A+,unknown,strong,100.0,85.0,4689.87,4724.0,4674.74,4650.4,4620.0,34.13000000000011,15.13000000000011,39.470000000000255,69.86999999999989,0.4433050102549095,1.156460591854677,2.0471725754468113,0.0,34.13000000000011,34.13000000000011,68.26000000000022,0.92,0.0,0.92,10.13000000000011,0.0,34.13000000000011,0.0,0.0,0.0,1.0,1,0,BREAKEVEN_WIN,15.13,BREAKEVEN_WIN,1,1
2026-04-02T01:45:00+00:00,XAUUSD,SELL,asia,neutral,range,neutral,primary,break_retest_close_confirmation,A,unknown,weak,100.0,75.0,4696.59,4724.0,4680.0,4660.0,4640.0,27.409999999999854,16.590000000000146,36.590000000000146,56.590000000000146,0.605253557095959,1.3349142648668493,2.0645749726377396,0.0,27.409999999999854,27.409999999999854,54.81999999999971,0.92,0.0,0.92,3.4099999999998545,0.0,27.409999999999854,0.0,0.0,0.0,0.0,1,0,STRONG_WIN,56.59,STRONG_WIN,1,1
2026-04-02T01:45:00+00:00,XAUUSD,SELL,asia,neutral,range,neutral,primary,break_retest_close_confirmation,A,unknown,weak,55.0,75.0,4696.59,4724.0,4680.0,4660.0,4640.0,27.409999999999854,16.590000000000146,36.590000000000146,56.590000000000146,0.605253557095959,1.3349142648668493,2.0645749726377396,0.0,27.409999999999854,27.409999999999854,54.81999999999971,0.92,0.0,0.92,3.4099999999998545,0.0,27.409999999999854,0.0,0.0,0.0,0.0,1,0,BREAKEVEN_WIN,16.59,BREAKEVEN_WIN,1,1
2026-04-02T01:45:00+00:00,XAUUSD,SELL,asia,neutral,range,neutral,primary,break_retest_close_confirmation,A,unknown,weak,100.0,75.0,4696.59,4724.0,4680.0,4660.0,4640.0,27.409999999999854,16.590000000000146,36.590000000000146,56.590000000000146,0.605253557095959,1.3349142648668493,2.0645749726377396,0.0,27.409999999999854,27.409999999999854,54.81999999999971,0.92,0.0,0.92,3.4099999999998545,0.0,27.409999999999854,0.0,0.0,0.0,0.0,1,0,BREAKEVEN_WIN,16.59,BREAKEVEN_WIN,1,1
2026-04-02T02:00:00+00:00,XAUUSD,SELL,asia,neutral,range,neutral,primary,failed_retest_confirmation,A+,unknown,weak,100.0,85.0,4688.74,4724.0,4660.0,4640.0,4620.0,35.26000000000022,28.73999999999978,48.73999999999978,68.73999999999978,0.8150879183210324,1.382302892796355,1.9495178672716778,0.0,35.26000000000022,35.26000000000022,70.52000000000044,0.92,0.0,0.92,11.260000000000218,0.0,35.26000000000022,0.0,0.0,0.0,0.0,1,0,STRONG_WIN,68.74,STRONG_WIN,1,1
2026-04-02T02:15:00+00:00,XAUUSD,SELL,asia,neutral,range,neutral,primary,break_retest_close_confirmation,A,unknown,weak,100.0,75.0,4689.96,4724.0,4660.0,4640.0,4620.0,34.039999999999964,29.960000000000036,49.960000000000036,69.96000000000004,0.8801410105757952,1.4676850763807312,2.055229142185667,0.0,34.039999999999964,34.039999999999964,68.07999999999993,0.92,0.0,0.92,10.039999999999964,0.0,34.039999999999964,0.0,0.0,0.0,0.0,1,0,STRONG_WIN,69.96,STRONG_WIN,1,1
2026-04-02T02:30:00+00:00,XAUUSD,SELL,asia,neutral,range,neutral,primary,structure_shift_confirmation,A+,unknown,weak,95.0,85.0,4675.87,4704.0,4660.0,4640.0,4620.0,28.13000000000011,15.86999999999989,35.86999999999989,55.86999999999989,0.5641663704230299,1.2751510842516798,1.9861357980803296,0.0,28.13000000000011,28.13000000000011,56.26000000000022,0.94,0.0,0.94,24.13000000000011,0.0,28.13000000000011,0.0,0.0,0.0,0.0,1,0,STRONG_WIN,55.87,STRONG_WIN,1,1
2026-04-02T03:15:00+00:00,XAUUSD,BUY,asia,neutral,range,neutral,secondary,structure_shift_confirmation,A+,unknown,weak,0.0,85.0,4691.67,4716.0,4720.0,4740.0,4780.0,24.329999999999927,28.329999999999927,48.32999999999993,88.32999999999993,1.1644060830250724,1.9864364981504345,3.630497328401159,0.0,24.329999999999927,24.329999999999927,48.659999999999854,0.5,0.0,0.5,8.329999999999927,0.0,24.329999999999927,0.0,0.0,0.0,0.0,0,1,LOSS,24.33,SL_HIT,0,0
2026-04-02T03:15:00+00:00,XAUUSD,BUY,asia,neutral,range,neutral,secondary,structure_shift_confirmation,A+,unknown,weak,0.0,85.0,4691.67,4716.0,4720.0,4740.0,4780.0,24.329999999999927,28.329999999999927,48.32999999999993,88.32999999999993,1.1644060830250724,1.9864364981504345,3.630497328401159,0.0,24.329999999999927,24.329999999999927,48.659999999999854,0.5,0.0,0.5,8.329999999999927,0.0,24.329999999999927,0.0,0.0,0.0,0.0,0,1,LOSS,24.33,SL_HIT,0,0
2026-04-02T03:45:00+00:00,XAUUSD,SELL,asia,neutral,range,neutral,primary,structure_shift_confirmation,A+,unknown,weak,95.0,85.0,4676.13,4704.0,4660.0,4640.0,4620.0,27.86999999999989,16.13000000000011,36.13000000000011,56.13000000000011,0.5787585217079358,1.2963760315751793,2.013993541442423,0.0,27.86999999999989,27.86999999999989,55.73999999999978,0.94,0.0,0.94,23.86999999999989,0.0,27.86999999999989,0.0,0.0,0.0,0.0,1,0,STRONG_WIN,56.13,STRONG_WIN,1,1
2026-04-02T04:00:00+00:00,XAUUSD,SELL,asia,bearish,impulsive,bearish,primary,structure_shift_confirmation,A+,unknown,strong,95.0,85.0,4668.47,4704.0,4655.03,4620.0,4600.0,35.529999999999745,13.44000000000051,48.470000000000255,68.47000000000025,0.37827188291586283,1.364199268224053,1.9271038558964466,0.0,35.529999999999745,35.529999999999745,71.05999999999949,0.94,0.0,0.94,18.470000000000255,0.0,35.529999999999745,0.0,0.0,0.0,1.0,1,0,STRONG_WIN,68.47,STRONG_WIN,1,1
2026-04-02T04:00:00+00:00,XAUUSD,SELL,asia,bearish,impulsive,bearish,primary,structure_shift_confirmation,A+,unknown,strong,95.0,85.0,4668.47,4704.0,4655.03,4620.0,4600.0,35.529999999999745,13.44000000000051,48.470000000000255,68.47000000000025,0.37827188291586283,1.364199268224053,1.9271038558964466,0.0,35.529999999999745,35.529999999999745,71.05999999999949,0.94,0.0,0.94,18.470000000000255,0.0,35.529999999999745,0.0,0.0,0.0,1.0,1,0,BREAKEVEN_WIN,13.44,BREAKEVEN_WIN,1,1
2026-04-02T05:15:00+00:00,XAUUSD,BUY,asia,bearish,impulsive,bearish,secondary,structure_shift_confirmation,A+,unknown,weak,0.0,85.0,4677.22,4696.0,4700.0,4720.0,4740.0,18.779999999999745,22.779999999999745,42.779999999999745,62.779999999999745,1.2129925452609187,2.2779552715655127,3.3429179978701065,0.0,18.779999999999745,18.779999999999745,37.55999999999949,0.5,0.0,0.5,22.779999999999745,0.0,18.779999999999745,0.0,0.0,0.0,0.0,0,1,LOSS,18.78,SL_HIT,0,0
2026-04-02T05:15:00+00:00,XAUUSD,SELL,asia,bearish,impulsive,bearish,primary,break_retest_close_confirmation,A,unknown,strong,95.0,75.0,4677.22,4704.0,4660.0,4640.0,4620.0,26.779999999999745,17.220000000000255,37.220000000000255,57.220000000000255,0.6430171769977752,1.3898431665422184,2.1366691560866617,0.0,26.779999999999745,26.779999999999745,53.55999999999949,0.94,0.0,0.94,22.779999999999745,0.0,26.779999999999745,0.0,0.0,0.0,1.0,1,0,STRONG_WIN,57.22,STRONG_WIN,1,1
2026-04-02T05:15:00+00:00,XAUUSD,BUY,asia,bearish,impulsive,bearish,secondary,structure_shift_confirmation,A+,unknown,weak,0.0,95.0,4677.22,4696.0,4700.0,4720.0,4740.0,18.779999999999745,22.779999999999745,42.779999999999745,62.779999999999745,1.2129925452609187,2.2779552715655127,3.3429179978701065,0.0,18.779999999999745,18.779999999999745,37.55999999999949,0.5,0.0,0.5,22.779999999999745,0.0,18.779999999999745,0.0,0.0,0.0,0.0,0,1,LOSS,18.78,SL_HIT,0,0
2026-04-02T05:15:00+00:00,XAUUSD,SELL,asia,bearish,impulsive,bearish,primary,break_retest_close_confirmation,A,unknown,strong,95.0,85.0,4677.22,4704.0,4660.0,4640.0,4620.0,26.779999999999745,17.220000000000255,37.220000000000255,57.220000000000255,0.6430171769977752,1.3898431665422184,2.1366691560866617,0.0,26.779999999999745,26.779999999999745,53.55999999999949,0.94,0.0,0.94,22.779999999999745,0.0,26.779999999999745,0.0,0.0,0.0,1.0,1,0,WIN,37.22,TP1_OR_BETTER,1,1
2026-04-02T05:30:00+00:00,XAUUSD,SELL,london,bearish,impulsive,bearish,primary,sweep_reclaim_confirmation,A+,unknown,strong,100.0,95.0,4634.01,4656.0,4600.0,4580.0,4560.0,22.0,34.0,54.0,74.0,1.55,2.46,3.37,0.0,22.0,22.0,44.0,0.96,0.0,0.96,15.989999999999782,0.0,15.989999999999782,0.0,0.0,0.0,1.0,1,0,BREAKEVEN_WIN,0.0,BREAKEVEN_WIN,1,1
2026-04-02T05:30:00+00:00,XAUUSD,SELL,london,bearish,impulsive,bearish,primary,sweep_reclaim_confirmation,A+,unknown,strong,100.0,95.0,4634.01,4656.0,4600.0,4580.0,4560.0,22.0,34.0,54.0,74.0,1.55,2.46,3.37,0.0,22.0,22.0,44.0,0.96,0.0,0.96,15.989999999999782,0.0,15.989999999999782,0.0,0.0,0.0,1.0,1,0,BREAKEVEN_WIN,0.0,BREAKEVEN_WIN,1,1
2026-04-02T05:30:00+00:00,XAUUSD,SELL,asia,bearish,impulsive,bearish,primary,sweep_reclaim_confirmation,A+,unknown,strong,65.0,85.0,4634.01,4654.0,4620.0,4600.0,4580.0,19.98999999999978,14.010000000000218,34.01000000000022,54.01000000000022,0.7008504252126249,1.7013506753376983,2.7018509254627716,0.0,19.98999999999978,19.98999999999978,39.97999999999956,0.96,0.0,0.96,15.989999999999782,0.0,19.98999999999978,0.0,0.0,0.0,1.0,1,0,STRONG_WIN,54.01,STRONG_WIN,1,1
2026-04-02T05:30:00+00:00,XAUUSD,SELL,london,bearish,impulsive,bearish,primary,sweep_reclaim_confirmation,A+,unknown,strong,100.0,95.0,4634.01,4656.0,4600.0,4580.0,4560.0,22.0,34.0,54.0,74.0,1.55,2.46,3.37,0.0,22.0,22.0,44.0,0.96,0.0,0.96,15.989999999999782,0.0,15.989999999999782,0.0,0.0,0.0,1.0,1,0,BREAKEVEN_WIN,0.0,BREAKEVEN_WIN,1,1
2026-04-02T05:30:00+00:00,XAUUSD,SELL,london,bearish,impulsive,bearish,primary,sweep_reclaim_confirmation,A+,unknown,strong,100.0,95.0,4634.01,4656.0,4600.0,4580.0,4560.0,22.0,34.0,54.0,74.0,1.55,2.46,3.37,0.0,22.0,22.0,44.0,0.96,0.0,0.96,15.989999999999782,0.0,15.989999999999782,0.0,0.0,0.0,1.0,1,0,BREAKEVEN_WIN,0.0,BREAKEVEN_WIN,1,1
2026-04-02T05:30:00+00:00,XAUUSD,SELL,asia,bearish,impulsive,bearish,primary,sweep_reclaim_confirmation,A+,unknown,strong,65.0,95.0,4634.01,4654.0,4620.0,4600.0,4580.0,19.98999999999978,14.010000000000218,34.01000000000022,54.01000000000022,0.7008504252126249,1.7013506753376983,2.7018509254627716,0.0,19.98999999999978,19.98999999999978,39.97999999999956,0.96,0.0,0.96,15.989999999999782,0.0,19.98999999999978,0.0,0.0,0.0,1.0,1,0,WIN,34.01,TP1_OR_BETTER,1,1
2026-04-02T05:30:00+00:00,XAUUSD,SELL,london,bearish,impulsive,bearish,primary,sweep_reclaim_confirmation,A+,unknown,strong,105.0,95.0,4634.01,4656.0,4600.0,4580.0,4560.0,22.0,34.0,54.0,74.0,1.55,2.46,3.37,0.0,22.0,22.0,44.0,0.96,0.0,0.96,15.989999999999782,0.0,15.989999999999782,0.0,0.0,0.0,1.0,1,0,BREAKEVEN_WIN,0.0,BREAKEVEN_WIN,1,1
2026-04-02T05:30:00+00:00,XAUUSD,SELL,london,bearish,impulsive,bearish,primary,sweep_reclaim_confirmation,A+,unknown,strong,105.0,95.0,4634.01,4656.0,4600.0,4580.0,4560.0,22.0,34.0,54.0,74.0,1.55,2.46,3.37,0.0,22.0,22.0,44.0,0.96,0.0,0.96,15.989999999999782,0.0,15.989999999999782,0.0,0.0,0.0,1.0,1,0,BREAKEVEN_WIN,0.0,BREAKEVEN_WIN,1,1
2026-04-02T05:45:00+00:00,XAUUSD,SELL,asia,bearish,impulsive,bearish,primary,sweep_reclaim_confirmation,A+,unknown,strong,85.0,85.0,4594.06,4624.0,4580.0,4560.0,4540.0,29.9399999999996,14.0600000000004,34.0600000000004,54.0600000000004,0.46960587842353335,1.1376085504342304,1.8056112224449272,0.0,29.9399999999996,29.9399999999996,59.8799999999992,0.92,0.0,0.92,5.9399999999996,0.0,29.9399999999996,0.0,0.0,0.0,1.0,1,1,LOSS,-29.94,SL_HIT,0,1
2026-04-02T05:45:00+00:00,XAUUSD,SELL,london,bearish,impulsive,bearish,primary,sweep_reclaim_confirmation,A+,unknown,strong,85.0,95.0,4594.06,4624.0,4580.0,4560.0,4540.0,29.9399999999996,14.0600000000004,34.0600000000004,54.0600000000004,0.46960587842353335,1.1376085504342304,1.8056112224449272,0.0,29.9399999999996,29.9399999999996,59.8799999999992,0.92,0.0,0.92,5.9399999999996,0.0,29.9399999999996,0.0,0.0,0.0,1.0,0,1,LOSS,-29.94,SL_HIT,0,0
2026-04-02T06:45:00+00:00,XAUUSD,SELL,asia,bearish,impulsive,bearish,primary,break_retest_close_confirmation,A,unknown,strong,85.0,75.0,4599.05,4624.0,4580.0,4560.0,4540.0,24.949999999999818,19.050000000000182,39.05000000000018,59.05000000000018,0.7635270541082293,1.5651302605210609,2.3667334669338924,0.0,24.949999999999818,24.949999999999818,49.899999999999636,0.92,0.0,0.92,0.9499999999998181,0.0,24.949999999999818,0.0,0.0,0.0,1.0,0,1,LOSS,-24.95,SL_HIT,0,0
2026-04-02T06:45:00+00:00,XAUUSD,BUY,asia,bearish,impulsive,bearish,secondary,structure_shift_confirmation,A+,unknown,weak,0.0,85.0,4599.05,4616.0,4620.0,4640.0,4660.0,16.949999999999818,20.949999999999818,40.94999999999982,60.94999999999982,1.235988200589973,2.415929203539838,3.5958702064897032,0.0,16.949999999999818,16.949999999999818,33.899999999999636,0.9,0.0,0.9,0.9499999999998181,0.0,16.949999999999818,0.0,0.0,0.0,0.0,0,1,LOSS,16.95,SL_HIT,0,0
2026-04-02T06:45:00+00:00,XAUUSD,SELL,london,bearish,impulsive,bearish,primary,break_retest_close_confirmation,A,unknown,strong,85.0,85.0,4599.05,4624.0,4580.0,4560.0,4540.0,24.949999999999818,19.050000000000182,39.05000000000018,59.05000000000018,0.7635270541082293,1.5651302605210609,2.3667334669338924,0.0,24.949999999999818,24.949999999999818,49.899999999999636,0.92,0.0,0.92,0.9499999999998181,0.0,24.949999999999818,0.0,0.0,0.0,1.0,0,1,LOSS,-24.95,SL_HIT,0,0
2026-04-02T06:45:00+00:00,XAUUSD,BUY,london,bearish,impulsive,bearish,secondary,structure_shift_confirmation,A+,unknown,weak,0.0,95.0,4599.05,4616.0,4620.0,4640.0,4660.0,16.949999999999818,20.949999999999818,40.94999999999982,60.94999999999982,1.235988200589973,2.415929203539838,3.5958702064897032,0.0,16.949999999999818,16.949999999999818,33.899999999999636,0.9,0.0,0.9,0.9499999999998181,0.0,16.949999999999818,0.0,0.0,0.0,0.0,1,0,BREAKEVEN_WIN,20.95,BREAKEVEN_WIN,1,1
2026-04-02T07:00:00+00:00,XAUUSD,BUY,london,bearish,impulsive,bearish,secondary,structure_shift_confirmation,A+,unknown,weak,0.0,85.0,4620.97,4646.0,4640.0,4660.0,4680.0,25.029999999999745,19.029999999999745,39.029999999999745,59.029999999999745,0.7602876548142204,1.5593288054334855,2.3583699560527505,0.0,25.029999999999745,25.029999999999745,50.05999999999949,0.5,0.0,0.5,20.970000000000255,0.0,25.029999999999745,0.0,0.0,0.0,0.0,0,1,LOSS,25.03,SL_HIT,0,0
2026-04-02T07:00:00+00:00,XAUUSD,BUY,london,bearish,impulsive,bearish,secondary,structure_shift_confirmation,A+,unknown,weak,0.0,85.0,4620.97,4646.0,4640.0,4660.0,4680.0,25.029999999999745,19.029999999999745,39.029999999999745,59.029999999999745,0.7602876548142204,1.5593288054334855,2.3583699560527505,0.0,25.029999999999745,25.029999999999745,50.05999999999949,0.5,0.0,0.5,20.970000000000255,0.0,25.029999999999745,0.0,0.0,0.0,0.0,0,1,LOSS,25.03,SL_HIT,0,0
2026-04-02T07:30:00+00:00,XAUUSD,BUY,london,bearish,impulsive,bearish,secondary,structure_shift_confirmation,A+,unknown,weak,0.0,85.0,4637.12,4646.0,4650.0,4680.0,4700.0,8.88000000000011,12.88000000000011,42.88000000000011,62.88000000000011,1.450450450450445,4.828828828828782,7.081081081081006,0.0,8.88000000000011,8.88000000000011,17.76000000000022,0.5,0.0,0.5,12.88000000000011,0.0,8.88000000000011,0.0,0.0,0.0,0.0,0,1,LOSS,8.88,SL_HIT,0,0
2026-04-02T07:30:00+00:00,XAUUSD,SELL,london,bearish,impulsive,bearish,primary,break_retest_close_confirmation,A,unknown,strong,65.0,75.0,4637.12,4654.0,4620.0,4600.0,4580.0,16.88000000000011,17.11999999999989,37.11999999999989,57.11999999999989,1.01421800947866,2.199052132701401,3.3838862559241423,0.0,16.88000000000011,16.88000000000011,33.76000000000022,0.96,0.0,0.96,12.88000000000011,0.0,16.88000000000011,0.0,0.0,0.0,1.0,1,1,LOSS,-16.88,SL_HIT,0,1
2026-04-02T07:30:00+00:00,XAUUSD,SELL,off_session,bearish,impulsive,bearish,primary,break_retest_close_confirmation,A,unknown,strong,70.0,75.0,4637.12,4656.0,4620.0,4600.0,4580.0,18.9,17.1,37.1,57.1,0.91,1.97,3.03,0.0,18.9,18.9,37.8,0.96,0.0,0.96,12.88000000000011,0.0,12.88000000000011,0.0,0.0,0.0,1.0,1,0,WIN,37.12,TP1_OR_BETTER,1,1
2026-04-02T07:30:00+00:00,XAUUSD,SELL,off_session,bearish,impulsive,bearish,primary,break_retest_close_confirmation,A,unknown,strong,100.0,75.0,4637.12,4654.0,4620.0,4600.0,4580.0,16.88000000000011,17.11999999999989,37.11999999999989,57.11999999999989,1.01421800947866,2.199052132701401,3.3838862559241423,0.0,16.88000000000011,16.88000000000011,33.76000000000022,0.96,0.0,0.96,12.88000000000011,0.0,16.88000000000011,0.0,0.0,0.0,1.0,1,0,BREAKEVEN_WIN,17.12,BREAKEVEN_WIN,1,1
2026-04-02T07:30:00+00:00,XAUUSD,SELL,off_session,bearish,impulsive,bearish,primary,break_retest_close_confirmation,A,unknown,strong,65.0,75.0,4637.12,4654.0,4620.0,4600.0,4580.0,16.88000000000011,17.11999999999989,37.11999999999989,57.11999999999989,1.01421800947866,2.199052132701401,3.3838862559241423,0.0,16.88000000000011,16.88000000000011,33.76000000000022,0.96,0.0,0.96,12.88000000000011,0.0,16.88000000000011,0.0,0.0,0.0,1.0,1,0,BREAKEVEN_WIN,17.12,BREAKEVEN_WIN,1,1
2026-04-02T07:30:00+00:00,XAUUSD,SELL,off_session,bearish,impulsive,bearish,primary,break_retest_close_confirmation,A,unknown,strong,65.0,75.0,4637.12,4654.0,4620.0,4600.0,4580.0,16.88000000000011,17.11999999999989,37.11999999999989,57.11999999999989,1.01421800947866,2.199052132701401,3.3838862559241423,0.0,16.88000000000011,16.88000000000011,33.76000000000022,0.96,0.0,0.96,12.88000000000011,0.0,16.88000000000011,0.0,0.0,0.0,1.0,1,0,BREAKEVEN_WIN,17.12,BREAKEVEN_WIN,1,1
2026-04-02T07:45:00+00:00,XAUUSD,SELL,london,bearish,impulsive,bearish,primary,break_retest_close_confirmation,A,unknown,strong,0.0,75.0,4642.79,4664.0,4620.0,4600.0,4580.0,21.210000000000036,22.789999999999964,42.789999999999964,62.789999999999964,1.074493163602071,2.017444601603012,2.9603960396039537,0.0,21.210000000000036,21.210000000000036,42.42000000000007,0.5,0.0,0.5,7.210000000000036,0.0,21.210000000000036,0.0,0.0,0.0,1.0,1,1,LOSS,-21.21,SL_HIT,0,1
2026-04-02T07:45:00+00:00,XAUUSD,BUY,london,bearish,impulsive,bearish,secondary,structure_shift_confirmation,A+,unknown,weak,0.0,85.0,4642.79,4656.0,4660.0,4680.0,4700.0,13.210000000000036,17.210000000000036,37.210000000000036,57.210000000000036,1.3028009084027243,2.8168054504163464,4.330809992429968,0.0,13.210000000000036,13.210000000000036,26.420000000000073,0.5,0.0,0.5,7.210000000000036,0.0,13.210000000000036,0.0,0.0,0.0,0.0,0,1,LOSS,13.21,SL_HIT,0,0
2026-04-02T08:15:00+00:00,XAUUSD,SELL,london,bearish,impulsive,bearish,primary,failed_retest_confirmation,A+,unknown,strong,65.0,85.0,4634.2,4654.0,4620.0,4600.0,4580.0,19.800000000000182,14.199999999999818,34.19999999999982,54.19999999999982,0.7171717171717014,1.7272727272727022,2.737373737373703,0.0,19.800000000000182,19.800000000000182,39.600000000000364,0.96,0.0,0.96,15.800000000000182,0.0,19.800000000000182,0.0,0.0,0.0,1.0,1,1,LOSS,-19.8,SL_HIT,0,1
2026-04-02T08:30:00+00:00,XAUUSD,SELL,london,bearish,impulsive,bearish,primary,failed_retest_confirmation,A+,unknown,strong,65.0,85.0,4630.5,4654.0,4620.0,4600.0,4580.0,23.5,10.5,30.5,50.5,0.44680851063829785,1.297872340425532,2.148936170212766,0.0,23.5,23.5,47.0,0.96,0.0,0.96,19.5,0.0,23.5,0.0,0.0,0.0,1.0,1,1,LOSS,-23.5,SL_HIT,0,1
2026-04-02T10:15:00+00:00,XAUUSD,SELL,off_session,bearish,impulsive,bearish,primary,failed_retest_confirmation,A+,unknown,strong,0.0,85.0,4618.65,4644.0,4600.0,4580.0,4560.0,25.350000000000364,18.649999999999636,38.649999999999636,58.649999999999636,0.7357001972386339,1.5246548323471039,2.313609467455574,0.0,25.350000000000364,25.350000000000364,50.70000000000073,0.5,0.0,0.5,18.649999999999636,0.0,25.350000000000364,0.0,0.0,0.0,1.0,1,1,LOSS,-25.35,SL_HIT,0,1
2026-04-02T10:30:00+00:00,XAUUSD,BUY,off_session,bearish,impulsive,bearish,secondary,displacement_confirmation,A,unknown,weak,0.0,75.0,4624.61,4646.0,4640.0,4660.0,4680.0,21.390000000000327,15.390000000000327,35.39000000000033,55.39000000000033,0.7194950911640997,1.6545114539504342,2.5895278167367684,0.0,21.390000000000327,21.390000000000327,42.780000000000655,0.5,0.0,0.5,24.609999999999673,0.0,21.390000000000327,0.0,0.0,0.0,0.0,0,1,LOSS,21.39,SL_HIT,0,0
2026-04-02T10:30:00+00:00,XAUUSD,BUY,off_session,bearish,impulsive,bearish,secondary,displacement_confirmation,A,unknown,weak,0.0,75.0,4624.61,4646.0,4640.0,4660.0,4680.0,21.390000000000327,15.390000000000327,35.39000000000033,55.39000000000033,0.7194950911640997,1.6545114539504342,2.5895278167367684,0.0,21.390000000000327,21.390000000000327,42.780000000000655,0.5,0.0,0.5,24.609999999999673,0.0,21.390000000000327,0.0,0.0,0.0,0.0,0,1,LOSS,21.39,SL_HIT,0,0
2026-04-02T11:15:00+00:00,XAUUSD,SELL,off_session,bearish,impulsive,bearish,primary,failed_retest_confirmation,A+,unknown,strong,0.0,85.0,4614.96,4644.0,4600.0,4580.0,4560.0,29.039999999999964,14.960000000000036,34.960000000000036,54.960000000000036,0.515151515151517,1.2038567493112975,1.892561983471078,0.0,29.039999999999964,29.039999999999964,58.07999999999993,0.5,0.0,0.5,14.960000000000036,0.0,29.039999999999964,0.0,0.0,0.0,1.0,1,1,LOSS,-29.04,SL_HIT,0,1
2026-04-02T12:15:00+00:00,XAUUSD,BUY,off_session,neutral,range,neutral,secondary,structure_shift_confirmation,A+,unknown,weak,0.0,90.0,4626.48,4646.0,4640.0,4660.0,4680.0,19.520000000000437,13.520000000000437,33.52000000000044,53.52000000000044,0.692622950819679,1.7172131147540823,2.7418032786884856,0.0,19.520000000000437,19.520000000000437,39.04000000000087,0.5,0.0,0.5,23.520000000000437,0.0,19.520000000000437,0.0,0.0,0.0,0.0,0,1,LOSS,19.52,SL_HIT,0,0
2026-04-02T12:15:00+00:00,XAUUSD,BUY,off_session,neutral,range,neutral,secondary,structure_shift_confirmation,A+,unknown,weak,0.0,90.0,4626.48,4636.0,4640.0,4660.0,4680.0,9.520000000000437,13.520000000000437,33.52000000000044,53.52000000000044,1.4201680672268715,3.521008403361229,5.6218487394955865,0.0,9.520000000000437,9.520000000000437,19.040000000000873,0.5,0.0,0.5,23.520000000000437,0.0,9.520000000000437,0.0,0.0,0.0,0.0,0,1,LOSS,9.52,SL_HIT,0,0
2026-04-02T12:30:00+00:00,XAUUSD,SELL,off_session,neutral,range,neutral,primary,failed_retest_confirmation,A+,unknown,weak,0.0,90.0,4618.15,4644.0,4600.0,4580.0,4560.0,25.850000000000364,18.149999999999636,38.149999999999636,58.149999999999636,0.7021276595744441,1.4758220502901005,2.249516441005757,0.0,25.850000000000364,25.850000000000364,51.70000000000073,0.5,0.0,0.5,18.149999999999636,0.0,25.850000000000364,0.0,0.0,0.0,0.0,1,1,LOSS,-25.85,SL_HIT,0,1
2026-04-02T12:30:00+00:00,XAUUSD,SELL,new_york,neutral,range,neutral,primary,failed_retest_confirmation,A+,unknown,weak,0.0,90.0,4618.15,4644.0,4600.0,4580.0,4560.0,25.850000000000364,18.149999999999636,38.149999999999636,58.149999999999636,0.7021276595744441,1.4758220502901005,2.249516441005757,0.0,25.850000000000364,25.850000000000364,51.70000000000073,0.5,0.0,0.5,18.149999999999636,0.0,25.850000000000364,0.0,0.0,0.0,0.0,1,0,BREAKEVEN_WIN,18.15,BREAKEVEN_WIN,1,1
2026-04-02T13:00:00+00:00,XAUUSD,SELL,new_york,neutral,range,neutral,primary,structure_shift_confirmation,A+,unknown,weak,85.0,85.0,4587.48,4624.0,4560.0,4540.0,4520.0,36.52000000000044,27.479999999999563,47.47999999999956,67.47999999999956,0.7524644030667917,1.300109529025164,1.8477546549835366,0.0,36.52000000000044,36.52000000000044,73.04000000000087,0.92,0.0,0.92,12.520000000000437,0.0,36.52000000000044,0.0,0.0,0.0,0.0,0,1,LOSS,-36.52,SL_HIT,0,0
2026-04-02T13:00:00+00:00,XAUUSD,SELL,new_york,neutral,range,neutral,primary,structure_shift_confirmation,A+,unknown,weak,85.0,85.0,4587.48,4624.0,4560.0,4540.0,4520.0,36.52000000000044,27.479999999999563,47.47999999999956,67.47999999999956,0.7524644030667917,1.300109529025164,1.8477546549835366,0.0,36.52000000000044,36.52000000000044,73.04000000000087,0.92,0.0,0.92,12.520000000000437,0.0,36.52000000000044,0.0,0.0,0.0,0.0,0,1,LOSS,-36.52,SL_HIT,0,0
2026-04-02T13:15:00+00:00,XAUUSD,SELL,new_york,neutral,range,neutral,primary,break_retest_close_confirmation,A,unknown,weak,100.0,75.0,4597.45,4626.0,4560.0,4540.0,4520.0,28.6,37.4,57.4,77.4,1.31,2.01,2.71,1.0,28.6,28.6,57.2,0.92,0.0,0.92,2.550000000000182,17.449999999999818,22.550000000000182,0.0,0.0,0.0,0.0,0,1,LOSS,-28.55,SL_HIT,0,0
2026-04-02T13:15:00+00:00,XAUUSD,SELL,new_york,neutral,range,neutral,primary,break_retest_close_confirmation,A,unknown,weak,100.0,75.0,4597.45,4626.0,4560.0,4540.0,4520.0,28.6,37.4,57.4,77.4,1.31,2.01,2.71,1.0,28.6,28.6,57.2,0.92,0.0,0.92,2.550000000000182,17.449999999999818,22.550000000000182,0.0,0.0,0.0,0.0,0,1,LOSS,-28.55,SL_HIT,0,0
2026-04-02T13:15:00+00:00,XAUUSD,SELL,new_york,neutral,range,neutral,primary,break_retest_close_confirmation,A,unknown,weak,100.0,75.0,4597.45,4626.0,4560.0,4540.0,4520.0,28.6,37.4,57.4,77.4,1.31,2.01,2.71,1.0,28.6,28.6,57.2,0.92,0.0,0.92,2.550000000000182,17.449999999999818,22.550000000000182,0.0,0.0,0.0,0.0,0,1,LOSS,-28.55,SL_HIT,0,0
2026-04-02T13:15:00+00:00,XAUUSD,SELL,new_york,neutral,range,neutral,primary,break_retest_close_confirmation,A,unknown,weak,85.0,75.0,4597.45,4624.0,4580.0,4560.0,4540.0,26.550000000000182,17.449999999999818,37.44999999999982,57.44999999999982,0.6572504708097815,1.410546139359682,2.163841807909583,0.0,26.550000000000182,26.550000000000182,53.100000000000364,0.92,0.0,0.92,2.550000000000182,0.0,26.550000000000182,0.0,0.0,0.0,0.0,0,1,LOSS,-26.55,SL_HIT,0,0
2026-04-02T13:15:00+00:00,XAUUSD,SELL,new_york,neutral,range,neutral,primary,break_retest_close_confirmation,A,unknown,weak,100.0,75.0,4597.45,4626.0,4560.0,4540.0,4520.0,28.6,37.4,57.4,77.4,1.31,2.01,2.71,1.0,28.6,28.6,57.2,0.92,0.0,0.92,2.550000000000182,17.449999999999818,22.550000000000182,0.0,0.0,0.0,0.0,0,1,LOSS,-28.55,SL_HIT,0,0
2026-04-02T13:15:00+00:00,XAUUSD,SELL,new_york,neutral,range,neutral,primary,break_retest_close_confirmation,A,unknown,weak,100.0,75.0,4597.45,4626.0,4560.0,4540.0,4520.0,28.6,37.4,57.4,77.4,1.31,2.01,2.71,1.0,28.6,28.6,57.2,0.92,0.0,0.92,2.550000000000182,17.449999999999818,22.550000000000182,0.0,0.0,0.0,0.0,0,1,LOSS,-28.55,SL_HIT,0,0
2026-04-02T13:15:00+00:00,XAUUSD,SELL,new_york,neutral,range,neutral,primary,break_retest_close_confirmation,A,unknown,weak,100.0,75.0,4597.45,4626.0,4560.0,4540.0,4520.0,28.6,37.4,57.4,77.4,1.31,2.01,2.71,1.0,28.6,28.6,57.2,0.92,0.0,0.92,2.550000000000182,17.449999999999818,22.550000000000182,0.0,0.0,0.0,0.0,0,1,LOSS,-28.55,SL_HIT,0,0
2026-04-02T13:15:00+00:00,XAUUSD,SELL,new_york,neutral,range,neutral,primary,break_retest_close_confirmation,A,unknown,weak,100.0,75.0,4597.45,4626.0,4560.0,4540.0,4520.0,28.6,37.4,57.4,77.4,1.31,2.01,2.71,1.0,28.6,28.6,57.2,0.92,0.0,0.92,2.550000000000182,17.449999999999818,22.550000000000182,0.0,0.0,0.0,0.0,0,1,LOSS,-28.55,SL_HIT,0,0
2026-04-02T13:45:00+00:00,XAUUSD,BUY,new_york,neutral,range,neutral,secondary,structure_shift_confirmation,A+,unknown,weak,0.0,85.0,4646.05,4656.0,4660.0,4680.0,4700.0,9.949999999999818,13.949999999999818,33.94999999999982,53.94999999999982,1.4020100502512636,3.412060301507582,5.4221105527638995,0.0,9.949999999999818,9.949999999999818,19.899999999999636,0.5,0.0,0.5,3.949999999999818,0.0,9.949999999999818,0.0,0.0,0.0,0.0,0,1,LOSS,9.95,SL_HIT,0,0
2026-04-02T13:45:00+00:00,XAUUSD,SELL,new_york,neutral,range,neutral,primary,break_retest_close_confirmation,A,unknown,weak,0.0,75.0,4646.05,4664.0,4620.0,4600.0,4580.0,17.949999999999818,26.050000000000182,46.05000000000018,66.05000000000018,1.4512534818941754,2.5654596100278915,3.6796657381616074,0.0,17.949999999999818,17.949999999999818,35.899999999999636,0.5,0.0,0.5,3.949999999999818,0.0,17.949999999999818,0.0,0.0,0.0,0.0,0,1,LOSS,-17.95,SL_HIT,0,0
2026-04-02T13:45:00+00:00,XAUUSD,SELL,new_york,neutral,range,neutral,primary,break_retest_close_confirmation,A,unknown,weak,0.0,75.0,4646.05,4664.0,4620.0,4600.0,4580.0,17.949999999999818,26.050000000000182,46.05000000000018,66.05000000000018,1.4512534818941754,2.5654596100278915,3.6796657381616074,0.0,17.949999999999818,17.949999999999818,35.899999999999636,0.5,0.0,0.5,3.949999999999818,0.0,17.949999999999818,0.0,0.0,0.0,0.0,0,1,LOSS,-17.95,SL_HIT,0,0
2026-04-02T13:45:00+00:00,XAUUSD,BUY,new_york,neutral,range,neutral,secondary,structure_shift_confirmation,A+,unknown,weak,0.0,85.0,4646.05,4656.0,4660.0,4680.0,4700.0,9.949999999999818,13.949999999999818,33.94999999999982,53.94999999999982,1.4020100502512636,3.412060301507582,5.4221105527638995,0.0,9.949999999999818,9.949999999999818,19.899999999999636,0.5,0.0,0.5,3.949999999999818,0.0,9.949999999999818,0.0,0.0,0.0,0.0,0,1,LOSS,9.95,SL_HIT,0,0
2026-04-02T14:00:00+00:00,XAUUSD,SELL,new_york,neutral,range,neutral,primary,break_retest_close_confirmation,A,unknown,weak,0.0,75.0,4647.76,4664.0,4620.0,4600.0,4580.0,16.23999999999978,27.76000000000022,47.76000000000022,67.76000000000022,1.7093596059113665,2.940886699507442,4.172413793103518,0.0,16.23999999999978,16.23999999999978,32.47999999999956,0.5,0.0,0.5,2.2399999999997817,0.0,16.23999999999978,0.0,0.0,0.0,0.0,0,1,LOSS,-16.24,SL_HIT,0,0
2026-04-02T14:15:00+00:00,XAUUSD,BUY,new_york,neutral,range,neutral,secondary,structure_shift_confirmation,A+,unknown,weak,0.0,85.0,4665.08,4696.0,4680.0,4700.0,4720.0,30.920000000000073,14.920000000000073,34.92000000000007,54.92000000000007,0.48253557567917327,1.1293661060802067,1.77619663648124,0.0,30.920000000000073,30.920000000000073,61.840000000000146,0.5,0.0,0.5,15.079999999999927,0.0,30.920000000000073,0.0,0.0,0.0,0.0,0,1,LOSS,30.92,SL_HIT,0,0
2026-04-02T14:30:00+00:00,XAUUSD,BUY,new_york,neutral,range,neutral,secondary,structure_shift_confirmation,A+,unknown,weak,0.0,85.0,4693.23,4716.0,4720.0,4740.0,4775.2,22.770000000000437,26.770000000000437,46.77000000000044,81.97000000000025,1.1756697408871288,2.054018445322773,3.5999121651294987,0.0,22.770000000000437,22.770000000000437,45.54000000000087,0.5,0.0,0.5,6.770000000000437,0.0,22.770000000000437,0.0,0.0,0.0,0.0,0,1,LOSS,22.77,SL_HIT,0,0
2026-04-02T15:00:00+00:00,XAUUSD,SELL,off_session,neutral,range,neutral,primary,failed_retest_confirmation,A+,unknown,weak,95.0,85.0,4672.11,4704.0,4660.0,4640.0,4620.0,31.890000000000327,12.109999999999673,32.10999999999967,52.10999999999967,0.37974286610221225,1.0068987143304906,1.6340545625587688,0.0,31.890000000000327,31.890000000000327,63.780000000000655,0.94,0.0,0.94,22.109999999999673,0.0,31.890000000000327,0.0,0.0,0.0,0.0,1,0,BREAKEVEN_WIN,12.11,BREAKEVEN_WIN,1,1
2026-04-02T15:00:00+00:00,XAUUSD,SELL,new_york,neutral,range,neutral,primary,failed_retest_confirmation,A+,unknown,weak,95.0,85.0,4672.11,4704.0,4660.0,4640.0,4620.0,31.890000000000327,12.109999999999673,32.10999999999967,52.10999999999967,0.37974286610221225,1.0068987143304906,1.6340545625587688,0.0,31.890000000000327,31.890000000000327,63.780000000000655,0.94,0.0,0.94,22.109999999999673,0.0,31.890000000000327,0.0,0.0,0.0,0.0,1,0,STRONG_WIN,52.11,STRONG_WIN,1,1
2026-04-02T15:15:00+00:00,XAUUSD,SELL,new_york,neutral,range,neutral,primary,failed_retest_confirmation,A+,unknown,weak,95.0,85.0,4672.24,4704.0,4660.0,4640.0,4620.0,31.76000000000022,12.239999999999782,32.23999999999978,52.23999999999978,0.3853904282115774,1.0151133501259306,1.644836272040284,0.0,31.76000000000022,31.76000000000022,63.52000000000044,0.94,0.0,0.94,22.23999999999978,0.0,31.76000000000022,0.0,0.0,0.0,0.0,1,0,STRONG_WIN,52.24,STRONG_WIN,1,1
2026-04-02T16:00:00+00:00,XAUUSD,SELL,off_session,bearish,impulsive,bearish,primary,failed_retest_confirmation,A+,unknown,strong,0.0,85.0,4654.72,4684.0,4640.0,4620.0,4600.0,29.279999999999745,14.720000000000255,34.720000000000255,54.720000000000255,0.5027322404371716,1.185792349726795,1.8688524590164184,0.0,29.279999999999745,29.279999999999745,58.55999999999949,0.5,0.0,0.5,4.720000000000255,0.0,29.279999999999745,0.0,0.0,0.0,1.0,1,0,BREAKEVEN_WIN,14.72,BREAKEVEN_WIN,1,1
2026-04-02T16:00:00+00:00,XAUUSD,SELL,off_session,neutral,range,neutral,primary,failed_retest_confirmation,A+,unknown,weak,0.0,85.0,4654.72,4684.0,4640.0,4620.0,4600.0,29.279999999999745,14.720000000000255,34.720000000000255,54.720000000000255,0.5027322404371716,1.185792349726795,1.8688524590164184,0.0,29.279999999999745,29.279999999999745,58.55999999999949,0.5,0.0,0.5,4.720000000000255,0.0,29.279999999999745,0.0,0.0,0.0,0.0,1,0,WIN,34.72,TP1_OR_BETTER,1,1
2026-04-02T16:30:00+00:00,XAUUSD,SELL,off_session,bearish,impulsive,bearish,primary,break_retest_close_confirmation,A,unknown,strong,0.0,75.0,4658.69,4684.0,4640.0,4620.0,4600.0,25.3100000000004,18.6899999999996,38.6899999999996,58.6899999999996,0.7384433030422483,1.5286448044250884,2.3188463058079285,0.0,25.3100000000004,25.3100000000004,50.6200000000008,0.5,0.0,0.5,8.6899999999996,0.0,25.3100000000004,0.0,0.0,0.0,1.0,1,0,BREAKEVEN_WIN,18.69,BREAKEVEN_WIN,1,1
2026-04-02T16:30:00+00:00,XAUUSD,SELL,asia,bearish,impulsive,bearish,primary,break_retest_close_confirmation,A,unknown,strong,90.0,75.0,4658.69,4686.0,4620.0,4600.0,4580.0,27.3,38.7,58.7,78.7,1.42,2.15,2.88,1.0,27.3,27.3,54.6,0.5,0.0,0.5,8.6899999999996,18.6899999999996,21.3100000000004,0.0,0.0,0.0,1.0,1,0,EXPIRED_AFTER_TP1,0.0,BREAKEVEN_WIN,1,1
2026-04-02T16:30:00+00:00,XAUUSD,SELL,off_session,neutral,range,neutral,primary,break_retest_close_confirmation,A,unknown,weak,0.0,75.0,4658.69,4684.0,4640.0,4620.0,4600.0,25.3100000000004,18.6899999999996,38.6899999999996,58.6899999999996,0.7384433030422483,1.5286448044250884,2.3188463058079285,0.0,25.3100000000004,25.3100000000004,50.6200000000008,0.5,0.0,0.5,8.6899999999996,0.0,25.3100000000004,0.0,0.0,0.0,0.0,1,0,WIN,38.69,TP1_OR_BETTER,1,1
2026-04-02T16:45:00+00:00,XAUUSD,SELL,off_session,neutral,range,neutral,primary,break_retest_close_confirmation,A,unknown,weak,0.0,75.0,4659.07,4684.0,4640.0,4620.0,4600.0,24.93000000000029,19.06999999999971,39.06999999999971,59.06999999999971,0.7649418371439826,1.5671881267548837,2.369434416365785,0.0,24.93000000000029,24.93000000000029,49.86000000000058,0.5,0.0,0.5,9.069999999999709,0.0,24.93000000000029,0.0,0.0,0.0,0.0,1,0,WIN,39.07,TP1_OR_BETTER,1,1
2026-04-02T17:15:00+00:00,XAUUSD,SELL,off_session,neutral,range,neutral,primary,failed_retest_confirmation,A+,unknown,weak,0.0,85.0,4652.03,4684.0,4640.0,4620.0,4600.0,31.970000000000255,12.029999999999745,32.029999999999745,52.029999999999745,0.376290272130111,1.0018767594619797,1.6274632467938484,0.0,31.970000000000255,31.970000000000255,63.94000000000051,0.5,0.0,0.5,2.0299999999997453,0.0,31.970000000000255,0.0,0.0,0.0,0.0,1,0,WIN,32.03,TP1_OR_BETTER,1,1
2026-04-02T17:45:00+00:00,XAUUSD,SELL,off_session,neutral,range,neutral,primary,failed_retest_confirmation,A+,unknown,weak,0.0,95.0,4648.72,4664.0,4620.0,4600.0,4580.0,15.279999999999745,28.720000000000255,48.720000000000255,68.72000000000025,1.8795811518325087,3.18848167539274,4.497382198952971,0.0,15.279999999999745,15.279999999999745,30.55999999999949,0.5,0.0,0.5,1.2799999999997453,0.0,15.279999999999745,0.0,0.0,0.0,0.0,0,1,LOSS,-15.28,SL_HIT,0,0
2026-04-02T17:45:00+00:00,XAUUSD,SELL,off_session,neutral,range,neutral,primary,failed_retest_confirmation,A+,unknown,weak,0.0,85.0,4648.72,4664.0,4620.0,4600.0,4580.0,15.279999999999745,28.720000000000255,48.720000000000255,68.72000000000025,1.8795811518325087,3.18848167539274,4.497382198952971,0.0,15.279999999999745,15.279999999999745,30.55999999999949,0.5,0.0,0.5,1.2799999999997453,0.0,15.279999999999745,0.0,0.0,0.0,0.0,0,1,LOSS,-15.28,SL_HIT,0,0
2026-04-02T18:30:00+00:00,XAUUSD,BUY,off_session,neutral,range,neutral,secondary,structure_shift_confirmation,A+,unknown,weak,0.0,85.0,4662.41,4676.0,4680.0,4700.0,4720.0,13.590000000000146,17.590000000000146,37.590000000000146,57.590000000000146,1.294334069168503,2.7660044150110186,4.237674760853534,0.0,13.590000000000146,13.590000000000146,27.18000000000029,0.5,0.0,0.5,12.409999999999854,0.0,13.590000000000146,0.0,0.0,0.0,0.0,0,1,LOSS,13.59,SL_HIT,0,0
2026-04-02T18:30:00+00:00,XAUUSD,BUY,off_session,neutral,range,neutral,secondary,structure_shift_confirmation,A+,unknown,weak,0.0,85.0,4662.41,4695.08,4680.0,4700.0,4720.0,32.67000000000007,17.590000000000146,37.590000000000146,57.590000000000146,0.5384144475053598,1.150596877869607,1.7627793082338543,0.0,32.67000000000007,32.67000000000007,65.34000000000015,0.5,0.0,0.5,12.409999999999854,0.0,32.67000000000007,0.0,0.0,0.0,0.0,0,1,LOSS,32.67,SL_HIT,0,0
2026-04-02T18:45:00+00:00,XAUUSD,BUY,off_session,neutral,range,neutral,secondary,structure_shift_confirmation,A+,unknown,weak,0.0,85.0,4668.6,4695.08,4680.0,4700.0,4720.0,26.479999999999563,11.399999999999636,31.399999999999636,51.399999999999636,0.4305135951661565,1.185800604229613,1.9410876132930697,0.0,26.479999999999563,26.479999999999563,52.95999999999913,0.5,0.0,0.5,18.600000000000364,0.0,26.479999999999563,0.0,0.0,0.0,0.0,0,1,LOSS,26.48,SL_HIT,0,0
2026-04-02T19:00:00+00:00,XAUUSD,BUY,off_session,neutral,range,neutral,secondary,structure_shift_confirmation,A+,unknown,weak,0.0,95.0,4674.51,4679.94,4699.08,4720.0,4740.0,5.4299999999993815,24.56999999999971,45.48999999999978,65.48999999999978,4.524861878453501,8.377532228361872,12.060773480664317,0.0,5.4299999999993815,5.4299999999993815,10.859999999998763,0.5,0.0,0.5,24.51000000000022,0.0,5.4299999999993815,0.0,0.0,0.0,0.0,0,1,LOSS,5.43,SL_HIT,0,0
2026-04-02T19:00:00+00:00,XAUUSD,SELL,off_session,bearish,impulsive,bearish,primary,break_retest_close_confirmation,A,unknown,strong,0.0,85.0,4674.51,4687.94,4660.0,4640.0,4620.0,13.429999999999382,14.510000000000218,34.51000000000022,54.51000000000022,1.0804169769174152,2.5696202531646914,4.058823529411968,0.0,13.429999999999382,13.429999999999382,26.859999999998763,0.5,0.0,0.5,24.51000000000022,0.0,13.429999999999382,0.0,0.0,0.0,1.0,1,0,WIN,34.51,TP1_OR_BETTER,1,1
2026-04-02T19:00:00+00:00,XAUUSD,BUY,off_session,neutral,range,neutral,secondary,structure_shift_confirmation,A+,unknown,weak,0.0,85.0,4674.51,4679.94,4699.08,4720.0,4740.0,5.4299999999993815,24.56999999999971,45.48999999999978,65.48999999999978,4.524861878453501,8.377532228361872,12.060773480664317,0.0,5.4299999999993815,5.4299999999993815,10.859999999998763,0.5,0.0,0.5,24.51000000000022,0.0,5.4299999999993815,0.0,0.0,0.0,0.0,0,1,LOSS,5.43,SL_HIT,0,0
2026-04-02T19:00:00+00:00,XAUUSD,SELL,off_session,neutral,range,neutral,primary,break_retest_close_confirmation,A,unknown,weak,0.0,75.0,4674.51,4687.94,4660.0,4640.0,4620.0,13.429999999999382,14.510000000000218,34.51000000000022,54.51000000000022,1.0804169769174152,2.5696202531646914,4.058823529411968,0.0,13.429999999999382,13.429999999999382,26.859999999998763,0.5,0.0,0.5,24.51000000000022,0.0,13.429999999999382,0.0,0.0,0.0,0.0,1,0,STRONG_WIN,54.51,STRONG_WIN,1,1
2026-04-05T22:00:00+00:00,XAUUSD,SELL,asia,bearish,impulsive,bearish,primary,sweep_reclaim_confirmation,A+,unknown,strong,95.0,85.0,4630.09,4656.0,4600.0,4580.0,4560.0,25.9,30.1,50.1,70.1,1.16,1.93,2.71,0.0,25.9,25.9,51.8,0.96,0.0,0.96,19.909999999999854,0.0,19.909999999999854,0.0,0.0,0.0,1.0,0,1,LOSS,-25.91,SL_HIT,0,0
2026-04-05T22:00:00+00:00,XAUUSD,SELL,off_session,bearish,impulsive,bearish,primary,sweep_reclaim_confirmation,A+,unknown,strong,60.0,85.0,4630.09,4654.0,4620.0,4600.0,4580.0,23.909999999999854,10.090000000000146,30.090000000000146,50.090000000000146,0.42199916352991246,1.2584692597239786,2.094939355918045,0.0,23.909999999999854,23.909999999999854,47.81999999999971,0.96,0.0,0.96,19.909999999999854,0.0,23.909999999999854,0.0,0.0,0.0,1.0,1,0,BREAKEVEN_WIN,10.09,BREAKEVEN_WIN,1,1
2026-04-05T22:00:00+00:00,XAUUSD,SELL,off_session,bearish,impulsive,bearish,primary,sweep_reclaim_confirmation,A+,unknown,strong,65.0,85.0,4630.09,4654.0,4620.0,4600.0,4580.0,23.909999999999854,10.090000000000146,30.090000000000146,50.090000000000146,0.42199916352991246,1.2584692597239786,2.094939355918045,0.0,23.909999999999854,23.909999999999854,47.81999999999971,0.96,0.0,0.96,19.909999999999854,0.0,23.909999999999854,0.0,0.0,0.0,1.0,1,0,BREAKEVEN_WIN,10.09,BREAKEVEN_WIN,1,1
2026-04-05T22:00:00+00:00,XAUUSD,SELL,off_session,bearish,impulsive,bearish,primary,sweep_reclaim_confirmation,A+,unknown,strong,65.0,85.0,4630.09,4654.0,4620.0,4600.0,4580.0,23.909999999999854,10.090000000000146,30.090000000000146,50.090000000000146,0.42199916352991246,1.2584692597239786,2.094939355918045,0.0,23.909999999999854,23.909999999999854,47.81999999999971,0.96,0.0,0.96,19.909999999999854,0.0,23.909999999999854,0.0,0.0,0.0,1.0,1,1,LOSS,-23.91,SL_HIT,0,1
2026-04-05T22:15:00+00:00,XAUUSD,SELL,asia,bearish,impulsive,bearish,primary,break_retest_close_confirmation,A,unknown,strong,55.0,85.0,4636.26,4656.0,4620.0,4600.0,4580.0,19.7,16.3,36.3,56.3,0.82,1.84,2.85,0.0,19.7,19.7,39.4,0.96,0.0,0.96,13.739999999999782,0.0,13.739999999999782,0.0,0.0,0.0,1.0,1,0,BREAKEVEN_WIN,0.0,BREAKEVEN_WIN,1,1
2026-04-05T22:15:00+00:00,XAUUSD,SELL,asia,bearish,impulsive,bearish,primary,break_retest_close_confirmation,A,unknown,strong,55.0,85.0,4636.26,4656.0,4620.0,4600.0,4580.0,19.7,16.3,36.3,56.3,0.82,1.84,2.85,0.0,19.7,19.7,39.4,0.96,0.0,0.96,13.739999999999782,0.0,13.739999999999782,0.0,0.0,0.0,1.0,1,0,BREAKEVEN_WIN,0.0,BREAKEVEN_WIN,1,1
2026-04-05T22:15:00+00:00,XAUUSD,SELL,asia,bearish,impulsive,bearish,primary,break_retest_close_confirmation,A,unknown,strong,55.0,85.0,4636.26,4656.0,4620.0,4600.0,4580.0,19.7,16.3,36.3,56.3,0.82,1.84,2.85,0.0,19.7,19.7,39.4,0.96,0.0,0.96,13.739999999999782,0.0,13.739999999999782,0.0,0.0,0.0,1.0,1,0,BREAKEVEN_WIN,0.0,BREAKEVEN_WIN,1,1
2026-04-05T22:15:00+00:00,XAUUSD,SELL,asia,bearish,impulsive,bearish,primary,break_retest_close_confirmation,A,unknown,strong,55.0,85.0,4636.26,4656.0,4620.0,4600.0,4580.0,19.7,16.3,36.3,56.3,0.82,1.84,2.85,0.0,19.7,19.7,39.4,0.96,0.0,0.96,13.739999999999782,0.0,13.739999999999782,0.0,0.0,0.0,1.0,1,0,BREAKEVEN_WIN,0.0,BREAKEVEN_WIN,1,1
2026-04-05T22:15:00+00:00,XAUUSD,SELL,asia,bearish,impulsive,bearish,primary,break_retest_close_confirmation,A,unknown,strong,55.0,85.0,4636.26,4656.0,4620.0,4600.0,4580.0,19.7,16.3,36.3,56.3,0.82,1.84,2.85,0.0,19.7,19.7,39.4,0.96,0.0,0.96,13.739999999999782,0.0,13.739999999999782,0.0,0.0,0.0,1.0,1,0,BREAKEVEN_WIN,0.0,BREAKEVEN_WIN,1,1
2026-04-05T22:15:00+00:00,XAUUSD,SELL,asia,bearish,impulsive,bearish,primary,break_retest_close_confirmation,A,unknown,strong,55.0,85.0,4636.26,4656.0,4620.0,4600.0,4580.0,19.7,16.3,36.3,56.3,0.82,1.84,2.85,0.0,19.7,19.7,39.4,0.96,0.0,0.96,13.739999999999782,0.0,13.739999999999782,0.0,0.0,0.0,1.0,1,0,BREAKEVEN_WIN,0.0,BREAKEVEN_WIN,1,1
2026-04-05T22:15:00+00:00,XAUUSD,SELL,asia,bearish,impulsive,bearish,primary,break_retest_close_confirmation,A,unknown,strong,55.0,85.0,4636.26,4656.0,4620.0,4600.0,4580.0,19.7,16.3,36.3,56.3,0.82,1.84,2.85,0.0,19.7,19.7,39.4,0.96,0.0,0.96,13.739999999999782,0.0,13.739999999999782,0.0,0.0,0.0,1.0,1,0,BREAKEVEN_WIN,0.0,BREAKEVEN_WIN,1,1
2026-04-05T22:15:00+00:00,XAUUSD,SELL,off_session,bearish,impulsive,bearish,primary,break_retest_close_confirmation,A,unknown,strong,65.0,75.0,4636.26,4654.0,4620.0,4600.0,4580.0,17.73999999999978,16.26000000000022,36.26000000000022,56.26000000000022,0.9165727170236989,2.0439684329199923,3.171364148816286,0.0,17.73999999999978,17.73999999999978,35.47999999999956,0.96,0.0,0.96,13.739999999999782,0.0,17.73999999999978,0.0,0.0,0.0,1.0,1,1,LOSS,-17.74,SL_HIT,0,1
2026-04-05T22:45:00+00:00,XAUUSD,SELL,off_session,bearish,impulsive,bearish,primary,break_retest_close_confirmation,A,unknown,strong,0.0,75.0,4645.45,4664.0,4620.0,4600.0,4580.0,18.550000000000182,25.449999999999818,45.44999999999982,65.44999999999982,1.3719676549864996,2.450134770889454,3.5283018867924083,0.0,18.550000000000182,18.550000000000182,37.100000000000364,0.5,0.0,0.5,4.550000000000182,0.0,18.550000000000182,0.0,0.0,0.0,1.0,1,1,LOSS,-18.55,SL_HIT,0,1
2026-04-05T23:00:00+00:00,XAUUSD,SELL,off_session,bearish,impulsive,bearish,primary,sweep_reclaim_confirmation,A+,unknown,strong,65.0,85.0,4632.57,4654.0,4620.0,4600.0,4580.0,21.43000000000029,12.569999999999709,32.56999999999971,52.56999999999971,0.5865608959402491,1.5198320111992192,2.4531031264581893,0.0,21.43000000000029,21.43000000000029,42.86000000000058,0.96,0.0,0.96,17.43000000000029,0.0,21.43000000000029,0.0,0.0,0.0,1.0,1,1,LOSS,-21.43,SL_HIT,0,1
2026-04-05T23:15:00+00:00,XAUUSD,SELL,asia,bearish,impulsive,bearish,primary,failed_retest_confirmation,A+,unknown,strong,0.0,95.0,4609.84,4644.0,4580.32,4560.0,4540.0,34.159999999999854,29.520000000000437,49.840000000000146,69.84000000000015,0.8641686182669954,1.4590163934426335,2.044496487119451,0.0,34.159999999999854,34.159999999999854,68.31999999999971,0.5,0.0,0.5,9.840000000000146,0.0,34.159999999999854,0.0,0.0,0.0,1.0,0,1,LOSS,-34.16,SL_HIT,0,0
2026-04-05T23:15:00+00:00,XAUUSD,SELL,off_session,bearish,impulsive,bearish,primary,failed_retest_confirmation,A+,unknown,strong,0.0,85.0,4609.84,4644.0,4580.32,4560.0,4540.0,34.159999999999854,29.520000000000437,49.840000000000146,69.84000000000015,0.8641686182669954,1.4590163934426335,2.044496487119451,0.0,34.159999999999854,34.159999999999854,68.31999999999971,0.5,0.0,0.5,9.840000000000146,0.0,34.159999999999854,0.0,0.0,0.0,1.0,0,1,LOSS,-34.16,SL_HIT,0,0
2026-04-06T00:15:00+00:00,XAUUSD,SELL,asia,bearish,impulsive,bearish,primary,structure_shift_confirmation,A+,unknown,strong,0.0,95.0,4603.24,4644.0,4580.32,4560.0,4540.0,40.76000000000022,22.920000000000073,43.23999999999978,63.23999999999978,0.5623159960745817,1.0608439646712353,1.5515210991167674,0.0,40.76000000000022,40.76000000000022,81.52000000000044,0.5,0.0,0.5,3.2399999999997817,0.0,40.76000000000022,0.0,0.0,0.0,1.0,0,1,LOSS,-40.76,SL_HIT,0,0
2026-04-06T00:15:00+00:00,XAUUSD,SELL,asia,bearish,impulsive,bearish,primary,structure_shift_confirmation,A+,unknown,strong,0.0,85.0,4603.24,4644.0,4580.32,4560.0,4540.0,40.76000000000022,22.920000000000073,43.23999999999978,63.23999999999978,0.5623159960745817,1.0608439646712353,1.5515210991167674,0.0,40.76000000000022,40.76000000000022,81.52000000000044,0.5,0.0,0.5,3.2399999999997817,0.0,40.76000000000022,0.0,0.0,0.0,1.0,0,1,LOSS,-40.76,SL_HIT,0,0
2026-04-06T00:30:00+00:00,XAUUSD,SELL,asia,bearish,impulsive,bearish,primary,break_retest_close_confirmation,A,unknown,strong,95.0,85.0,4618.93,4646.0,4580.0,4560.0,4535.0,27.1,38.9,58.9,83.9,1.44,2.18,3.1,1.0,27.1,27.1,54.2,0.5,0.0,0.5,18.93000000000029,18.93000000000029,21.06999999999971,0.0,0.0,0.0,1.0,0,1,LOSS,-27.07,SL_HIT,0,0
2026-04-06T00:30:00+00:00,XAUUSD,SELL,asia,bearish,impulsive,bearish,primary,break_retest_close_confirmation,A,unknown,strong,90.0,85.0,4618.93,4646.0,4580.0,4560.0,4535.0,27.1,38.9,58.9,83.9,1.44,2.18,3.1,1.0,27.1,27.1,54.2,0.5,0.0,0.5,18.93000000000029,18.93000000000029,21.06999999999971,0.0,0.0,0.0,1.0,0,1,LOSS,-27.07,SL_HIT,0,0
2026-04-06T00:30:00+00:00,XAUUSD,SELL,asia,bearish,impulsive,bearish,primary,break_retest_close_confirmation,A,unknown,strong,90.0,85.0,4618.93,4646.0,4580.0,4560.0,4535.0,27.1,38.9,58.9,83.9,1.44,2.18,3.1,1.0,27.1,27.1,54.2,0.5,0.0,0.5,18.93000000000029,18.93000000000029,21.06999999999971,0.0,0.0,0.0,1.0,0,1,LOSS,-27.07,SL_HIT,0,0
2026-04-06T00:30:00+00:00,XAUUSD,SELL,asia,bearish,impulsive,bearish,primary,break_retest_close_confirmation,A,unknown,strong,90.0,85.0,4618.93,4646.0,4580.0,4560.0,4535.0,27.1,38.9,58.9,83.9,1.44,2.18,3.1,1.0,27.1,27.1,54.2,0.5,0.0,0.5,18.93000000000029,18.93000000000029,21.06999999999971,0.0,0.0,0.0,1.0,0,1,LOSS,-27.07,SL_HIT,0,0
2026-04-06T00:30:00+00:00,XAUUSD,SELL,asia,bearish,impulsive,bearish,primary,break_retest_close_confirmation,A,unknown,strong,90.0,85.0,4618.93,4646.0,4580.0,4560.0,4535.0,27.1,38.9,58.9,83.9,1.44,2.18,3.1,1.0,27.1,27.1,54.2,0.5,0.0,0.5,18.93000000000029,18.93000000000029,21.06999999999971,0.0,0.0,0.0,1.0,0,1,LOSS,-27.07,SL_HIT,0,0
2026-04-06T00:30:00+00:00,XAUUSD,SELL,asia,bearish,impulsive,bearish,primary,break_retest_close_confirmation,A,unknown,strong,90.0,85.0,4618.93,4646.0,4580.0,4560.0,4535.0,27.1,38.9,58.9,83.9,1.44,2.18,3.1,1.0,27.1,27.1,54.2,0.5,0.0,0.5,18.93000000000029,18.93000000000029,21.06999999999971,0.0,0.0,0.0,1.0,0,1,LOSS,-27.07,SL_HIT,0,0
2026-04-06T00:30:00+00:00,XAUUSD,SELL,asia,bearish,impulsive,bearish,primary,break_retest_close_confirmation,A,unknown,strong,0.0,85.0,4618.93,4644.0,4600.0,4580.0,4560.0,25.06999999999971,18.93000000000029,38.93000000000029,58.93000000000029,0.7550857598723778,1.5528520143598221,2.3506182688472665,0.0,25.06999999999971,25.06999999999971,50.13999999999942,0.5,0.0,0.5,18.93000000000029,0.0,25.06999999999971,0.0,0.0,0.0,1.0,0,1,LOSS,-25.07,SL_HIT,0,0
2026-04-06T00:30:00+00:00,XAUUSD,SELL,asia,bearish,impulsive,bearish,primary,break_retest_close_confirmation,A,unknown,strong,95.0,85.0,4618.93,4646.0,4580.0,4560.0,4535.0,27.1,38.9,58.9,83.9,1.44,2.18,3.1,1.0,27.1,27.1,54.2,0.5,0.0,0.5,18.93000000000029,18.93000000000029,21.06999999999971,0.0,0.0,0.0,1.0,0,1,LOSS,-27.07,SL_HIT,0,0
2026-04-06T00:30:00+00:00,XAUUSD,SELL,asia,bearish,impulsive,bearish,primary,break_retest_close_confirmation,A,unknown,strong,60.0,85.0,4618.93,4644.0,4600.0,4580.0,4560.0,25.06999999999971,18.93000000000029,38.93000000000029,58.93000000000029,0.7550857598723778,1.5528520143598221,2.3506182688472665,0.0,25.06999999999971,25.06999999999971,50.13999999999942,0.5,0.0,0.5,18.93000000000029,0.0,25.06999999999971,0.0,0.0,0.0,1.0,0,1,LOSS,-25.07,SL_HIT,0,0
2026-04-06T00:30:00+00:00,XAUUSD,SELL,asia,bearish,impulsive,bearish,primary,break_retest_close_confirmation,A,unknown,strong,0.0,85.0,4618.93,4644.0,4600.0,4580.0,4560.0,25.06999999999971,18.93000000000029,38.93000000000029,58.93000000000029,0.7550857598723778,1.5528520143598221,2.3506182688472665,0.0,25.06999999999971,25.06999999999971,50.13999999999942,0.5,0.0,0.5,18.93000000000029,0.0,25.06999999999971,0.0,0.0,0.0,1.0,0,1,LOSS,-25.07,SL_HIT,0,0
2026-04-06T00:30:00+00:00,XAUUSD,SELL,asia,bearish,impulsive,bearish,primary,break_retest_close_confirmation,A,unknown,strong,95.0,75.0,4618.93,4646.0,4580.0,4560.0,4535.0,27.1,38.9,58.9,83.9,1.44,2.18,3.1,1.0,27.1,27.1,54.2,0.5,0.0,0.5,18.93000000000029,18.93000000000029,21.06999999999971,0.0,0.0,0.0,1.0,0,1,LOSS,-27.07,SL_HIT,0,0
2026-04-06T00:30:00+00:00,XAUUSD,SELL,asia,bearish,impulsive,bearish,primary,break_retest_close_confirmation,A,unknown,strong,0.0,75.0,4618.93,4644.0,4600.0,4580.0,4560.0,25.06999999999971,18.93000000000029,38.93000000000029,58.93000000000029,0.7550857598723778,1.5528520143598221,2.3506182688472665,0.0,25.06999999999971,25.06999999999971,50.13999999999942,0.5,0.0,0.5,18.93000000000029,0.0,25.06999999999971,0.0,0.0,0.0,1.0,0,1,LOSS,-25.07,SL_HIT,0,0
2026-04-06T01:00:00+00:00,XAUUSD,BUY,asia,bearish,impulsive,bearish,secondary,structure_shift_confirmation,A+,unknown,weak,0.0,95.0,4641.63,4656.0,4660.0,4680.0,4700.0,14.36999999999989,18.36999999999989,38.36999999999989,58.36999999999989,1.2783576896311781,2.670146137787069,4.06193458594296,0.0,14.36999999999989,14.36999999999989,28.73999999999978,0.5,0.0,0.5,8.36999999999989,0.0,14.36999999999989,0.0,0.0,0.0,0.0,0,1,LOSS,14.37,SL_HIT,0,0
2026-04-06T01:00:00+00:00,XAUUSD,BUY,asia,bearish,impulsive,bearish,secondary,structure_shift_confirmation,A+,unknown,weak,0.0,85.0,4641.63,4656.0,4660.0,4680.0,4700.0,14.36999999999989,18.36999999999989,38.36999999999989,58.36999999999989,1.2783576896311781,2.670146137787069,4.06193458594296,0.0,14.36999999999989,14.36999999999989,28.73999999999978,0.5,0.0,0.5,8.36999999999989,0.0,14.36999999999989,0.0,0.0,0.0,0.0,0,1,LOSS,14.37,SL_HIT,0,0
2026-04-06T01:30:00+00:00,XAUUSD,SELL,asia,bearish,impulsive,bearish,primary,failed_retest_confirmation,A+,unknown,strong,65.0,95.0,4627.58,4654.0,4600.0,4580.0,4560.0,26.420000000000073,27.579999999999927,47.57999999999993,67.57999999999993,1.0439061317183895,1.8009084027252005,2.557910673732011,0.0,26.420000000000073,26.420000000000073,52.840000000000146,0.96,0.0,0.96,22.420000000000073,0.0,26.420000000000073,0.0,0.0,0.0,1.0,0,1,LOSS,-26.42,SL_HIT,0,0
2026-04-06T01:30:00+00:00,XAUUSD,SELL,asia,bearish,impulsive,bearish,primary,failed_retest_confirmation,A+,unknown,strong,65.0,95.0,4627.58,4654.0,4600.0,4580.0,4560.0,26.420000000000073,27.579999999999927,47.57999999999993,67.57999999999993,1.0439061317183895,1.8009084027252005,2.557910673732011,0.0,26.420000000000073,26.420000000000073,52.840000000000146,0.96,0.0,0.96,22.420000000000073,0.0,26.420000000000073,0.0,0.0,0.0,1.0,0,1,LOSS,-26.42,SL_HIT,0,0
2026-04-06T01:30:00+00:00,XAUUSD,SELL,asia,bearish,impulsive,bearish,primary,failed_retest_confirmation,A+,unknown,strong,65.0,85.0,4627.58,4654.0,4600.0,4580.0,4560.0,26.420000000000073,27.579999999999927,47.57999999999993,67.57999999999993,1.0439061317183895,1.8009084027252005,2.557910673732011,0.0,26.420000000000073,26.420000000000073,52.840000000000146,0.96,0.0,0.96,22.420000000000073,0.0,26.420000000000073,0.0,0.0,0.0,1.0,0,1,LOSS,-26.42,SL_HIT,0,0
2026-04-06T02:00:00+00:00,XAUUSD,SELL,asia,bearish,impulsive,bearish,primary,break_retest_close_confirmation,A,unknown,strong,65.0,75.0,4636.22,4654.0,4620.0,4600.0,4580.0,17.779999999999745,16.220000000000255,36.220000000000255,56.220000000000255,0.912260967379105,2.037120359955049,3.161979752530993,0.0,17.779999999999745,17.779999999999745,35.55999999999949,0.96,0.0,0.96,13.779999999999745,0.0,17.779999999999745,0.0,0.0,0.0,1.0,0,1,LOSS,-17.78,SL_HIT,0,0
2026-04-06T02:15:00+00:00,XAUUSD,BUY,asia,bearish,impulsive,bearish,secondary,structure_shift_confirmation,A+,unknown,weak,0.0,95.0,4661.18,4668.1,4671.86,4700.0,4720.0,6.920000000000073,10.679999999999382,38.81999999999971,58.81999999999971,1.5433526011559637,5.609826589595275,8.499999999999869,0.0,6.920000000000073,6.920000000000073,13.840000000000146,0.5,0.0,0.5,11.180000000000291,0.0,6.920000000000073,0.0,0.0,0.0,0.0,0,1,LOSS,6.92,SL_HIT,0,0
2026-04-06T02:15:00+00:00,XAUUSD,BUY,asia,bearish,impulsive,bearish,secondary,structure_shift_confirmation,A+,unknown,weak,0.0,85.0,4661.18,4668.1,4671.86,4700.0,4720.0,6.920000000000073,10.679999999999382,38.81999999999971,58.81999999999971,1.5433526011559637,5.609826589595275,8.499999999999869,0.0,6.920000000000073,6.920000000000073,13.840000000000146,0.5,0.0,0.5,11.180000000000291,0.0,6.920000000000073,0.0,0.0,0.0,0.0,0,1,LOSS,6.92,SL_HIT,0,0
2026-04-06T02:30:00+00:00,XAUUSD,SELL,asia,bearish,impulsive,bearish,primary,failed_retest_confirmation,A+,unknown,strong,0.0,85.0,4651.2,4675.86,4640.0,4620.0,4600.0,24.659999999999854,11.199999999999818,31.199999999999818,51.19999999999982,0.45417680454176335,1.2652068126520681,2.076236820762373,0.0,24.659999999999854,24.659999999999854,49.31999999999971,0.5,0.0,0.5,1.199999999999818,0.0,24.659999999999854,0.0,0.0,0.0,1.0,1,1,LOSS,-24.66,SL_HIT,0,1
2026-04-06T02:45:00+00:00,XAUUSD,SELL,asia,bearish,impulsive,bearish,primary,failed_retest_confirmation,A+,unknown,strong,0.0,85.0,4648.08,4664.0,4620.0,4600.0,4580.0,15.920000000000073,28.079999999999927,48.07999999999993,68.07999999999993,1.7638190954773743,3.0201005025125442,4.276381909547714,0.0,15.920000000000073,15.920000000000073,31.840000000000146,0.5,0.0,0.5,1.9200000000000728,0.0,15.920000000000073,0.0,0.0,0.0,1.0,0,1,LOSS,-15.92,SL_HIT,0,0
2026-04-06T03:00:00+00:00,XAUUSD,SELL,asia,bullish,range,bullish,primary,structure_shift_confirmation,A+,unknown,weak,65.0,95.0,4633.16,4654.0,4620.0,4600.0,4580.0,20.840000000000146,13.159999999999854,33.159999999999854,53.159999999999854,0.6314779270633284,1.5911708253358745,2.5508637236084204,0.0,20.840000000000146,20.840000000000146,41.68000000000029,0.96,0.0,0.96,16.840000000000146,0.0,20.840000000000146,0.0,0.0,0.0,0.0,0,1,LOSS,-20.84,SL_HIT,0,0
2026-04-06T03:00:00+00:00,XAUUSD,SELL,asia,bearish,impulsive,bearish,primary,structure_shift_confirmation,A+,unknown,strong,65.0,85.0,4633.16,4654.0,4620.0,4600.0,4580.0,20.840000000000146,13.159999999999854,33.159999999999854,53.159999999999854,0.6314779270633284,1.5911708253358745,2.5508637236084204,0.0,20.840000000000146,20.840000000000146,41.68000000000029,0.96,0.0,0.96,16.840000000000146,0.0,20.840000000000146,0.0,0.0,0.0,1.0,0,1,LOSS,-20.84,SL_HIT,0,0
2026-04-06T04:00:00+00:00,XAUUSD,BUY,asia,bullish,impulsive,bullish,primary,structure_shift_confirmation,A+,unknown,strong,85.0,80.0,4643.53,4616.0,4660.0,4680.0,4700.0,27.529999999999745,16.470000000000255,36.470000000000255,56.470000000000255,0.59825644751182,1.3247366509262837,2.0512168543407476,0.0,27.529999999999745,27.529999999999745,55.05999999999949,0.92,0.0,0.92,6.470000000000255,0.0,27.529999999999745,0.0,0.0,0.0,1.0,1,0,BREAKEVEN_WIN,16.47,BREAKEVEN_WIN,1,1
2026-04-06T04:00:00+00:00,XAUUSD,BUY,asia,bullish,range,bullish,primary,structure_shift_confirmation,A+,unknown,strong,85.0,80.0,4643.53,4616.0,4660.0,4680.0,4700.0,27.529999999999745,16.470000000000255,36.470000000000255,56.470000000000255,0.59825644751182,1.3247366509262837,2.0512168543407476,0.0,27.529999999999745,27.529999999999745,55.05999999999949,0.92,0.0,0.92,6.470000000000255,0.0,27.529999999999745,0.0,0.0,0.0,1.0,1,0,STRONG_WIN,56.47,STRONG_WIN,1,1
2026-04-06T04:45:00+00:00,XAUUSD,BUY,asia,bullish,impulsive,bullish,primary,structure_shift_confirmation,A+,unknown,strong,110.0,90.0,4658.9,4636.0,4671.86,4700.0,4720.0,22.899999999999636,12.960000000000036,41.100000000000364,61.100000000000364,0.5659388646288316,1.7947598253275554,2.6681222707424164,0.0,22.899999999999636,22.899999999999636,45.79999999999927,0.96,0.0,0.96,8.899999999999636,0.0,22.899999999999636,0.0,0.0,0.0,1.0,1,0,BREAKEVEN_WIN,12.96,BREAKEVEN_WIN,1,1
2026-04-06T04:45:00+00:00,XAUUSD,BUY,asia,bullish,range,bullish,primary,structure_shift_confirmation,A+,unknown,strong,110.0,80.0,4658.9,4636.0,4671.86,4700.0,4720.0,22.899999999999636,12.960000000000036,41.100000000000364,61.100000000000364,0.5659388646288316,1.7947598253275554,2.6681222707424164,0.0,22.899999999999636,22.899999999999636,45.79999999999927,0.96,0.0,0.96,8.899999999999636,0.0,22.899999999999636,0.0,0.0,0.0,1.0,1,0,WIN,41.1,TP1_OR_BETTER,1,1
2026-04-06T05:45:00+00:00,XAUUSD,SELL,asia,bullish,impulsive,bullish,secondary,sweep_reclaim_confirmation,A+,unknown,weak,0.0,85.0,4652.76,4664.0,4640.0,4620.0,4600.0,11.239999999999782,12.760000000000218,32.76000000000022,52.76000000000022,1.1352313167260202,2.914590747331037,4.6939501779360535,0.0,11.239999999999782,11.239999999999782,22.479999999999563,0.5,0.0,0.5,2.7600000000002183,0.0,11.239999999999782,0.0,0.0,0.0,0.0,0,1,LOSS,-11.24,SL_HIT,0,0
2026-04-06T05:45:00+00:00,XAUUSD,SELL,asia,bullish,impulsive,bullish,secondary,structure_shift_confirmation,A+,unknown,weak,0.0,85.0,4652.76,4654.0,4640.0,4620.0,4600.0,1.2399999999997817,12.760000000000218,32.76000000000022,52.76000000000022,10.290322580647148,26.419354838714504,42.54838709678186,0.0,1.2399999999997817,1.2399999999997817,2.4799999999995634,0.5,0.0,0.5,2.7600000000002183,0.0,1.2399999999997817,0.0,0.0,0.0,0.0,0,1,LOSS,-1.24,SL_HIT,0,0
2026-04-06T06:00:00+00:00,XAUUSD,BUY,london,bullish,impulsive,bullish,primary,failed_retest_confirmation,A+,unknown,strong,0.0,95.0,4660.8,4646.0,4672.1,4700.0,4720.0,14.800000000000182,11.300000000000182,39.19999999999982,59.19999999999982,0.7635135135135164,2.648648648648604,3.9999999999999387,0.0,14.800000000000182,14.800000000000182,29.600000000000364,0.5,0.0,0.5,10.800000000000182,0.0,14.800000000000182,0.0,0.0,0.0,1.0,1,0,BREAKEVEN_WIN,11.3,BREAKEVEN_WIN,1,1
2026-04-06T06:00:00+00:00,XAUUSD,BUY,asia,bullish,impulsive,bullish,primary,failed_retest_confirmation,A+,unknown,strong,0.0,85.0,4660.8,4646.0,4672.1,4700.0,4720.0,14.800000000000182,11.300000000000182,39.19999999999982,59.19999999999982,0.7635135135135164,2.648648648648604,3.9999999999999387,0.0,14.800000000000182,14.800000000000182,29.600000000000364,0.5,0.0,0.5,10.800000000000182,0.0,14.800000000000182,0.0,0.0,0.0,1.0,0,1,LOSS,-14.8,SL_HIT,0,0
2026-04-06T06:45:00+00:00,XAUUSD,BUY,london,bullish,impulsive,bullish,primary,structure_shift_confirmation,A+,unknown,strong,0.0,95.0,4665.84,4646.0,4676.89,4700.0,4720.0,19.840000000000146,11.050000000000182,34.159999999999854,54.159999999999854,0.5569556451612954,1.721774193548367,2.729838709677392,0.0,19.840000000000146,19.840000000000146,39.68000000000029,0.5,0.0,0.5,15.840000000000146,0.0,19.840000000000146,0.0,0.0,0.0,1.0,1,0,BREAKEVEN_WIN,11.05,BREAKEVEN_WIN,1,1
2026-04-06T06:45:00+00:00,XAUUSD,BUY,asia,bullish,impulsive,bullish,primary,structure_shift_confirmation,A+,unknown,strong,0.0,85.0,4665.84,4646.0,4676.89,4700.0,4720.0,19.840000000000146,11.050000000000182,34.159999999999854,54.159999999999854,0.5569556451612954,1.721774193548367,2.729838709677392,0.0,19.840000000000146,19.840000000000146,39.68000000000029,0.5,0.0,0.5,15.840000000000146,0.0,19.840000000000146,0.0,0.0,0.0,1.0,0,1,LOSS,-19.84,SL_HIT,0,0
2026-04-06T07:00:00+00:00,XAUUSD,BUY,london,bullish,impulsive,bullish,primary,break_retest_close_confirmation,A,unknown,strong,100.0,75.0,4651.71,4634.0,4676.89,4700.0,4720.0,17.7,25.2,48.3,68.3,1.42,2.73,3.86,0.0,17.7,17.7,35.4,0.96,0.0,0.96,1.7100000000000364,0.0,11.710000000000036,0.0,0.0,0.0,1.0,1,0,WIN,48.29,TP1_OR_BETTER,1,1
2026-04-06T07:00:00+00:00,XAUUSD,BUY,london,bullish,impulsive,bullish,primary,break_retest_close_confirmation,A,unknown,strong,100.0,75.0,4651.71,4634.0,4676.89,4700.0,4720.0,17.7,25.2,48.3,68.3,1.42,2.73,3.86,0.0,17.7,17.7,35.4,0.96,0.0,0.96,1.7100000000000364,0.0,11.710000000000036,0.0,0.0,0.0,1.0,1,0,WIN,48.29,TP1_OR_BETTER,1,1
2026-04-06T07:00:00+00:00,XAUUSD,BUY,london,bullish,impulsive,bullish,primary,break_retest_close_confirmation,A,unknown,strong,100.0,75.0,4651.71,4634.0,4676.89,4700.0,4720.0,17.7,25.2,48.3,68.3,1.42,2.73,3.86,0.0,17.7,17.7,35.4,0.96,0.0,0.96,1.7100000000000364,0.0,11.710000000000036,0.0,0.0,0.0,1.0,1,0,WIN,48.29,TP1_OR_BETTER,1,1
2026-04-06T07:00:00+00:00,XAUUSD,BUY,london,bullish,impulsive,bullish,primary,break_retest_close_confirmation,A,unknown,strong,100.0,75.0,4651.71,4634.0,4676.89,4700.0,4720.0,17.7,25.2,48.3,68.3,1.42,2.73,3.86,0.0,17.7,17.7,35.4,0.96,0.0,0.96,1.7100000000000364,0.0,11.710000000000036,0.0,0.0,0.0,1.0,1,0,WIN,48.29,TP1_OR_BETTER,1,1
2026-04-06T07:00:00+00:00,XAUUSD,BUY,london,bullish,impulsive,bullish,primary,break_retest_close_confirmation,A,unknown,strong,100.0,75.0,4651.71,4634.0,4676.89,4700.0,4720.0,17.7,25.2,48.3,68.3,1.42,2.73,3.86,0.0,17.7,17.7,35.4,0.96,0.0,0.96,1.7100000000000364,0.0,11.710000000000036,0.0,0.0,0.0,1.0,1,0,WIN,48.29,TP1_OR_BETTER,1,1
2026-04-06T07:00:00+00:00,XAUUSD,BUY,london,bullish,impulsive,bullish,primary,break_retest_close_confirmation,A,unknown,strong,110.0,75.0,4651.71,4636.0,4676.89,4700.0,4720.0,15.710000000000036,25.18000000000029,48.289999999999964,68.28999999999996,1.6028007638446997,3.0738383195416836,4.34691279439846,0.0,15.710000000000036,15.710000000000036,31.420000000000073,0.96,0.0,0.96,1.7100000000000364,0.0,15.710000000000036,0.0,0.0,0.0,1.0,1,0,BREAKEVEN_WIN,25.18,BREAKEVEN_WIN,1,1
2026-04-06T07:00:00+00:00,XAUUSD,SELL,london,bullish,impulsive,bullish,secondary,displacement_confirmation,A,unknown,weak,0.0,75.0,4651.71,4654.0,4640.0,4620.0,4600.0,2.2899999999999636,11.710000000000036,31.710000000000036,51.710000000000036,5.113537117904027,13.847161572052638,22.58078602620125,0.0,2.2899999999999636,2.2899999999999636,4.579999999999927,0.5,0.0,0.5,1.7100000000000364,0.0,2.2899999999999636,0.0,0.0,0.0,0.0,0,1,LOSS,-2.29,SL_HIT,0,0
2026-04-06T07:00:00+00:00,XAUUSD,BUY,london,bullish,impulsive,bullish,primary,break_retest_close_confirmation,A,unknown,strong,100.0,75.0,4651.71,4636.0,4676.89,4700.0,4720.0,15.710000000000036,25.18000000000029,48.289999999999964,68.28999999999996,1.6028007638446997,3.0738383195416836,4.34691279439846,0.0,15.710000000000036,15.710000000000036,31.420000000000073,0.96,0.0,0.96,1.7100000000000364,0.0,15.710000000000036,0.0,0.0,0.0,1.0,1,0,BREAKEVEN_WIN,25.18,BREAKEVEN_WIN,1,1
2026-04-06T07:00:00+00:00,XAUUSD,BUY,london,bullish,impulsive,bullish,primary,break_retest_close_confirmation,A,unknown,strong,100.0,75.0,4651.71,4634.0,4676.89,4700.0,4720.0,17.7,25.2,48.3,68.3,1.42,2.73,3.86,0.0,17.7,17.7,35.4,0.96,0.0,0.96,1.7100000000000364,0.0,11.710000000000036,0.0,0.0,0.0,1.0,1,0,WIN,48.29,TP1_OR_BETTER,1,1
2026-04-06T07:00:00+00:00,XAUUSD,BUY,london,bullish,impulsive,bullish,primary,break_retest_close_confirmation,A,unknown,strong,110.0,75.0,4651.71,4636.0,4676.89,4700.0,4720.0,15.710000000000036,25.18000000000029,48.289999999999964,68.28999999999996,1.6028007638446997,3.0738383195416836,4.34691279439846,0.0,15.710000000000036,15.710000000000036,31.420000000000073,0.96,0.0,0.96,1.7100000000000364,0.0,15.710000000000036,0.0,0.0,0.0,1.0,1,0,BREAKEVEN_WIN,25.18,BREAKEVEN_WIN,1,1
2026-04-06T07:00:00+00:00,XAUUSD,SELL,london,bullish,impulsive,bullish,secondary,displacement_confirmation,A,unknown,weak,0.0,75.0,4651.71,4654.0,4640.0,4620.0,4600.0,2.2899999999999636,11.710000000000036,31.710000000000036,51.710000000000036,5.113537117904027,13.847161572052638,22.58078602620125,0.0,2.2899999999999636,2.2899999999999636,4.579999999999927,0.5,0.0,0.5,1.7100000000000364,0.0,2.2899999999999636,0.0,0.0,0.0,0.0,0,1,LOSS,-2.29,SL_HIT,0,0
2026-04-06T07:00:00+00:00,XAUUSD,BUY,london,bullish,impulsive,bullish,primary,break_retest_close_confirmation,A,unknown,strong,110.0,75.0,4651.71,4636.0,4676.89,4700.0,4720.0,15.710000000000036,25.18000000000029,48.289999999999964,68.28999999999996,1.6028007638446997,3.0738383195416836,4.34691279439846,0.0,15.710000000000036,15.710000000000036,31.420000000000073,0.96,0.0,0.96,1.7100000000000364,0.0,15.710000000000036,0.0,0.0,0.0,1.0,1,0,WIN,48.29,TP1_OR_BETTER,1,1
2026-04-06T07:00:00+00:00,XAUUSD,BUY,london,bullish,impulsive,bullish,primary,break_retest_close_confirmation,A,unknown,strong,100.0,75.0,4651.71,4634.0,4676.89,4700.0,4720.0,17.7,25.2,48.3,68.3,1.42,2.73,3.86,0.0,17.7,17.7,35.4,0.96,0.0,0.96,1.7100000000000364,0.0,11.710000000000036,0.0,0.0,0.0,1.0,1,0,WIN,48.29,TP1_OR_BETTER,1,1
2026-04-06T07:00:00+00:00,XAUUSD,BUY,london,bullish,impulsive,bullish,primary,break_retest_close_confirmation,A,unknown,strong,100.0,75.0,4651.71,4634.0,4676.89,4700.0,4720.0,17.7,25.2,48.3,68.3,1.42,2.73,3.86,0.0,17.7,17.7,35.4,0.96,0.0,0.96,1.7100000000000364,0.0,11.710000000000036,0.0,0.0,0.0,1.0,1,0,WIN,48.29,TP1_OR_BETTER,1,1
2026-04-06T07:15:00+00:00,XAUUSD,BUY,london,bullish,impulsive,bullish,primary,break_retest_close_confirmation,A,unknown,strong,110.0,75.0,4650.6,4636.0,4676.89,4700.0,4720.0,14.600000000000364,26.289999999999964,49.399999999999636,69.39999999999964,1.8006849315068019,3.3835616438355074,4.7534246575341035,0.0,14.600000000000364,14.600000000000364,29.200000000000728,0.96,0.0,0.96,0.6000000000003638,0.0,14.600000000000364,0.0,0.0,0.0,1.0,1,0,WIN,49.4,TP1_OR_BETTER,1,1
2026-04-06T07:30:00+00:00,XAUUSD,BUY,london,bullish,impulsive,bullish,primary,failed_retest_confirmation,A+,unknown,strong,0.0,85.0,4664.1,4646.0,4676.89,4700.0,4720.0,18.100000000000364,12.789999999999964,35.899999999999636,55.899999999999636,0.7066298342541274,1.9834254143645809,3.0883977900551662,0.0,18.100000000000364,18.100000000000364,36.20000000000073,0.5,0.0,0.5,14.100000000000364,0.0,18.100000000000364,0.0,0.0,0.0,1.0,1,0,WIN,35.9,TP1_OR_BETTER,1,1
2026-04-06T07:45:00+00:00,XAUUSD,BUY,london,bullish,impulsive,bullish,primary,structure_shift_confirmation,A+,unknown,strong,0.0,85.0,4684.52,4656.0,4700.0,4720.0,4740.0,28.520000000000437,15.479999999999563,35.47999999999956,55.47999999999956,0.5427769985974519,1.2440392706872028,1.9453015427769536,0.0,28.520000000000437,28.520000000000437,57.04000000000087,0.5,0.0,0.5,15.479999999999563,0.0,28.520000000000437,0.0,0.0,0.0,1.0,1,1,LOSS,-28.52,SL_HIT,0,1
2026-04-06T09:00:00+00:00,XAUUSD,BUY,london,bullish,impulsive,bullish,primary,structure_shift_confirmation,A+,unknown,strong,95.0,85.0,4701.07,4676.0,4720.0,4740.0,4760.0,25.06999999999971,18.93000000000029,38.93000000000029,58.93000000000029,0.7550857598723778,1.5528520143598221,2.3506182688472665,0.0,25.06999999999971,25.06999999999971,50.13999999999942,0.94,0.0,0.94,1.069999999999709,0.0,25.06999999999971,0.0,0.0,0.0,1.0,0,1,LOSS,-25.07,SL_HIT,0,0
2026-04-06T09:15:00+00:00,XAUUSD,BUY,london,bullish,impulsive,bullish,primary,failed_retest_confirmation,A+,unknown,strong,95.0,85.0,4702.19,4676.0,4720.0,4740.0,4760.0,26.1899999999996,17.8100000000004,37.8100000000004,57.8100000000004,0.6800305460099532,1.4436807941962955,2.2073310423826378,0.0,26.1899999999996,26.1899999999996,52.3799999999992,0.94,0.0,0.94,2.1899999999996,0.0,26.1899999999996,0.0,0.0,0.0,1.0,0,1,LOSS,-26.19,SL_HIT,0,0
2026-04-06T09:45:00+00:00,XAUUSD,SELL,off_session,bullish,impulsive,bullish,secondary,sweep_reclaim_confirmation,A+,unknown,weak,90.0,85.0,4693.63,4704.0,4680.0,4660.0,4620.4,10.36999999999989,13.63000000000011,33.63000000000011,73.23000000000047,1.3143683702989637,3.2430086788814334,7.061716489874758,0.0,10.36999999999989,10.36999999999989,20.73999999999978,0.96,0.0,0.96,6.369999999999891,0.0,10.36999999999989,0.0,0.0,0.0,0.0,1,0,BREAKEVEN_WIN,13.63,BREAKEVEN_WIN,1,1
2026-04-06T09:45:00+00:00,XAUUSD,SELL,london,bullish,impulsive,bullish,secondary,structure_shift_confirmation,A+,unknown,weak,0.0,85.0,4693.63,4684.0,4680.0,4660.0,4640.0,9.63000000000011,13.63000000000011,33.63000000000011,53.63000000000011,1.4153686396677003,3.4922118380062024,5.569055036344704,0.0,9.63000000000011,9.63000000000011,19.26000000000022,0.5,0.0,0.5,6.369999999999891,0.0,9.63000000000011,0.0,0.0,0.0,0.0,0,1,LOSS,9.63,SL_HIT,0,0
2026-04-06T10:00:00+00:00,XAUUSD,SELL,off_session,bullish,impulsive,bullish,secondary,structure_shift_confirmation,A+,unknown,weak,0.0,85.0,4686.83,4684.0,4660.0,4640.0,4620.0,2.8299999999999272,26.829999999999927,46.82999999999993,66.82999999999993,9.480565371024953,16.547703180212412,23.614840989399873,0.0,2.8299999999999272,2.8299999999999272,5.6599999999998545,0.5,0.0,0.5,13.170000000000073,0.0,2.8299999999999272,0.0,0.0,0.0,0.0,0,1,LOSS,2.83,SL_HIT,0,0
2026-04-06T11:45:00+00:00,XAUUSD,SELL,new_york,bullish,range,bullish,secondary,sweep_reclaim_confirmation,A+,unknown,weak,0.0,95.0,4677.99,4684.0,4660.0,4640.0,4620.0,6.010000000000218,17.98999999999978,37.98999999999978,57.98999999999978,2.9933444259565936,6.321131447587089,9.648918469217584,0.0,6.010000000000218,6.010000000000218,12.020000000000437,0.5,0.0,0.5,22.01000000000022,0.0,6.010000000000218,0.0,0.0,0.0,0.0,0,1,LOSS,-6.01,SL_HIT,0,0
2026-04-06T11:45:00+00:00,XAUUSD,SELL,off_session,bullish,impulsive,bullish,secondary,structure_shift_confirmation,A+,unknown,weak,0.0,85.0,4677.99,4664.0,4660.0,4640.0,4620.0,13.989999999999782,17.98999999999978,37.98999999999978,57.98999999999978,1.2859185132237356,2.715511079342414,4.145103645461092,0.0,13.989999999999782,13.989999999999782,27.979999999999563,0.5,0.0,0.5,22.01000000000022,0.0,13.989999999999782,0.0,0.0,0.0,0.0,0,1,LOSS,13.99,SL_HIT,0,0
2026-04-06T12:00:00+00:00,XAUUSD,SELL,off_session,bullish,impulsive,bullish,secondary,structure_shift_confirmation,A+,unknown,weak,0.0,85.0,4672.63,4664.0,4660.0,4640.0,4620.0,8.63000000000011,12.63000000000011,32.63000000000011,52.63000000000011,1.4634994206257184,3.78099652375431,6.0984936268829015,0.0,8.63000000000011,8.63000000000011,17.26000000000022,0.5,0.0,0.5,22.63000000000011,0.0,8.63000000000011,0.0,0.0,0.0,0.0,0,1,LOSS,8.63,SL_HIT,0,0
2026-04-06T12:15:00+00:00,XAUUSD,BUY,new_york,bullish,range,bullish,primary,break_retest_close_confirmation,A,unknown,strong,0.0,85.0,4666.11,4646.0,4680.0,4700.0,4720.0,20.109999999999673,13.890000000000327,33.89000000000033,53.89000000000033,0.6907011437096248,1.6852312282446982,2.6797613127797715,0.0,20.109999999999673,20.109999999999673,40.219999999999345,0.5,0.0,0.5,16.109999999999673,0.0,20.109999999999673,0.0,0.0,0.0,1.0,1,0,BREAKEVEN_WIN,13.89,BREAKEVEN_WIN,1,1
2026-04-06T12:15:00+00:00,XAUUSD,BUY,off_session,bullish,impulsive,bullish,primary,break_retest_close_confirmation,A,unknown,strong,0.0,75.0,4666.11,4646.0,4680.0,4700.0,4720.0,20.109999999999673,13.890000000000327,33.89000000000033,53.89000000000033,0.6907011437096248,1.6852312282446982,2.6797613127797715,0.0,20.109999999999673,20.109999999999673,40.219999999999345,0.5,0.0,0.5,16.109999999999673,0.0,20.109999999999673,0.0,0.0,0.0,1.0,1,1,LOSS,-20.11,SL_HIT,0,1
2026-04-06T12:15:00+00:00,XAUUSD,SELL,off_session,bullish,impulsive,bullish,secondary,structure_shift_confirmation,A+,unknown,weak,0.0,85.0,4666.11,4664.0,4650.0,4620.4,4600.0,2.1099999999996726,16.109999999999673,45.710000000000036,66.10999999999967,7.635071090048423,21.66350710900812,31.331753554507078,0.0,2.1099999999996726,2.1099999999996726,4.219999999999345,0.5,0.0,0.5,16.109999999999673,0.0,2.1099999999996726,0.0,0.0,0.0,0.0,0,1,LOSS,2.11,SL_HIT,0,0
2026-04-06T13:15:00+00:00,XAUUSD,BUY,new_york,bullish,impulsive,bullish,primary,break_retest_close_confirmation,A,unknown,strong,0.0,75.0,4668.54,4646.0,4680.0,4700.0,4720.0,22.539999999999964,11.460000000000036,31.460000000000036,51.460000000000036,0.5084294587400202,1.395740905057679,2.2830523513753382,0.0,22.539999999999964,22.539999999999964,45.07999999999993,0.5,0.0,0.5,18.539999999999964,0.0,22.539999999999964,0.0,0.0,0.0,1.0,1,1,LOSS,-22.54,SL_HIT,0,1
2026-04-06T14:15:00+00:00,XAUUSD,BUY,new_york,bullish,range,bullish,primary,failed_retest_confirmation,A+,unknown,strong,0.0,80.0,4685.85,4656.0,4696.87,4720.0,4740.0,29.850000000000364,11.019999999999527,34.149999999999636,54.149999999999636,0.3691792294807167,1.1440536013400073,1.8140703517587597,0.0,29.850000000000364,29.850000000000364,59.70000000000073,0.5,0.0,0.5,14.149999999999636,0.0,29.850000000000364,0.0,0.0,0.0,1.0,1,1,LOSS,-29.85,SL_HIT,0,1
2026-04-06T14:30:00+00:00,XAUUSD,BUY,new_york,bullish,range,bullish,primary,break_retest_close_confirmation,A,unknown,strong,0.0,70.0,4684.68,4656.0,4696.87,4720.0,4740.0,28.68000000000029,12.1899999999996,35.31999999999971,55.31999999999971,0.42503486750346847,1.2315202231519997,1.9288702928869996,0.0,28.68000000000029,28.68000000000029,57.36000000000058,0.5,0.0,0.5,15.319999999999709,0.0,28.68000000000029,0.0,0.0,0.0,1.0,0,1,LOSS,-28.68,SL_HIT,0,0
2026-04-06T14:45:00+00:00,XAUUSD,BUY,new_york,bullish,range,bullish,primary,break_retest_close_confirmation,A,unknown,strong,0.0,70.0,4682.9,4656.0,4696.87,4720.0,4740.0,26.899999999999636,13.970000000000255,37.100000000000364,57.100000000000364,0.5193308550186039,1.379182156133861,2.1226765799256926,0.0,26.899999999999636,26.899999999999636,53.79999999999927,0.5,0.0,0.5,17.100000000000364,0.0,26.899999999999636,0.0,0.0,0.0,1.0,0,1,LOSS,-26.9,SL_HIT,0,0
2026-04-06T15:00:00+00:00,XAUUSD,SELL,new_york,bullish,reversal_attempt,bullish,secondary,structure_shift_confirmation,A+,unknown,weak,0.0,80.0,4662.45,4664.0,4650.0,4620.4,4600.0,1.550000000000182,12.449999999999818,42.05000000000018,62.44999999999982,8.03225806451507,27.12903225806145,40.290322580640314,0.0,1.550000000000182,1.550000000000182,3.100000000000364,0.5,0.0,0.5,12.449999999999818,0.0,1.550000000000182,0.0,0.0,0.0,0.0,0,1,LOSS,-1.55,SL_HIT,0,0
2026-04-06T15:15:00+00:00,XAUUSD,BUY,new_york,bullish,reversal_attempt,bullish,primary,failed_retest_confirmation,A+,unknown,strong,0.0,80.0,4667.11,4646.0,4680.0,4700.0,4720.0,21.109999999999673,12.890000000000327,32.89000000000033,52.89000000000033,0.6106110847939615,1.5580293699668801,2.5054476551397986,0.0,21.109999999999673,21.109999999999673,42.219999999999345,0.5,0.0,0.5,17.109999999999673,0.0,21.109999999999673,0.0,0.0,0.0,1.0,0,1,LOSS,-21.11,SL_HIT,0,0
2026-04-06T15:30:00+00:00,XAUUSD,SELL,new_york,bullish,reversal_attempt,bullish,secondary,engulfing_level_confirmation,A,unknown,weak,0.0,70.0,4660.36,4664.0,4650.0,4620.4,4600.0,3.6400000000003274,10.359999999999673,39.960000000000036,60.35999999999967,2.8461538461535003,10.978021978021001,16.582417582416,0.0,3.6400000000003274,3.6400000000003274,7.280000000000655,0.5,0.0,0.5,10.359999999999673,0.0,3.6400000000003274,0.0,0.0,0.0,0.0,0,1,LOSS,-3.64,SL_HIT,0,0
2026-04-06T15:30:00+00:00,XAUUSD,SELL,new_york,bullish,reversal_attempt,bullish,secondary,engulfing_level_confirmation,A,unknown,weak,0.0,70.0,4660.36,4664.0,4650.0,4620.4,4600.0,3.6400000000003274,10.359999999999673,39.960000000000036,60.35999999999967,2.8461538461535003,10.978021978021001,16.582417582416,0.0,3.6400000000003274,3.6400000000003274,7.280000000000655,0.5,0.0,0.5,10.359999999999673,0.0,3.6400000000003274,0.0,0.0,0.0,0.0,0,1,LOSS,-3.64,SL_HIT,0,0
2026-04-06T15:30:00+00:00,XAUUSD,BUY,new_york,bullish,reversal_attempt,bullish,primary,break_retest_close_confirmation,A,unknown,strong,0.0,70.0,4660.36,4646.0,4680.0,4700.0,4720.0,14.359999999999673,19.640000000000327,39.64000000000033,59.64000000000033,1.3676880222841765,2.7604456824513393,4.153203342618502,0.0,14.359999999999673,14.359999999999673,28.719999999999345,0.5,0.0,0.5,10.359999999999673,0.0,14.359999999999673,0.0,0.0,0.0,1.0,0,1,LOSS,-14.36,SL_HIT,0,0
2026-04-06T15:45:00+00:00,XAUUSD,BUY,new_york,bullish,reversal_attempt,bullish,primary,failed_retest_confirmation,A+,unknown,strong,0.0,80.0,4668.19,4646.0,4680.0,4700.0,4720.0,22.1899999999996,11.8100000000004,31.8100000000004,51.8100000000004,0.5322217214961971,1.43352861649396,2.334835511491723,0.0,22.1899999999996,22.1899999999996,44.3799999999992,0.5,0.0,0.5,18.1899999999996,0.0,22.1899999999996,0.0,0.0,0.0,1.0,0,1,LOSS,-22.19,SL_HIT,0,0
2026-04-06T17:00:00+00:00,XAUUSD,SELL,asia,neutral,range,neutral,primary,structure_shift_confirmation,A+,unknown,weak,0.0,85.0,4653.99,4684.0,4640.0,4620.0,4600.0,30.01000000000022,13.989999999999782,33.98999999999978,53.98999999999978,0.4661779406864272,1.1326224591802578,1.7990669776740882,0.0,30.01000000000022,30.01000000000022,60.02000000000044,0.5,0.0,0.5,3.9899999999997817,0.0,30.01000000000022,0.0,0.0,0.0,0.0,1,0,BREAKEVEN_WIN,13.99,BREAKEVEN_WIN,1,1
2026-04-06T17:00:00+00:00,XAUUSD,SELL,off_session,neutral,range,neutral,primary,structure_shift_confirmation,A+,unknown,weak,0.0,85.0,4653.99,4684.0,4640.0,4620.0,4600.0,30.01000000000022,13.989999999999782,33.98999999999978,53.98999999999978,0.4661779406864272,1.1326224591802578,1.7990669776740882,0.0,30.01000000000022,30.01000000000022,60.02000000000044,0.5,0.0,0.5,3.9899999999997817,0.0,30.01000000000022,0.0,0.0,0.0,0.0,1,0,WIN,33.99,TP1_OR_BETTER,1,1
2026-04-06T17:15:00+00:00,XAUUSD,SELL,off_session,neutral,range,neutral,primary,break_retest_close_confirmation,A,unknown,weak,0.0,75.0,4656.17,4684.0,4640.0,4620.0,4600.0,27.829999999999927,16.170000000000073,36.17000000000007,56.17000000000007,0.5810276679841938,1.2996766079770092,2.0183255479698246,0.0,27.829999999999927,27.829999999999927,55.659999999999854,0.5,0.0,0.5,6.170000000000073,0.0,27.829999999999927,0.0,0.0,0.0,0.0,1,0,WIN,36.17,TP1_OR_BETTER,1,1
2026-04-06T17:30:00+00:00,XAUUSD,SELL,off_session,neutral,range,neutral,primary,break_retest_close_confirmation,A,unknown,weak,0.0,75.0,4656.38,4684.0,4640.0,4620.0,4600.0,27.61999999999989,16.38000000000011,36.38000000000011,56.38000000000011,0.593048515568435,1.317161477190451,2.041274438812467,0.0,27.61999999999989,27.61999999999989,55.23999999999978,0.5,0.0,0.5,6.380000000000109,0.0,27.61999999999989,0.0,0.0,0.0,0.0,1,0,WIN,36.38,TP1_OR_BETTER,1,1
2026-04-06T17:45:00+00:00,XAUUSD,SELL,asia,neutral,range,neutral,primary,engulfing_level_confirmation,A,unknown,weak,0.0,75.0,4653.72,4684.0,4640.0,4620.0,4600.0,30.279999999999745,13.720000000000255,33.720000000000255,53.720000000000255,0.4531043593130902,1.1136063408190402,1.7741083223249903,0.0,30.279999999999745,30.279999999999745,60.55999999999949,0.5,0.0,0.5,3.7200000000002547,0.0,30.279999999999745,0.0,0.0,0.0,0.0,1,0,BREAKEVEN_WIN,13.72,BREAKEVEN_WIN,1,1
2026-04-06T17:45:00+00:00,XAUUSD,SELL,off_session,neutral,range,neutral,primary,engulfing_level_confirmation,A,unknown,weak,0.0,75.0,4653.72,4684.0,4640.0,4620.0,4600.0,30.279999999999745,13.720000000000255,33.720000000000255,53.720000000000255,0.4531043593130902,1.1136063408190402,1.7741083223249903,0.0,30.279999999999745,30.279999999999745,60.55999999999949,0.5,0.0,0.5,3.7200000000002547,0.0,30.279999999999745,0.0,0.0,0.0,0.0,1,0,WIN,33.72,TP1_OR_BETTER,1,1
2026-04-06T18:00:00+00:00,XAUUSD,BUY,off_session,neutral,range,neutral,secondary,displacement_confirmation,A,unknown,weak,0.0,85.0,4659.43,4676.0,4680.0,4700.0,4720.0,16.56999999999971,20.56999999999971,40.56999999999971,60.56999999999971,1.2414001207000647,2.4484007242003876,3.6554013277007105,0.0,16.56999999999971,16.56999999999971,33.13999999999942,0.5,0.0,0.5,9.430000000000291,0.0,16.56999999999971,0.0,0.0,0.0,0.0,0,1,LOSS,16.57,SL_HIT,0,0
2026-04-06T18:00:00+00:00,XAUUSD,BUY,off_session,neutral,range,neutral,secondary,displacement_confirmation,A,unknown,weak,0.0,75.0,4659.43,4676.0,4680.0,4700.0,4720.0,16.56999999999971,20.56999999999971,40.56999999999971,60.56999999999971,1.2414001207000647,2.4484007242003876,3.6554013277007105,0.0,16.56999999999971,16.56999999999971,33.13999999999942,0.5,0.0,0.5,9.430000000000291,0.0,16.56999999999971,0.0,0.0,0.0,0.0,0,1,LOSS,16.57,SL_HIT,0,0
2026-04-06T18:00:00+00:00,XAUUSD,SELL,off_session,neutral,range,neutral,primary,break_retest_close_confirmation,A,unknown,weak,0.0,75.0,4659.43,4684.0,4640.0,4620.0,4600.0,24.56999999999971,19.43000000000029,39.43000000000029,59.43000000000029,0.790801790801812,1.6048026048026356,2.4188034188034595,0.0,24.56999999999971,24.56999999999971,49.13999999999942,0.5,0.0,0.5,9.430000000000291,0.0,24.56999999999971,0.0,0.0,0.0,0.0,1,0,WIN,39.43,TP1_OR_BETTER,1,1
2026-04-06T18:30:00+00:00,XAUUSD,SELL,off_session,neutral,range,neutral,primary,structure_shift_confirmation,A+,unknown,weak,0.0,85.0,4650.36,4684.0,4640.0,4620.0,4600.0,33.64000000000033,10.359999999999673,30.359999999999673,50.35999999999967,0.3079667063020087,0.9024970273483762,1.4970273483947438,0.0,33.64000000000033,33.64000000000033,67.28000000000065,0.5,0.0,0.5,0.3599999999996726,0.0,33.64000000000033,0.0,0.0,0.0,0.0,1,0,WIN,30.36,TP1_OR_BETTER,1,1
2026-04-06T18:45:00+00:00,XAUUSD,BUY,off_session,neutral,range,neutral,secondary,displacement_confirmation,A,unknown,weak,0.0,75.0,4658.17,4676.0,4680.0,4700.0,4720.0,17.829999999999927,21.829999999999927,41.82999999999993,61.82999999999993,1.2243409983174434,2.3460459899046606,3.4677509814918777,0.0,17.829999999999927,17.829999999999927,35.659999999999854,0.5,0.0,0.5,8.170000000000073,0.0,17.829999999999927,0.0,0.0,0.0,0.0,0,1,LOSS,17.83,SL_HIT,0,0
2026-04-06T19:15:00+00:00,XAUUSD,SELL,off_session,neutral,range,neutral,primary,failed_retest_confirmation,A+,unknown,weak,0.0,85.0,4649.96,4664.0,4620.4,4600.0,4580.0,14.039999999999964,29.5600000000004,49.960000000000036,69.96000000000004,2.1054131054131395,3.55840455840457,4.982905982905998,0.0,14.039999999999964,14.039999999999964,28.079999999999927,0.5,0.0,0.5,0.03999999999996362,0.0,14.039999999999964,0.0,0.0,0.0,0.0,0,1,LOSS,-14.04,SL_HIT,0,0
2026-04-06T20:45:00+00:00,XAUUSD,SELL,asia,neutral,range,neutral,primary,structure_shift_confirmation,A+,unknown,weak,0.0,95.0,4649.89,4664.0,4623.54,4600.0,4580.0,14.109999999999673,26.350000000000364,49.89000000000033,69.89000000000033,1.8674698795181415,3.5357902197024442,4.953224663359458,0.0,14.109999999999673,14.109999999999673,28.219999999999345,0.5,0.0,0.5,0.10999999999967258,0.0,14.109999999999673,0.0,0.0,0.0,0.0,0,0,EXPIRED,0.0,EXPIRED,0,0
2026-04-06T20:45:00+00:00,XAUUSD,SELL,off_session,neutral,range,neutral,primary,structure_shift_confirmation,A+,unknown,weak,0.0,85.0,4649.89,4664.0,4623.54,4600.0,4580.0,14.109999999999673,26.350000000000364,49.89000000000033,69.89000000000033,1.8674698795181415,3.5357902197024442,4.953224663359458,0.0,14.109999999999673,14.109999999999673,28.219999999999345,0.5,0.0,0.5,0.10999999999967258,0.0,14.109999999999673,0.0,0.0,0.0,0.0,0,1,LOSS,-14.11,SL_HIT,0,0
2026-04-06T22:15:00+00:00,XAUUSD,BUY,off_session,neutral,range,neutral,primary,break_retest_close_confirmation,A,unknown,weak,0.0,70.0,4662.23,4646.0,4680.0,4700.0,4720.0,16.229999999999563,17.770000000000437,37.77000000000044,57.77000000000044,1.0948860135552012,2.32717190388179,3.559457794208379,0.0,16.229999999999563,16.229999999999563,32.45999999999913,0.5,0.0,0.5,12.229999999999563,0.0,16.229999999999563,0.0,0.0,0.0,0.0,0,1,LOSS,-16.23,SL_HIT,0,0
2026-04-06T22:45:00+00:00,XAUUSD,SELL,off_session,neutral,range,neutral,secondary,structure_shift_confirmation,A+,unknown,weak,0.0,80.0,4658.35,4654.0,4640.0,4620.0,4600.0,4.350000000000364,18.350000000000364,38.350000000000364,58.350000000000364,4.218390804597432,8.816091954022335,13.413793103447238,0.0,4.350000000000364,4.350000000000364,8.700000000000728,0.5,0.0,0.5,8.350000000000364,0.0,4.350000000000364,0.0,0.0,0.0,0.0,0,1,LOSS,4.35,SL_HIT,0,0
2026-04-06T23:00:00+00:00,XAUUSD,BUY,off_session,neutral,range,neutral,primary,failed_retest_confirmation,A+,unknown,weak,0.0,80.0,4660.11,4646.0,4680.0,4700.0,4720.0,14.109999999999673,19.890000000000327,39.89000000000033,59.89000000000033,1.4096385542169234,2.827072997873937,4.244507441530951,0.0,14.109999999999673,14.109999999999673,28.219999999999345,0.5,0.0,0.5,10.109999999999673,0.0,14.109999999999673,0.0,0.0,0.0,0.0,0,1,LOSS,-14.11,SL_HIT,0,0
2026-04-06T23:15:00+00:00,XAUUSD,SELL,off_session,neutral,range,neutral,secondary,structure_shift_confirmation,A+,unknown,weak,0.0,80.0,4654.65,4654.0,4640.0,4620.0,4600.0,0.6499999999996362,14.649999999999636,34.649999999999636,54.649999999999636,22.538461538473594,53.30769230772158,84.07692307696958,0.0,0.6499999999996362,0.6499999999996362,1.2999999999992724,0.5,0.0,0.5,4.649999999999636,0.0,0.6499999999996362,0.0,0.0,0.0,0.0,0,1,LOSS,0.65,SL_HIT,0,0
2026-04-07T00:00:00+00:00,XAUUSD,SELL,asia,neutral,range,neutral,primary,failed_retest_confirmation,A+,unknown,weak,0.0,95.0,4657.66,4684.0,4643.39,4620.0,4600.0,26.340000000000146,14.269999999999527,37.659999999999854,57.659999999999854,0.5417615793469798,1.429764616552758,2.189066059225495,0.0,26.340000000000146,26.340000000000146,52.68000000000029,0.5,0.0,0.5,7.6599999999998545,0.0,26.340000000000146,0.0,0.0,0.0,0.0,1,0,BREAKEVEN_WIN,14.27,BREAKEVEN_WIN,1,1
2026-04-07T00:00:00+00:00,XAUUSD,SELL,asia,neutral,range,neutral,primary,failed_retest_confirmation,A+,unknown,weak,0.0,85.0,4657.66,4684.0,4643.39,4620.0,4600.0,26.340000000000146,14.269999999999527,37.659999999999854,57.659999999999854,0.5417615793469798,1.429764616552758,2.189066059225495,0.0,26.340000000000146,26.340000000000146,52.68000000000029,0.5,0.0,0.5,7.6599999999998545,0.0,26.340000000000146,0.0,0.0,0.0,0.0,1,0,WIN,37.66,TP1_OR_BETTER,1,1
2026-04-07T00:15:00+00:00,XAUUSD,SELL,london,neutral,range,neutral,primary,break_retest_close_confirmation,A,unknown,weak,90.0,85.0,4659.04,4686.0,4620.0,4600.0,4575.0,27.0,39.0,59.0,84.0,1.45,2.19,3.12,1.0,27.0,27.0,54.0,0.5,0.0,0.5,9.039999999999964,15.649999999999636,20.960000000000036,0.0,0.0,0.0,0.0,0,0,EXPIRED_BEFORE_TP,0.0,EXPIRED,0,0
2026-04-07T00:15:00+00:00,XAUUSD,SELL,london,neutral,range,neutral,primary,break_retest_close_confirmation,A,unknown,weak,90.0,85.0,4659.04,4686.0,4620.0,4600.0,4575.0,27.0,39.0,59.0,84.0,1.45,2.19,3.12,1.0,27.0,27.0,54.0,0.5,0.0,0.5,9.039999999999964,15.649999999999636,20.960000000000036,0.0,0.0,0.0,0.0,0,0,EXPIRED_BEFORE_TP,0.0,EXPIRED,0,0
2026-04-07T00:15:00+00:00,XAUUSD,SELL,london,neutral,range,neutral,primary,break_retest_close_confirmation,A,unknown,weak,90.0,85.0,4659.04,4686.0,4620.0,4600.0,4575.0,27.0,39.0,59.0,84.0,1.45,2.19,3.12,1.0,27.0,27.0,54.0,0.5,0.0,0.5,9.039999999999964,15.649999999999636,20.960000000000036,0.0,0.0,0.0,0.0,0,0,EXPIRED_BEFORE_TP,0.0,EXPIRED,0,0
2026-04-07T00:15:00+00:00,XAUUSD,SELL,asia,neutral,range,neutral,primary,break_retest_close_confirmation,A,unknown,weak,60.0,85.0,4659.04,4684.0,4643.39,4620.0,4600.0,24.960000000000036,15.649999999999636,39.039999999999964,59.039999999999964,0.6270032051281896,1.5641025641025603,2.3653846153846105,0.0,24.960000000000036,24.960000000000036,49.92000000000007,0.5,0.0,0.5,9.039999999999964,0.0,24.960000000000036,0.0,0.0,0.0,0.0,1,0,BREAKEVEN_WIN,15.65,BREAKEVEN_WIN,1,1
2026-04-07T00:15:00+00:00,XAUUSD,SELL,london,neutral,range,neutral,primary,break_retest_close_confirmation,A,unknown,weak,95.0,85.0,4659.04,4686.0,4620.0,4600.0,4575.0,27.0,39.0,59.0,84.0,1.45,2.19,3.12,1.0,27.0,27.0,54.0,0.5,0.0,0.5,9.039999999999964,15.649999999999636,20.960000000000036,0.0,0.0,0.0,0.0,0,0,EXPIRED_BEFORE_TP,0.0,EXPIRED,0,0
2026-04-07T00:15:00+00:00,XAUUSD,SELL,london,neutral,range,neutral,primary,break_retest_close_confirmation,A,unknown,weak,90.0,85.0,4659.04,4686.0,4620.0,4600.0,4575.0,27.0,39.0,59.0,84.0,1.45,2.19,3.12,1.0,27.0,27.0,54.0,0.5,0.0,0.5,9.039999999999964,15.649999999999636,20.960000000000036,0.0,0.0,0.0,0.0,0,0,EXPIRED_BEFORE_TP,0.0,EXPIRED,0,0
2026-04-07T00:15:00+00:00,XAUUSD,SELL,london,neutral,range,neutral,primary,break_retest_close_confirmation,A,unknown,weak,95.0,85.0,4659.04,4686.0,4620.0,4600.0,4575.0,27.0,39.0,59.0,84.0,1.45,2.19,3.12,1.0,27.0,27.0,54.0,0.5,0.0,0.5,9.039999999999964,15.649999999999636,20.960000000000036,0.0,0.0,0.0,0.0,0,0,EXPIRED_BEFORE_TP,0.0,EXPIRED,0,0
2026-04-07T00:15:00+00:00,XAUUSD,SELL,asia,neutral,range,neutral,primary,break_retest_close_confirmation,A,unknown,weak,0.0,75.0,4659.04,4684.0,4643.39,4620.0,4600.0,24.960000000000036,15.649999999999636,39.039999999999964,59.039999999999964,0.6270032051281896,1.5641025641025603,2.3653846153846105,0.0,24.960000000000036,24.960000000000036,49.92000000000007,0.5,0.0,0.5,9.039999999999964,0.0,24.960000000000036,0.0,0.0,0.0,0.0,1,1,LOSS,-24.96,SL_HIT,0,1
2026-04-07T00:15:00+00:00,XAUUSD,SELL,london,neutral,range,neutral,primary,break_retest_close_confirmation,A,unknown,weak,90.0,85.0,4659.04,4686.0,4620.0,4600.0,4575.0,27.0,39.0,59.0,84.0,1.45,2.19,3.12,1.0,27.0,27.0,54.0,0.5,0.0,0.5,9.039999999999964,15.649999999999636,20.960000000000036,0.0,0.0,0.0,0.0,0,0,EXPIRED_BEFORE_TP,0.0,EXPIRED,0,0
2026-04-07T00:45:00+00:00,XAUUSD,SELL,asia,neutral,range,neutral,primary,failed_retest_confirmation,A+,unknown,weak,0.0,85.0,4654.72,4684.0,4643.39,4620.0,4600.0,29.279999999999745,11.329999999999927,34.720000000000255,54.720000000000255,0.3869535519125692,1.185792349726795,1.8688524590164184,0.0,29.279999999999745,29.279999999999745,58.55999999999949,0.5,0.0,0.5,4.720000000000255,0.0,29.279999999999745,0.0,0.0,0.0,0.0,1,1,LOSS,-29.28,SL_HIT,0,1
2026-04-07T01:00:00+00:00,XAUUSD,SELL,london,neutral,range,neutral,primary,sweep_reclaim_confirmation,A+,unknown,weak,0.0,95.0,4640.42,4664.0,4620.0,4600.0,4580.0,23.579999999999927,20.420000000000073,40.42000000000007,60.42000000000007,0.8659881255301161,1.7141645462256232,2.5623409669211306,0.0,23.579999999999927,23.579999999999927,47.159999999999854,0.5,0.0,0.5,9.579999999999927,0.0,23.579999999999927,0.0,0.0,0.0,0.0,0,1,LOSS,-23.58,SL_HIT,0,0
2026-04-07T01:00:00+00:00,XAUUSD,SELL,london,neutral,range,neutral,primary,sweep_reclaim_confirmation,A+,unknown,weak,0.0,95.0,4640.42,4664.0,4620.0,4600.0,4580.0,23.579999999999927,20.420000000000073,40.42000000000007,60.42000000000007,0.8659881255301161,1.7141645462256232,2.5623409669211306,0.0,23.579999999999927,23.579999999999927,47.159999999999854,0.5,0.0,0.5,9.579999999999927,0.0,23.579999999999927,0.0,0.0,0.0,0.0,0,1,LOSS,-23.58,SL_HIT,0,0
2026-04-07T01:00:00+00:00,XAUUSD,SELL,asia,neutral,range,neutral,primary,sweep_reclaim_confirmation,A+,unknown,weak,0.0,85.0,4640.42,4664.0,4620.0,4600.0,4580.0,23.579999999999927,20.420000000000073,40.42000000000007,60.42000000000007,0.8659881255301161,1.7141645462256232,2.5623409669211306,0.0,23.579999999999927,23.579999999999927,47.159999999999854,0.5,0.0,0.5,9.579999999999927,0.0,23.579999999999927,0.0,0.0,0.0,0.0,1,1,LOSS,-23.58,SL_HIT,0,1
2026-04-07T01:15:00+00:00,XAUUSD,BUY,asia,neutral,range,neutral,secondary,displacement_confirmation,A,unknown,weak,0.0,75.0,4654.6,4676.0,4680.0,4700.0,4720.0,21.399999999999636,25.399999999999636,45.399999999999636,65.39999999999964,1.1869158878504704,2.121495327102823,3.056074766355175,0.0,21.399999999999636,21.399999999999636,42.79999999999927,0.5,0.0,0.5,4.600000000000364,0.0,21.399999999999636,0.0,0.0,0.0,0.0,0,1,LOSS,21.4,SL_HIT,0,0
2026-04-07T01:30:00+00:00,XAUUSD,SELL,asia,neutral,range,neutral,primary,sweep_reclaim_confirmation,A+,unknown,weak,0.0,85.0,4641.72,4664.0,4620.0,4600.0,4580.0,22.279999999999745,21.720000000000255,41.720000000000255,61.720000000000255,0.9748653500897891,1.8725314183124206,2.7701974865350523,0.0,22.279999999999745,22.279999999999745,44.55999999999949,0.5,0.0,0.5,8.279999999999745,0.0,22.279999999999745,0.0,0.0,0.0,0.0,1,1,LOSS,-22.28,SL_HIT,0,1
2026-04-07T01:30:00+00:00,XAUUSD,SELL,london,neutral,range,neutral,primary,sweep_reclaim_confirmation,A+,unknown,weak,70.0,95.0,4641.72,4666.0,4620.0,4600.0,4580.0,24.3,21.7,41.7,61.7,0.89,1.72,2.54,0.0,24.3,24.3,48.6,0.5,0.0,0.5,8.279999999999745,0.0,18.279999999999745,0.0,0.0,0.0,0.0,0,1,LOSS,-24.28,SL_HIT,0,0
2026-04-07T01:45:00+00:00,XAUUSD,SELL,asia,neutral,range,neutral,primary,structure_shift_confirmation,A+,unknown,weak,65.0,85.0,4626.76,4654.0,4616.3,4580.0,4560.0,27.23999999999978,10.460000000000036,46.76000000000022,66.76000000000022,0.3839941262848796,1.7165932452276282,2.45080763582969,0.0,27.23999999999978,27.23999999999978,54.47999999999956,0.96,0.0,0.96,23.23999999999978,0.0,27.23999999999978,0.0,0.0,0.0,0.0,0,1,LOSS,-27.24,SL_HIT,0,0
2026-04-07T02:45:00+00:00,XAUUSD,BUY,asia,neutral,range,neutral,secondary,structure_shift_confirmation,A+,unknown,weak,0.0,95.0,4650.36,4676.0,4680.0,4700.0,4720.0,25.640000000000327,29.640000000000327,49.64000000000033,69.64000000000033,1.156006240249608,1.936037441497648,2.7160686427456877,0.0,25.640000000000327,25.640000000000327,51.280000000000655,0.5,0.0,0.5,0.3599999999996726,0.0,25.640000000000327,0.0,0.0,0.0,0.0,0,1,LOSS,25.64,SL_HIT,0,0
2026-04-07T02:45:00+00:00,XAUUSD,BUY,asia,neutral,range,neutral,secondary,structure_shift_confirmation,A+,unknown,weak,0.0,85.0,4650.36,4676.0,4680.0,4700.0,4720.0,25.640000000000327,29.640000000000327,49.64000000000033,69.64000000000033,1.156006240249608,1.936037441497648,2.7160686427456877,0.0,25.640000000000327,25.640000000000327,51.280000000000655,0.5,0.0,0.5,0.3599999999996726,0.0,25.640000000000327,0.0,0.0,0.0,0.0,0,1,LOSS,25.64,SL_HIT,0,0
2026-04-07T03:00:00+00:00,XAUUSD,SELL,asia,neutral,range,neutral,primary,failed_retest_confirmation,A+,unknown,weak,0.0,85.0,4645.02,4664.0,4620.0,4600.0,4580.0,18.979999999999563,25.020000000000437,45.02000000000044,65.02000000000044,1.3182297154900429,2.371970495258244,3.4257112750264453,0.0,18.979999999999563,18.979999999999563,37.95999999999913,0.5,0.0,0.5,4.979999999999563,0.0,18.979999999999563,0.0,0.0,0.0,0.0,0,1,LOSS,-18.98,SL_HIT,0,0
2026-04-07T03:45:00+00:00,XAUUSD,SELL,asia,neutral,range,neutral,primary,break_retest_close_confirmation,A,unknown,weak,0.0,75.0,4649.55,4664.0,4620.0,4600.0,4580.0,14.449999999999818,29.550000000000182,49.55000000000018,69.55000000000018,2.044982698961976,3.4290657439446925,4.813148788927409,0.0,14.449999999999818,14.449999999999818,28.899999999999636,0.5,0.0,0.5,0.4499999999998181,0.0,14.449999999999818,0.0,0.0,0.0,0.0,0,1,LOSS,-14.45,SL_HIT,0,0
2026-04-07T04:00:00+00:00,XAUUSD,BUY,asia,neutral,range,neutral,primary,break_retest_close_confirmation,A,unknown,weak,0.0,85.0,4646.14,4641.43,4660.0,4680.0,4700.0,4.710000000000036,13.859999999999673,33.85999999999967,53.85999999999967,2.9426751592355767,7.188959660297115,11.435244161358654,0.0,4.710000000000036,4.710000000000036,9.420000000000073,0.5,0.0,0.5,3.8599999999996726,0.0,4.710000000000036,0.0,0.0,0.0,0.0,1,0,BREAKEVEN_WIN,13.86,BREAKEVEN_WIN,1,1
2026-04-07T04:00:00+00:00,XAUUSD,BUY,asia,neutral,range,neutral,primary,break_retest_close_confirmation,A,unknown,weak,0.0,75.0,4646.14,4641.43,4660.0,4680.0,4700.0,4.710000000000036,13.859999999999673,33.85999999999967,53.85999999999967,2.9426751592355767,7.188959660297115,11.435244161358654,0.0,4.710000000000036,4.710000000000036,9.420000000000073,0.5,0.0,0.5,3.8599999999996726,0.0,4.710000000000036,0.0,0.0,0.0,0.0,1,1,LOSS,-4.71,SL_HIT,0,1
2026-04-07T04:15:00+00:00,XAUUSD,BUY,asia,neutral,range,neutral,primary,sweep_reclaim_confirmation,A+,unknown,weak,0.0,85.0,4650.25,4641.68,4680.0,4700.0,4720.0,8.569999999999709,29.75,49.75,69.75,3.4714119019837817,5.805134189031702,8.138856476079622,0.0,8.569999999999709,8.569999999999709,17.139999999999418,0.5,0.0,0.5,0.25,0.0,8.569999999999709,0.0,0.0,0.0,0.0,0,1,LOSS,-8.57,SL_HIT,0,0
2026-04-07T04:15:00+00:00,XAUUSD,BUY,asia,neutral,range,neutral,primary,sweep_reclaim_confirmation,A+,unknown,weak,0.0,85.0,4650.25,4641.68,4680.0,4700.0,4720.0,8.569999999999709,29.75,49.75,69.75,3.4714119019837817,5.805134189031702,8.138856476079622,0.0,8.569999999999709,8.569999999999709,17.139999999999418,0.5,0.0,0.5,0.25,0.0,8.569999999999709,0.0,0.0,0.0,0.0,0,1,LOSS,-8.57,SL_HIT,0,0
2026-04-07T04:30:00+00:00,XAUUSD,BUY,asia,neutral,range,neutral,primary,structure_shift_confirmation,A+,unknown,weak,0.0,95.0,4662.12,4641.68,4680.0,4700.0,4720.0,20.4399999999996,17.88000000000011,37.88000000000011,57.88000000000011,0.8747553816047191,1.8532289628180456,2.831702544031372,0.0,20.4399999999996,20.4399999999996,40.8799999999992,0.5,0.0,0.5,12.11999999999989,0.0,20.4399999999996,0.0,0.0,0.0,0.0,0,1,LOSS,-20.44,SL_HIT,0,0
2026-04-07T04:30:00+00:00,XAUUSD,BUY,asia,neutral,range,neutral,primary,sweep_reclaim_confirmation,A+,unknown,weak,0.0,85.0,4662.12,4646.0,4680.0,4700.0,4720.0,16.11999999999989,17.88000000000011,37.88000000000011,57.88000000000011,1.1091811414392203,2.3498759305211143,3.5905707196030088,0.0,16.11999999999989,16.11999999999989,32.23999999999978,0.5,0.0,0.5,12.11999999999989,0.0,16.11999999999989,0.0,0.0,0.0,0.0,0,1,LOSS,-16.12,SL_HIT,0,0
2026-04-07T05:15:00+00:00,XAUUSD,SELL,asia,neutral,range,neutral,secondary,structure_shift_confirmation,A+,unknown,weak,0.0,95.0,4632.72,4626.79,4620.0,4600.0,4580.0,5.930000000000291,12.720000000000255,32.720000000000255,52.720000000000255,2.1450252951095496,5.517706576728271,8.890387858346992,0.0,5.930000000000291,5.930000000000291,11.860000000000582,0.5,0.0,0.5,17.279999999999745,0.0,5.930000000000291,0.0,0.0,0.0,0.0,0,1,LOSS,5.93,SL_HIT,0,0
2026-04-07T05:15:00+00:00,XAUUSD,SELL,asia,neutral,range,neutral,secondary,structure_shift_confirmation,A+,unknown,weak,0.0,85.0,4632.72,4626.79,4620.0,4600.0,4580.0,5.930000000000291,12.720000000000255,32.720000000000255,52.720000000000255,2.1450252951095496,5.517706576728271,8.890387858346992,0.0,5.930000000000291,5.930000000000291,11.860000000000582,0.5,0.0,0.5,17.279999999999745,0.0,5.930000000000291,0.0,0.0,0.0,0.0,0,1,LOSS,5.93,SL_HIT,0,0
2026-04-07T05:45:00+00:00,XAUUSD,BUY,asia,neutral,range,neutral,primary,sweep_reclaim_confirmation,A+,unknown,weak,0.0,85.0,4642.82,4635.45,4660.0,4680.0,4700.0,7.369999999999891,17.18000000000029,37.18000000000029,57.18000000000029,2.3310719131615394,5.0447761194031,7.758480325644659,0.0,7.369999999999891,7.369999999999891,14.739999999999782,0.5,0.0,0.5,7.180000000000291,0.0,7.369999999999891,0.0,0.0,0.0,0.0,1,1,LOSS,-7.37,SL_HIT,0,1
2026-04-07T06:00:00+00:00,XAUUSD,BUY,london,neutral,range,neutral,primary,failed_retest_confirmation,A+,unknown,weak,0.0,95.0,4646.94,4636.0,4660.0,4680.0,4700.0,10.9399999999996,13.0600000000004,33.0600000000004,53.0600000000004,1.193784277879422,3.0219378427789407,4.850091407678459,0.0,10.9399999999996,10.9399999999996,21.8799999999992,0.5,0.0,0.5,3.0600000000004,0.0,10.9399999999996,0.0,0.0,0.0,0.0,1,0,BREAKEVEN_WIN,13.06,BREAKEVEN_WIN,1,1
2026-04-07T06:00:00+00:00,XAUUSD,BUY,asia,neutral,range,neutral,primary,failed_retest_confirmation,A+,unknown,weak,0.0,85.0,4646.94,4636.0,4660.0,4680.0,4700.0,10.9399999999996,13.0600000000004,33.0600000000004,53.0600000000004,1.193784277879422,3.0219378427789407,4.850091407678459,0.0,10.9399999999996,10.9399999999996,21.8799999999992,0.5,0.0,0.5,3.0600000000004,0.0,10.9399999999996,0.0,0.0,0.0,0.0,1,1,LOSS,-10.94,SL_HIT,0,1
2026-04-07T06:15:00+00:00,XAUUSD,SELL,asia,neutral,range,neutral,secondary,engulfing_level_confirmation,A,unknown,weak,0.0,75.0,4641.01,4649.34,4620.0,4600.0,4580.0,8.329999999999927,21.01000000000022,41.01000000000022,61.01000000000022,2.5222088835534695,4.923169267707152,7.324129651860835,0.0,8.329999999999927,8.329999999999927,16.659999999999854,0.5,0.0,0.5,8.989999999999782,0.0,8.329999999999927,0.0,0.0,0.0,0.0,0,1,LOSS,-8.33,SL_HIT,0,0
2026-04-07T06:15:00+00:00,XAUUSD,BUY,london,neutral,range,neutral,primary,sweep_reclaim_confirmation,A,unknown,weak,0.0,85.0,4641.01,4636.0,4660.0,4680.0,4700.0,5.010000000000218,18.98999999999978,38.98999999999978,58.98999999999978,3.790419161676438,7.782435129740136,11.774451097803835,0.0,5.010000000000218,5.010000000000218,10.020000000000437,0.5,0.0,0.5,8.989999999999782,0.0,5.010000000000218,0.0,0.0,0.0,0.0,1,0,BREAKEVEN_WIN,18.99,BREAKEVEN_WIN,1,1
2026-04-07T06:15:00+00:00,XAUUSD,BUY,asia,neutral,range,neutral,primary,break_retest_close_confirmation,A,unknown,weak,0.0,75.0,4641.01,4635.45,4660.0,4680.0,4700.0,5.5600000000004,18.98999999999978,38.98999999999978,58.98999999999978,3.4154676258989953,7.01258992805701,10.609712230215024,0.0,5.5600000000004,5.5600000000004,11.1200000000008,0.5,0.0,0.5,8.989999999999782,0.0,5.5600000000004,0.0,0.0,0.0,0.0,1,1,LOSS,-5.56,SL_HIT,0,1
2026-04-07T06:15:00+00:00,XAUUSD,SELL,asia,neutral,range,neutral,secondary,engulfing_level_confirmation,A,unknown,weak,0.0,75.0,4641.01,4644.0,4620.0,4600.0,4580.0,2.9899999999997817,21.01000000000022,41.01000000000022,61.01000000000022,7.0267558528433955,13.715719063546224,20.404682274249055,0.0,2.9899999999997817,2.9899999999997817,5.979999999999563,0.5,0.0,0.5,8.989999999999782,0.0,2.9899999999997817,0.0,0.0,0.0,0.0,0,1,LOSS,-2.99,SL_HIT,0,0
2026-04-07T06:30:00+00:00,XAUUSD,BUY,london,neutral,range,neutral,primary,sweep_reclaim_confirmation,A+,unknown,weak,0.0,95.0,4652.54,4641.34,4680.0,4700.0,4720.0,11.199999999999818,27.460000000000036,47.460000000000036,67.46000000000004,2.4517857142857573,4.237500000000072,6.023214285714387,0.0,11.199999999999818,11.199999999999818,22.399999999999636,0.5,0.0,0.5,2.5399999999999636,0.0,11.199999999999818,0.0,0.0,0.0,0.0,0,1,LOSS,-11.2,SL_HIT,0,0
2026-04-07T06:30:00+00:00,XAUUSD,BUY,asia,neutral,range,neutral,primary,sweep_reclaim_confirmation,A+,unknown,weak,0.0,85.0,4652.54,4641.34,4680.0,4700.0,4720.0,11.199999999999818,27.460000000000036,47.460000000000036,67.46000000000004,2.4517857142857573,4.237500000000072,6.023214285714387,0.0,11.199999999999818,11.199999999999818,22.399999999999636,0.5,0.0,0.5,2.5399999999999636,0.0,11.199999999999818,0.0,0.0,0.0,0.0,0,1,LOSS,-11.2,SL_HIT,0,0
2026-04-07T06:45:00+00:00,XAUUSD,BUY,london,neutral,range,neutral,primary,failed_retest_confirmation,A+,unknown,weak,0.0,95.0,4653.24,4641.34,4680.0,4700.0,4720.0,11.899999999999636,26.76000000000022,46.76000000000022,66.76000000000022,2.2487394957984064,3.9294117647060207,5.610084033613635,0.0,11.899999999999636,11.899999999999636,23.799999999999272,0.5,0.0,0.5,3.2399999999997817,0.0,11.899999999999636,0.0,0.0,0.0,0.0,0,1,LOSS,-11.9,SL_HIT,0,0
2026-04-07T06:45:00+00:00,XAUUSD,BUY,asia,neutral,range,neutral,primary,failed_retest_confirmation,A+,unknown,weak,0.0,85.0,4653.24,4641.34,4680.0,4700.0,4720.0,11.899999999999636,26.76000000000022,46.76000000000022,66.76000000000022,2.2487394957984064,3.9294117647060207,5.610084033613635,0.0,11.899999999999636,11.899999999999636,23.799999999999272,0.5,0.0,0.5,3.2399999999997817,0.0,11.899999999999636,0.0,0.0,0.0,0.0,0,1,LOSS,-11.9,SL_HIT,0,0
2026-04-07T07:00:00+00:00,XAUUSD,BUY,london,neutral,range,neutral,primary,break_retest_close_confirmation,A,unknown,weak,110.0,70.0,4651.43,4636.0,4672.57,4700.0,4720.0,15.430000000000291,21.139999999999418,48.56999999999971,68.56999999999971,1.3700583279325353,3.1477640959169664,4.443940375891018,0.0,15.430000000000291,15.430000000000291,30.860000000000582,0.96,0.0,0.96,1.430000000000291,0.0,15.430000000000291,0.0,0.0,0.0,0.0,1,1,LOSS,-15.43,SL_HIT,0,1
2026-04-07T07:15:00+00:00,XAUUSD,BUY,london,neutral,range,neutral,primary,break_retest_close_confirmation,A,unknown,weak,0.0,70.0,4639.74,4633.76,4650.0,4672.57,4700.0,5.979999999999563,10.260000000000218,32.82999999999993,60.26000000000022,1.7157190635453123,5.489966555184335,10.07692307692385,0.0,5.979999999999563,5.979999999999563,11.959999999999127,0.5,0.0,0.5,10.260000000000218,0.0,5.979999999999563,0.0,0.0,0.0,0.0,1,0,BREAKEVEN_WIN,10.26,BREAKEVEN_WIN,1,1
2026-04-07T07:15:00+00:00,XAUUSD,SELL,london,neutral,range,neutral,secondary,structure_shift_confirmation,A+,unknown,weak,0.0,80.0,4639.74,4643.45,4620.0,4600.0,4580.0,3.7100000000000364,19.73999999999978,39.73999999999978,59.73999999999978,5.320754716981021,10.711590296495793,16.102425876010564,0.0,3.7100000000000364,3.7100000000000364,7.420000000000073,0.5,0.0,0.5,10.260000000000218,0.0,3.7100000000000364,0.0,0.0,0.0,0.0,0,1,LOSS,-3.71,SL_HIT,0,0
2026-04-07T07:30:00+00:00,XAUUSD,BUY,london,neutral,range,neutral,primary,failed_retest_confirmation,A+,unknown,weak,0.0,80.0,4643.78,4633.76,4660.0,4680.0,4700.0,10.019999999999527,16.220000000000255,36.220000000000255,56.220000000000255,1.618762475050002,3.6147704590820324,5.610778443114063,0.0,10.019999999999527,10.019999999999527,20.039999999999054,0.5,0.0,0.5,6.220000000000255,0.0,10.019999999999527,0.0,0.0,0.0,0.0,1,0,BREAKEVEN_WIN,16.22,BREAKEVEN_WIN,1,1
2026-04-07T07:30:00+00:00,XAUUSD,BUY,london,neutral,range,neutral,primary,failed_retest_confirmation,A+,unknown,weak,0.0,80.0,4643.78,4633.76,4660.0,4680.0,4700.0,10.019999999999527,16.220000000000255,36.220000000000255,56.220000000000255,1.618762475050002,3.6147704590820324,5.610778443114063,0.0,10.019999999999527,10.019999999999527,20.039999999999054,0.5,0.0,0.5,6.220000000000255,0.0,10.019999999999527,0.0,0.0,0.0,0.0,1,0,BREAKEVEN_WIN,16.22,BREAKEVEN_WIN,1,1
2026-04-07T08:00:00+00:00,XAUUSD,BUY,off_session,neutral,range,neutral,primary,sweep_reclaim_confirmation,A+,unknown,weak,110.0,90.0,4663.44,4644.0,4680.0,4700.0,4720.0,19.4,16.6,36.6,56.6,0.85,1.88,2.91,0.0,19.4,19.4,38.8,0.5,0.0,0.5,13.4399999999996,0.0,13.4399999999996,0.0,0.0,0.0,0.0,1,0,BREAKEVEN_WIN,0.0,BREAKEVEN_WIN,1,1
2026-04-07T08:00:00+00:00,XAUUSD,BUY,off_session,neutral,range,neutral,primary,sweep_reclaim_confirmation,A+,unknown,weak,110.0,90.0,4663.44,4644.0,4680.0,4700.0,4720.0,19.4,16.6,36.6,56.6,0.85,1.88,2.91,0.0,19.4,19.4,38.8,0.5,0.0,0.5,13.4399999999996,0.0,13.4399999999996,0.0,0.0,0.0,0.0,1,0,BREAKEVEN_WIN,0.0,BREAKEVEN_WIN,1,1
2026-04-07T08:00:00+00:00,XAUUSD,BUY,off_session,neutral,range,neutral,primary,sweep_reclaim_confirmation,A+,unknown,weak,110.0,90.0,4663.44,4644.0,4680.0,4700.0,4720.0,19.4,16.6,36.6,56.6,0.85,1.88,2.91,0.0,19.4,19.4,38.8,0.5,0.0,0.5,13.4399999999996,0.0,13.4399999999996,0.0,0.0,0.0,0.0,1,0,BREAKEVEN_WIN,0.0,BREAKEVEN_WIN,1,1
2026-04-07T08:00:00+00:00,XAUUSD,BUY,off_session,neutral,range,neutral,primary,sweep_reclaim_confirmation,A+,unknown,weak,110.0,90.0,4663.44,4644.0,4680.0,4700.0,4720.0,19.4,16.6,36.6,56.6,0.85,1.88,2.91,0.0,19.4,19.4,38.8,0.5,0.0,0.5,13.4399999999996,0.0,13.4399999999996,0.0,0.0,0.0,0.0,1,0,BREAKEVEN_WIN,0.0,BREAKEVEN_WIN,1,1
2026-04-07T08:00:00+00:00,XAUUSD,BUY,london,neutral,range,neutral,primary,sweep_reclaim_confirmation,A+,unknown,weak,0.0,90.0,4663.44,4646.0,4680.0,4700.0,4720.0,17.4399999999996,16.5600000000004,36.5600000000004,56.5600000000004,0.9495412844037144,2.096330275229429,3.2431192660551433,0.0,17.4399999999996,17.4399999999996,34.8799999999992,0.5,0.0,0.5,13.4399999999996,0.0,17.4399999999996,0.0,0.0,0.0,0.0,1,0,BREAKEVEN_WIN,16.56,BREAKEVEN_WIN,1,1
2026-04-07T08:00:00+00:00,XAUUSD,BUY,off_session,neutral,range,neutral,primary,sweep_reclaim_confirmation,A+,unknown,weak,110.0,90.0,4663.44,4644.0,4680.0,4700.0,4720.0,19.4,16.6,36.6,56.6,0.85,1.88,2.91,0.0,19.4,19.4,38.8,0.5,0.0,0.5,13.4399999999996,0.0,13.4399999999996,0.0,0.0,0.0,0.0,1,0,BREAKEVEN_WIN,0.0,BREAKEVEN_WIN,1,1
2026-04-07T08:00:00+00:00,XAUUSD,BUY,london,neutral,range,neutral,primary,sweep_reclaim_confirmation,A+,unknown,weak,110.0,90.0,4663.44,4646.0,4680.0,4700.0,4720.0,17.4399999999996,16.5600000000004,36.5600000000004,56.5600000000004,0.9495412844037144,2.096330275229429,3.2431192660551433,0.0,17.4399999999996,17.4399999999996,34.8799999999992,0.5,0.0,0.5,13.4399999999996,0.0,17.4399999999996,0.0,0.0,0.0,0.0,1,0,BREAKEVEN_WIN,16.56,BREAKEVEN_WIN,1,1
2026-04-07T08:00:00+00:00,XAUUSD,BUY,off_session,neutral,range,neutral,primary,sweep_reclaim_confirmation,A+,unknown,weak,110.0,90.0,4663.44,4644.0,4680.0,4700.0,4720.0,19.4,16.6,36.6,56.6,0.85,1.88,2.91,0.0,19.4,19.4,38.8,0.5,0.0,0.5,13.4399999999996,0.0,13.4399999999996,0.0,0.0,0.0,0.0,1,0,BREAKEVEN_WIN,0.0,BREAKEVEN_WIN,1,1
2026-04-07T08:00:00+00:00,XAUUSD,BUY,off_session,neutral,range,neutral,primary,sweep_reclaim_confirmation,A+,unknown,weak,110.0,90.0,4663.44,4644.0,4680.0,4700.0,4720.0,19.4,16.6,36.6,56.6,0.85,1.88,2.91,0.0,19.4,19.4,38.8,0.5,0.0,0.5,13.4399999999996,0.0,13.4399999999996,0.0,0.0,0.0,0.0,1,0,BREAKEVEN_WIN,0.0,BREAKEVEN_WIN,1,1
2026-04-07T08:00:00+00:00,XAUUSD,BUY,off_session,neutral,range,neutral,primary,sweep_reclaim_confirmation,A+,unknown,weak,110.0,90.0,4663.44,4644.0,4680.0,4700.0,4720.0,19.4,16.6,36.6,56.6,0.85,1.88,2.91,0.0,19.4,19.4,38.8,0.5,0.0,0.5,13.4399999999996,0.0,13.4399999999996,0.0,0.0,0.0,0.0,1,0,BREAKEVEN_WIN,0.0,BREAKEVEN_WIN,1,1
2026-04-07T11:00:00+00:00,XAUUSD,SELL,off_session,neutral,range,neutral,secondary,structure_shift_confirmation,A+,unknown,weak,0.0,90.0,4635.72,4632.67,4620.0,4600.0,4580.0,3.050000000000182,15.720000000000255,35.720000000000255,55.720000000000255,5.154098360655514,11.711475409835451,18.26885245901539,0.0,3.050000000000182,3.050000000000182,6.100000000000364,0.5,0.0,0.5,14.279999999999745,0.0,3.050000000000182,0.0,0.0,0.0,0.0,0,1,LOSS,3.05,SL_HIT,0,0
2026-04-07T11:00:00+00:00,XAUUSD,BUY,off_session,neutral,range,neutral,primary,break_retest_close_confirmation,A,unknown,weak,0.0,80.0,4635.72,4618.79,4650.0,4672.57,4700.0,16.93000000000029,14.279999999999745,36.849999999999454,64.27999999999975,0.8434731246308033,2.176609568812689,3.796810395747114,0.0,16.93000000000029,16.93000000000029,33.86000000000058,0.5,0.0,0.5,14.279999999999745,0.0,16.93000000000029,0.0,0.0,0.0,0.0,1,0,BREAKEVEN_WIN,14.28,BREAKEVEN_WIN,1,1
2026-04-07T12:00:00+00:00,XAUUSD,SELL,new_york,neutral,range,neutral,primary,failed_retest_confirmation,A+,unknown,weak,0.0,95.0,4654.68,4671.83,4640.0,4620.0,4600.0,17.149999999999636,14.680000000000291,34.68000000000029,54.68000000000029,0.8559766763848747,2.0221574344023923,3.1883381924199097,0.0,17.149999999999636,17.149999999999636,34.29999999999927,0.5,0.0,0.5,4.680000000000291,0.0,17.149999999999636,0.0,0.0,0.0,0.0,1,0,BREAKEVEN_WIN,14.68,BREAKEVEN_WIN,1,1
2026-04-07T12:15:00+00:00,XAUUSD,BUY,off_session,neutral,range,neutral,secondary,structure_shift_confirmation,A+,unknown,weak,0.0,95.0,4665.97,4663.83,4680.0,4700.0,4720.0,2.1400000000003274,14.029999999999745,34.029999999999745,54.029999999999745,6.556074766354018,15.901869158875952,25.24766355139789,0.0,2.1400000000003274,2.1400000000003274,4.280000000000655,0.5,0.0,0.5,15.970000000000255,0.0,2.1400000000003274,0.0,0.0,0.0,0.0,0,1,LOSS,-2.14,SL_HIT,0,0
2026-04-07T12:15:00+00:00,XAUUSD,SELL,new_york,neutral,range,neutral,primary,sweep_reclaim_confirmation,A,unknown,weak,0.0,75.0,4665.97,4671.83,4650.0,4622.79,4600.0,5.859999999999673,15.970000000000255,43.18000000000029,65.97000000000025,2.7252559726964414,7.368600682594318,11.257679180888044,0.0,5.859999999999673,5.859999999999673,11.719999999999345,0.5,0.0,0.5,15.970000000000255,0.0,5.859999999999673,0.0,0.0,0.0,0.0,1,0,BREAKEVEN_WIN,15.97,BREAKEVEN_WIN,1,1
2026-04-07T13:00:00+00:00,XAUUSD,SELL,new_york,neutral,range,neutral,primary,break_retest_close_confirmation,A,unknown,weak,0.0,85.0,4656.5,4670.47,4640.0,4620.0,4600.0,13.970000000000255,16.5,36.5,56.5,1.1811023622047028,2.6127415891194943,4.044380816034286,0.0,13.970000000000255,13.970000000000255,27.94000000000051,0.5,0.0,0.5,6.5,0.0,13.970000000000255,0.0,0.0,0.0,0.0,1,0,BREAKEVEN_WIN,16.5,BREAKEVEN_WIN,1,1
2026-04-07T14:15:00+00:00,XAUUSD,BUY,new_york,neutral,range,neutral,secondary,displacement_confirmation,A,unknown,weak,0.0,75.0,4645.09,4656.0,4660.0,4680.0,4700.0,10.909999999999854,14.909999999999854,34.909999999999854,54.909999999999854,1.3666361136572,3.199816681943201,5.032997250229202,0.0,10.909999999999854,10.909999999999854,21.81999999999971,0.5,0.0,0.5,4.9099999999998545,0.0,10.909999999999854,0.0,0.0,0.0,0.0,0,1,LOSS,10.91,SL_HIT,0,0
2026-04-07T15:00:00+00:00,XAUUSD,BUY,off_session,bullish,range,bullish,primary,failed_retest_confirmation,A+,unknown,strong,0.0,80.0,4642.98,4624.67,4660.0,4680.0,4700.0,18.30999999999949,17.020000000000437,37.02000000000044,57.02000000000044,0.9295466957946974,2.0218459858001894,3.114145275805681,0.0,18.30999999999949,18.30999999999949,36.61999999999898,0.5,0.0,0.5,7.020000000000437,0.0,18.30999999999949,0.0,0.0,0.0,1.0,1,0,BREAKEVEN_WIN,17.02,BREAKEVEN_WIN,1,1
2026-04-07T15:15:00+00:00,XAUUSD,BUY,off_session,bullish,impulsive,bullish,primary,failed_retest_confirmation,A+,unknown,strong,110.0,90.0,4653.18,4636.0,4664.27,4700.0,4720.0,17.18000000000029,11.090000000000146,46.81999999999971,66.81999999999971,0.6455180442374829,2.7252619324795644,3.8894062863794283,0.0,17.18000000000029,17.18000000000029,34.36000000000058,0.96,0.0,0.96,3.180000000000291,0.0,17.18000000000029,0.0,0.0,0.0,1.0,1,0,BREAKEVEN_WIN,11.09,BREAKEVEN_WIN,1,1
2026-04-07T22:45:00+00:00,XAUUSD,BUY,asia,bullish,range,bullish,primary,sweep_reclaim_confirmation,A+,unknown,strong,0.0,95.0,4818.16,4776.0,4840.0,4860.0,4900.0,42.159999999999854,21.840000000000146,41.840000000000146,81.84000000000015,0.5180265654649009,0.9924098671726824,1.9411764705882455,0.0,42.159999999999854,42.159999999999854,84.31999999999971,0.5,0.0,0.5,18.159999999999854,0.0,42.159999999999854,0.0,0.0,0.0,1.0,0,0,EXPIRED,0.0,EXPIRED,0,0
2026-04-07T23:45:00+00:00,XAUUSD,BUY,asia,bullish,impulsive,bullish,primary,structure_shift_confirmation,A+,unknown,strong,0.0,95.0,4833.2,4796.0,4850.0,4880.0,4900.0,37.19999999999982,16.800000000000182,46.80000000000018,66.80000000000018,0.45161290322581354,1.2580645161290434,1.7956989247311965,0.0,37.19999999999982,37.19999999999982,74.39999999999964,0.5,0.0,0.5,16.800000000000182,0.0,37.19999999999982,0.0,0.0,0.0,1.0,0,1,LOSS,-37.2,SL_HIT,0,0
2026-04-08T00:15:00+00:00,XAUUSD,BUY,london,bullish,range,bullish,primary,break_retest_close_confirmation,A,unknown,strong,90.0,85.0,4822.78,4794.0,4860.0,4880.0,4900.0,28.8,37.2,57.2,77.2,1.29,1.99,2.68,1.0,28.8,28.8,57.6,0.5,0.0,0.5,22.779999999999745,17.220000000000255,22.779999999999745,0.0,0.0,0.0,1.0,0,0,EXPIRED_BEFORE_TP,0.0,EXPIRED,0,0
2026-04-08T00:15:00+00:00,XAUUSD,BUY,asia,bullish,impulsive,bullish,primary,break_retest_close_confirmation,A,unknown,strong,0.0,85.0,4822.78,4796.0,4836.34,4860.0,4880.0,26.779999999999745,13.5600000000004,37.220000000000255,57.220000000000255,0.5063480209111475,1.3898431665422184,2.1366691560866617,0.0,26.779999999999745,26.779999999999745,53.55999999999949,0.5,0.0,0.5,22.779999999999745,0.0,26.779999999999745,0.0,0.0,0.0,1.0,0,1,LOSS,-26.78,SL_HIT,0,0
2026-04-08T00:15:00+00:00,XAUUSD,SELL,asia,bullish,impulsive,bullish,secondary,engulfing_level_confirmation,A,unknown,weak,0.0,85.0,4822.78,4824.0,4800.0,4780.0,4760.0,1.2200000000002547,22.779999999999745,42.779999999999745,62.779999999999745,18.672131147536877,35.06557377048428,51.459016393431675,0.0,1.2200000000002547,1.2200000000002547,2.4400000000005093,0.5,0.0,0.5,22.779999999999745,0.0,1.2200000000002547,0.0,0.0,0.0,0.0,1,0,BREAKEVEN_WIN,22.78,BREAKEVEN_WIN,1,1
2026-04-08T00:15:00+00:00,XAUUSD,BUY,asia,bullish,impulsive,bullish,primary,break_retest_close_confirmation,A,unknown,strong,55.0,85.0,4822.78,4796.0,4836.34,4860.0,4880.0,26.779999999999745,13.5600000000004,37.220000000000255,57.220000000000255,0.5063480209111475,1.3898431665422184,2.1366691560866617,0.0,26.779999999999745,26.779999999999745,53.55999999999949,0.5,0.0,0.5,22.779999999999745,0.0,26.779999999999745,0.0,0.0,0.0,1.0,0,1,LOSS,-26.78,SL_HIT,0,0
2026-04-08T00:15:00+00:00,XAUUSD,BUY,asia,bullish,impulsive,bullish,primary,break_retest_close_confirmation,A,unknown,strong,0.0,85.0,4822.78,4796.0,4836.34,4860.0,4880.0,26.779999999999745,13.5600000000004,37.220000000000255,57.220000000000255,0.5063480209111475,1.3898431665422184,2.1366691560866617,0.0,26.779999999999745,26.779999999999745,53.55999999999949,0.5,0.0,0.5,22.779999999999745,0.0,26.779999999999745,0.0,0.0,0.0,1.0,0,1,LOSS,-26.78,SL_HIT,0,0
2026-04-08T00:30:00+00:00,XAUUSD,SELL,asia,bullish,impulsive,bullish,secondary,sweep_reclaim_confirmation,A+,unknown,weak,0.0,95.0,4813.83,4824.0,4800.0,4780.0,4760.0,10.170000000000073,13.829999999999927,33.82999999999993,53.82999999999993,1.359882005899688,3.3264503441494284,5.293018682399168,0.0,10.170000000000073,10.170000000000073,20.340000000000146,0.5,0.0,0.5,13.829999999999927,0.0,10.170000000000073,0.0,0.0,0.0,0.0,1,0,BREAKEVEN_WIN,13.83,BREAKEVEN_WIN,1,1
2026-04-08T00:30:00+00:00,XAUUSD,SELL,asia,bullish,impulsive,bullish,secondary,sweep_reclaim_confirmation,A+,unknown,weak,0.0,95.0,4813.83,4824.0,4800.0,4780.0,4760.0,10.170000000000073,13.829999999999927,33.82999999999993,53.82999999999993,1.359882005899688,3.3264503441494284,5.293018682399168,0.0,10.170000000000073,10.170000000000073,20.340000000000146,0.5,0.0,0.5,13.829999999999927,0.0,10.170000000000073,0.0,0.0,0.0,0.0,1,0,BREAKEVEN_WIN,13.83,BREAKEVEN_WIN,1,1
2026-04-08T01:15:00+00:00,XAUUSD,SELL,asia,bullish,impulsive,bullish,secondary,structure_shift_confirmation,A+,unknown,weak,0.0,95.0,4794.03,4784.0,4780.0,4760.0,4740.0,10.029999999999745,14.029999999999745,34.029999999999745,54.029999999999745,1.3988035892323132,3.392821535393879,5.3868394815554455,0.0,10.029999999999745,10.029999999999745,20.05999999999949,0.5,0.0,0.5,5.970000000000255,0.0,10.029999999999745,0.0,0.0,0.0,0.0,0,1,LOSS,10.03,SL_HIT,0,0
2026-04-08T01:45:00+00:00,XAUUSD,BUY,asia,bullish,impulsive,bullish,primary,failed_retest_confirmation,A+,unknown,strong,0.0,95.0,4810.23,4776.0,4825.36,4850.0,4900.0,34.22999999999956,15.13000000000011,39.77000000000044,89.77000000000044,0.4420099328074876,1.1618463336255023,2.622553315804896,0.0,34.22999999999956,34.22999999999956,68.45999999999913,0.5,0.0,0.5,10.229999999999563,0.0,34.22999999999956,0.0,0.0,0.0,1.0,1,0,BREAKEVEN_WIN,15.13,BREAKEVEN_WIN,1,1
2026-04-08T02:45:00+00:00,XAUUSD,BUY,asia,bullish,impulsive,bullish,primary,break_retest_close_confirmation,A,unknown,strong,0.0,85.0,4803.73,4776.0,4819.7,4840.0,4860.0,27.729999999999563,15.970000000000255,36.27000000000044,56.27000000000044,0.5759105661738372,1.3079697078976202,2.0292102416156266,0.0,27.729999999999563,27.729999999999563,55.45999999999913,0.5,0.0,0.5,3.7299999999995634,0.0,27.729999999999563,0.0,0.0,0.0,1.0,1,0,BREAKEVEN_WIN,15.97,BREAKEVEN_WIN,1,1
2026-04-08T02:45:00+00:00,XAUUSD,SELL,asia,bullish,impulsive,bullish,secondary,structure_shift_confirmation,A+,unknown,weak,0.0,95.0,4803.73,4804.0,4780.0,4760.0,4720.0,0.27000000000043656,23.729999999999563,43.72999999999956,83.72999999999956,87.88888888874517,161.96296296269946,310.1111111106081,0.0,0.27000000000043656,0.27000000000043656,0.5400000000008731,0.5,0.0,0.5,3.7299999999995634,0.0,0.27000000000043656,0.0,0.0,0.0,0.0,0,1,LOSS,-0.27,SL_HIT,0,0
2026-04-08T06:45:00+00:00,XAUUSD,SELL,london,bullish,range,bullish,secondary,structure_shift_confirmation,A+,unknown,weak,0.0,80.0,4820.02,4824.0,4800.0,4780.0,4760.0,3.9799999999995634,20.020000000000437,40.02000000000044,60.02000000000044,5.030150753769505,10.05527638191076,15.080402010052016,0.0,3.9799999999995634,3.9799999999995634,7.959999999999127,0.5,0.0,0.5,20.020000000000437,0.0,3.9799999999995634,0.0,0.0,0.0,0.0,1,0,BREAKEVEN_WIN,20.02,BREAKEVEN_WIN,1,1
2026-04-08T08:30:00+00:00,XAUUSD,SELL,off_session,bullish,range,bullish,secondary,sweep_reclaim_confirmation,A+,unknown,weak,0.0,80.0,4793.52,4804.0,4780.0,4760.0,4652.41,10.479999999999563,13.520000000000437,33.52000000000044,141.11000000000058,1.290076335877958,3.198473282442923,13.464694656489167,0.0,10.479999999999563,10.479999999999563,20.959999999999127,0.5,0.0,0.5,6.479999999999563,0.0,10.479999999999563,0.0,0.0,0.0,0.0,0,1,LOSS,-10.48,SL_HIT,0,0
2026-04-08T09:00:00+00:00,XAUUSD,BUY,new_york,bullish,range,bullish,primary,failed_retest_confirmation,A+,unknown,strong,0.0,80.0,4800.44,4776.0,4820.0,4840.0,4860.0,24.4399999999996,19.5600000000004,39.5600000000004,59.5600000000004,0.8003273322422554,1.6186579378069168,2.4369885433715783,0.0,24.4399999999996,24.4399999999996,48.8799999999992,0.5,0.0,0.5,0.4399999999995998,0.0,24.4399999999996,0.0,0.0,0.0,1.0,0,1,LOSS,-24.44,SL_HIT,0,0
2026-04-08T09:30:00+00:00,XAUUSD,BUY,new_york,bullish,reversal_attempt,bullish,primary,break_retest_close_confirmation,A,unknown,strong,100.0,80.0,4782.56,4754.0,4820.0,4840.0,4860.0,28.6,37.4,57.4,77.4,1.31,2.01,2.71,1.0,28.6,28.6,57.2,0.5,0.0,0.5,17.4399999999996,17.4399999999996,22.5600000000004,0.0,0.0,0.0,1.0,0,1,LOSS,-28.56,SL_HIT,0,0
2026-04-08T09:30:00+00:00,XAUUSD,BUY,new_york,bullish,reversal_attempt,bullish,primary,break_retest_close_confirmation,A,unknown,strong,100.0,80.0,4782.56,4754.0,4820.0,4840.0,4860.0,28.6,37.4,57.4,77.4,1.31,2.01,2.71,1.0,28.6,28.6,57.2,0.5,0.0,0.5,17.4399999999996,17.4399999999996,22.5600000000004,0.0,0.0,0.0,1.0,0,1,LOSS,-28.56,SL_HIT,0,0
2026-04-08T09:30:00+00:00,XAUUSD,BUY,new_york,bullish,reversal_attempt,bullish,primary,break_retest_close_confirmation,A,unknown,strong,100.0,80.0,4782.56,4754.0,4820.0,4840.0,4860.0,28.6,37.4,57.4,77.4,1.31,2.01,2.71,1.0,28.6,28.6,57.2,0.5,0.0,0.5,17.4399999999996,17.4399999999996,22.5600000000004,0.0,0.0,0.0,1.0,0,1,LOSS,-28.56,SL_HIT,0,0
2026-04-08T09:30:00+00:00,XAUUSD,BUY,new_york,bullish,reversal_attempt,bullish,primary,break_retest_close_confirmation,A,unknown,strong,100.0,80.0,4782.56,4754.0,4820.0,4840.0,4860.0,28.6,37.4,57.4,77.4,1.31,2.01,2.71,1.0,28.6,28.6,57.2,0.5,0.0,0.5,17.4399999999996,17.4399999999996,22.5600000000004,0.0,0.0,0.0,1.0,0,1,LOSS,-28.56,SL_HIT,0,0
2026-04-08T09:30:00+00:00,XAUUSD,BUY,new_york,bullish,reversal_attempt,bullish,primary,break_retest_close_confirmation,A,unknown,strong,100.0,80.0,4782.56,4754.0,4820.0,4840.0,4860.0,28.6,37.4,57.4,77.4,1.31,2.01,2.71,1.0,28.6,28.6,57.2,0.5,0.0,0.5,17.4399999999996,17.4399999999996,22.5600000000004,0.0,0.0,0.0,1.0,0,1,LOSS,-28.56,SL_HIT,0,0
2026-04-08T09:30:00+00:00,XAUUSD,BUY,new_york,bullish,reversal_attempt,bullish,primary,break_retest_close_confirmation,A,unknown,strong,100.0,80.0,4782.56,4754.0,4820.0,4840.0,4860.0,28.6,37.4,57.4,77.4,1.31,2.01,2.71,1.0,28.6,28.6,57.2,0.5,0.0,0.5,17.4399999999996,17.4399999999996,22.5600000000004,0.0,0.0,0.0,1.0,0,1,LOSS,-28.56,SL_HIT,0,0
2026-04-08T09:30:00+00:00,XAUUSD,BUY,new_york,bullish,reversal_attempt,bullish,primary,break_retest_close_confirmation,A,unknown,strong,105.0,80.0,4782.56,4754.0,4820.0,4840.0,4860.0,28.6,37.4,57.4,77.4,1.31,2.01,2.71,1.0,28.6,28.6,57.2,0.5,0.0,0.5,17.4399999999996,17.4399999999996,22.5600000000004,0.0,0.0,0.0,1.0,0,1,LOSS,-28.56,SL_HIT,0,0
2026-04-08T09:30:00+00:00,XAUUSD,BUY,off_session,bullish,range,bullish,primary,break_retest_close_confirmation,A,unknown,strong,65.0,80.0,4782.56,4756.0,4800.0,4820.0,4840.0,26.5600000000004,17.4399999999996,37.4399999999996,57.4399999999996,0.6566265060240715,1.4096385542168313,2.162650602409591,0.0,26.5600000000004,26.5600000000004,53.1200000000008,0.5,0.0,0.5,17.4399999999996,0.0,26.5600000000004,0.0,0.0,0.0,1.0,1,0,BREAKEVEN_WIN,17.44,BREAKEVEN_WIN,1,1
2026-04-08T09:30:00+00:00,XAUUSD,BUY,new_york,bullish,reversal_attempt,bullish,primary,break_retest_close_confirmation,A,unknown,strong,100.0,80.0,4782.56,4754.0,4820.0,4840.0,4860.0,28.6,37.4,57.4,77.4,1.31,2.01,2.71,1.0,28.6,28.6,57.2,0.5,0.0,0.5,17.4399999999996,17.4399999999996,22.5600000000004,0.0,0.0,0.0,1.0,0,1,LOSS,-28.56,SL_HIT,0,0
2026-04-08T09:45:00+00:00,XAUUSD,BUY,off_session,bullish,range,bullish,primary,failed_retest_confirmation,A+,unknown,strong,0.0,80.0,4783.32,4756.0,4800.0,4820.0,4840.0,27.31999999999971,16.68000000000029,36.68000000000029,56.68000000000029,0.6105417276720523,1.342606149341167,2.0746705710102815,0.0,27.31999999999971,27.31999999999971,54.63999999999942,0.5,0.0,0.5,16.68000000000029,0.0,27.31999999999971,0.0,0.0,0.0,1.0,1,0,BREAKEVEN_WIN,16.68,BREAKEVEN_WIN,1,1
2026-04-08T12:00:00+00:00,XAUUSD,BUY,new_york,bullish,range,bullish,primary,structure_shift_confirmation,A+,unknown,strong,0.0,80.0,4805.34,4776.0,4820.0,4840.0,4860.0,29.340000000000146,14.659999999999854,34.659999999999854,54.659999999999854,0.49965916837081736,1.1813224267211888,1.8629856850715605,0.0,29.340000000000146,29.340000000000146,58.68000000000029,0.5,0.0,0.5,5.3400000000001455,0.0,29.340000000000146,0.0,0.0,0.0,1.0,0,1,LOSS,-29.34,SL_HIT,0,0
2026-04-08T12:15:00+00:00,XAUUSD,SELL,off_session,bullish,range,bullish,secondary,displacement_confirmation,A,unknown,weak,0.0,70.0,4783.97,4784.0,4760.0,4740.0,4720.0,0.02999999999974534,23.970000000000255,43.970000000000255,63.970000000000255,799.0000000067909,1465.6666666791166,2132.3333333514424,0.0,0.02999999999974534,0.02999999999974534,0.05999999999949068,0.5,0.0,0.5,16.029999999999745,0.0,0.02999999999974534,0.0,0.0,0.0,0.0,0,1,LOSS,-0.03,SL_HIT,0,0
2026-04-08T13:30:00+00:00,XAUUSD,SELL,new_york,bullish,range,bullish,secondary,structure_shift_confirmation,A+,unknown,weak,0.0,80.0,4774.19,4771.28,4760.0,4740.0,4720.0,2.9099999999998545,14.1899999999996,34.1899999999996,54.1899999999996,4.876288659793921,11.74914089347124,18.62199312714856,0.0,2.9099999999998545,2.9099999999998545,5.819999999999709,0.5,0.0,0.5,24.1899999999996,0.0,2.9099999999998545,0.0,0.0,0.0,0.0,0,1,LOSS,2.91,SL_HIT,0,0
2026-04-08T13:45:00+00:00,XAUUSD,BUY,new_york,bullish,reversal_attempt,bullish,primary,failed_retest_confirmation,A+,unknown,strong,0.0,80.0,4777.49,4756.0,4800.0,4820.0,4840.0,21.48999999999978,22.51000000000022,42.51000000000022,62.51000000000022,1.0474639367147718,1.9781293624942136,2.908794788273655,0.0,21.48999999999978,21.48999999999978,42.97999999999956,0.5,0.0,0.5,22.51000000000022,0.0,21.48999999999978,0.0,0.0,0.0,1.0,0,1,LOSS,-21.49,SL_HIT,0,0
2026-04-08T14:00:00+00:00,XAUUSD,BUY,new_york,bullish,reversal_attempt,bullish,primary,failed_retest_confirmation,A+,unknown,strong,0.0,90.0,4780.31,4763.28,4800.0,4820.0,4840.0,17.030000000000655,19.6899999999996,39.6899999999996,59.6899999999996,1.156194950088012,2.330593071050973,3.5049911920139345,0.0,17.030000000000655,17.030000000000655,34.06000000000131,0.5,0.0,0.5,19.6899999999996,0.0,17.030000000000655,0.0,0.0,0.0,1.0,0,1,LOSS,-17.03,SL_HIT,0,0
2026-04-08T14:15:00+00:00,XAUUSD,BUY,new_york,bullish,reversal_attempt,bullish,primary,break_retest_close_confirmation,A,unknown,strong,100.0,80.0,4767.67,4754.0,4800.0,4820.0,4840.0,13.7,32.3,52.3,72.3,2.37,3.83,5.29,0.0,13.7,13.7,27.4,0.5,0.0,0.5,17.670000000000073,0.0,7.670000000000073,0.0,0.0,0.0,1.0,0,1,LOSS,-13.67,SL_HIT,0,0
2026-04-08T14:15:00+00:00,XAUUSD,BUY,new_york,bullish,reversal_attempt,bullish,primary,break_retest_close_confirmation,A,unknown,strong,100.0,80.0,4767.67,4754.0,4800.0,4820.0,4840.0,13.7,32.3,52.3,72.3,2.37,3.83,5.29,0.0,13.7,13.7,27.4,0.5,0.0,0.5,17.670000000000073,0.0,7.670000000000073,0.0,0.0,0.0,1.0,0,1,LOSS,-13.67,SL_HIT,0,0
2026-04-08T14:15:00+00:00,XAUUSD,SELL,new_york,bullish,reversal_attempt,bullish,secondary,displacement_confirmation,A,unknown,weak,0.0,70.0,4767.67,4771.28,4750.0,4720.0,4700.0,3.6099999999996726,17.670000000000073,47.67000000000007,67.67000000000007,4.894736842105727,13.204986149585705,18.745152354572358,0.0,3.6099999999996726,3.6099999999996726,7.219999999999345,0.5,0.0,0.5,17.670000000000073,0.0,3.6099999999996726,0.0,0.0,0.0,0.0,1,0,BREAKEVEN_WIN,17.67,BREAKEVEN_WIN,1,1
2026-04-08T14:15:00+00:00,XAUUSD,BUY,new_york,bullish,reversal_attempt,bullish,primary,break_retest_close_confirmation,A,unknown,strong,100.0,80.0,4767.67,4754.0,4800.0,4820.0,4840.0,13.7,32.3,52.3,72.3,2.37,3.83,5.29,0.0,13.7,13.7,27.4,0.5,0.0,0.5,17.670000000000073,0.0,7.670000000000073,0.0,0.0,0.0,1.0,0,1,LOSS,-13.67,SL_HIT,0,0
2026-04-08T14:15:00+00:00,XAUUSD,BUY,new_york,bullish,reversal_attempt,bullish,primary,break_retest_close_confirmation,A,unknown,strong,0.0,70.0,4767.67,4756.0,4780.0,4800.0,4820.0,11.670000000000073,12.329999999999927,32.32999999999993,52.32999999999993,1.0565552699228664,2.770351328191922,4.484147386460977,0.0,11.670000000000073,11.670000000000073,23.340000000000146,0.5,0.0,0.5,17.670000000000073,0.0,11.670000000000073,0.0,0.0,0.0,1.0,0,1,LOSS,-11.67,SL_HIT,0,0
2026-04-08T14:15:00+00:00,XAUUSD,BUY,new_york,bullish,reversal_attempt,bullish,primary,break_retest_close_confirmation,A,unknown,strong,100.0,80.0,4767.67,4754.0,4800.0,4820.0,4840.0,13.7,32.3,52.3,72.3,2.37,3.83,5.29,0.0,13.7,13.7,27.4,0.5,0.0,0.5,17.670000000000073,0.0,7.670000000000073,0.0,0.0,0.0,1.0,0,1,LOSS,-13.67,SL_HIT,0,0
2026-04-08T14:15:00+00:00,XAUUSD,BUY,new_york,bullish,reversal_attempt,bullish,primary,break_retest_close_confirmation,A,unknown,strong,100.0,80.0,4767.67,4754.0,4800.0,4820.0,4840.0,13.7,32.3,52.3,72.3,2.37,3.83,5.29,0.0,13.7,13.7,27.4,0.5,0.0,0.5,17.670000000000073,0.0,7.670000000000073,0.0,0.0,0.0,1.0,0,1,LOSS,-13.67,SL_HIT,0,0
2026-04-08T14:15:00+00:00,XAUUSD,BUY,new_york,bullish,reversal_attempt,bullish,primary,break_retest_close_confirmation,A,unknown,strong,100.0,80.0,4767.67,4754.0,4800.0,4820.0,4840.0,13.7,32.3,52.3,72.3,2.37,3.83,5.29,0.0,13.7,13.7,27.4,0.5,0.0,0.5,17.670000000000073,0.0,7.670000000000073,0.0,0.0,0.0,1.0,0,1,LOSS,-13.67,SL_HIT,0,0
2026-04-08T14:15:00+00:00,XAUUSD,BUY,new_york,bullish,reversal_attempt,bullish,primary,break_retest_close_confirmation,A,unknown,strong,100.0,80.0,4767.67,4754.0,4800.0,4820.0,4840.0,13.7,32.3,52.3,72.3,2.37,3.83,5.29,0.0,13.7,13.7,27.4,0.5,0.0,0.5,17.670000000000073,0.0,7.670000000000073,0.0,0.0,0.0,1.0,0,1,LOSS,-13.67,SL_HIT,0,0
2026-04-08T14:30:00+00:00,XAUUSD,SELL,new_york,bullish,reversal_attempt,bullish,secondary,sweep_reclaim_confirmation,A+,unknown,weak,0.0,80.0,4760.26,4771.28,4750.0,4720.0,4700.0,11.019999999999527,10.260000000000218,40.26000000000022,60.26000000000022,0.9310344827586805,3.653357531760612,5.468239564428567,0.0,11.019999999999527,11.019999999999527,22.039999999999054,0.5,0.0,0.5,10.260000000000218,0.0,11.019999999999527,0.0,0.0,0.0,0.0,1,0,BREAKEVEN_WIN,10.26,BREAKEVEN_WIN,1,1
2026-04-08T14:30:00+00:00,XAUUSD,BUY,new_york,bullish,reversal_attempt,bullish,primary,sweep_reclaim_confirmation,A,unknown,strong,0.0,70.0,4760.26,4756.0,4780.0,4800.0,4820.0,4.260000000000218,19.73999999999978,39.73999999999978,59.73999999999978,4.633802816901119,9.328638497652053,14.023474178402987,0.0,4.260000000000218,4.260000000000218,8.520000000000437,0.5,0.0,0.5,10.260000000000218,0.0,4.260000000000218,0.0,0.0,0.0,1.0,0,1,LOSS,-4.26,SL_HIT,0,0
2026-04-08T14:45:00+00:00,XAUUSD,BUY,new_york,bullish,reversal_attempt,bullish,primary,break_retest_close_confirmation,A,unknown,strong,0.0,80.0,4736.37,4716.0,4750.0,4780.0,4800.0,20.36999999999989,13.63000000000011,43.63000000000011,63.63000000000011,0.6691212567501317,2.1418753068237772,3.1237113402062078,0.0,20.36999999999989,20.36999999999989,40.73999999999978,0.5,0.0,0.5,13.63000000000011,0.0,20.36999999999989,0.0,0.0,0.0,1.0,1,0,BREAKEVEN_WIN,13.63,BREAKEVEN_WIN,1,1
2026-04-08T14:45:00+00:00,XAUUSD,SELL,new_york,bullish,reversal_attempt,bullish,secondary,structure_shift_confirmation,A+,unknown,weak,0.0,90.0,4736.37,4736.28,4720.0,4700.0,4680.0,0.09000000000014552,16.36999999999989,36.36999999999989,56.36999999999989,181.88888888859358,404.1111111104565,626.3333333323194,0.0,0.09000000000014552,0.09000000000014552,0.18000000000029104,0.5,0.0,0.5,13.63000000000011,0.0,0.09000000000014552,0.0,0.0,0.0,0.0,0,1,LOSS,0.09,SL_HIT,0,0
2026-04-08T15:00:00+00:00,XAUUSD,BUY,off_session,bullish,reversal_attempt,bullish,primary,failed_retest_confirmation,A+,unknown,strong,0.0,90.0,4743.61,4730.2,4760.0,4780.0,4800.0,13.409999999999854,16.390000000000327,36.39000000000033,56.39000000000033,1.2222222222222598,2.7136465324385326,4.205070842654806,0.0,13.409999999999854,13.409999999999854,26.81999999999971,0.5,0.0,0.5,6.390000000000327,0.0,13.409999999999854,0.0,0.0,0.0,1.0,1,0,BREAKEVEN_WIN,16.39,BREAKEVEN_WIN,1,1
2026-04-08T16:15:00+00:00,XAUUSD,SELL,off_session,bullish,reversal_attempt,bullish,secondary,structure_shift_confirmation,A+,unknown,weak,0.0,80.0,4750.15,4754.0,4740.0,4720.0,4700.0,3.850000000000364,10.149999999999636,30.149999999999636,50.149999999999636,2.636363636363293,7.831168831167997,13.025974025972701,0.0,3.850000000000364,3.850000000000364,7.700000000000728,0.5,0.0,0.5,0.1499999999996362,0.0,3.850000000000364,0.0,0.0,0.0,0.0,0,1,LOSS,-3.85,SL_HIT,0,0
2026-04-08T16:15:00+00:00,XAUUSD,BUY,off_session,bullish,reversal_attempt,bullish,primary,break_retest_close_confirmation,A,unknown,strong,0.0,70.0,4750.15,4741.44,4780.0,4800.0,4820.0,8.710000000000036,29.850000000000364,49.850000000000364,69.85000000000036,3.4270952927669622,5.723306544202084,8.019517795637206,0.0,8.710000000000036,8.710000000000036,17.420000000000073,0.5,0.0,0.5,0.1499999999996362,0.0,8.710000000000036,0.0,0.0,0.0,1.0,0,1,LOSS,-8.71,SL_HIT,0,0
2026-04-08T16:30:00+00:00,XAUUSD,BUY,off_session,bullish,reversal_attempt,bullish,primary,failed_retest_confirmation,A+,unknown,strong,0.0,80.0,4758.53,4741.44,4780.0,4800.0,4820.0,17.090000000000146,21.470000000000255,41.470000000000255,61.470000000000255,1.2562902282036321,2.42656524283206,3.5968402574604874,0.0,17.090000000000146,17.090000000000146,34.18000000000029,0.5,0.0,0.5,8.529999999999745,0.0,17.090000000000146,0.0,0.0,0.0,1.0,0,1,LOSS,-17.09,SL_HIT,0,0
2026-04-08T17:30:00+00:00,XAUUSD,SELL,off_session,bullish,reversal_attempt,bullish,secondary,structure_shift_confirmation,A+,unknown,weak,0.0,90.0,4740.67,4744.0,4720.0,4700.0,4680.0,3.3299999999999272,20.670000000000073,40.67000000000007,60.67000000000007,6.2072072072073645,12.213213213213502,18.21921921921964,0.0,3.3299999999999272,3.3299999999999272,6.6599999999998545,0.5,0.0,0.5,9.329999999999927,0.0,3.3299999999999272,0.0,0.0,0.0,0.0,1,0,BREAKEVEN_WIN,20.67,BREAKEVEN_WIN,1,1
2026-04-08T17:30:00+00:00,XAUUSD,BUY,off_session,bullish,reversal_attempt,bullish,primary,break_retest_close_confirmation,A,unknown,strong,0.0,80.0,4740.67,4730.2,4760.0,4780.0,4800.0,10.470000000000255,19.329999999999927,39.32999999999993,59.32999999999993,1.8462273161413043,3.756446991403913,5.666666666666522,0.0,10.470000000000255,10.470000000000255,20.94000000000051,0.5,0.0,0.5,9.329999999999927,0.0,10.470000000000255,0.0,0.0,0.0,1.0,0,1,LOSS,-10.47,SL_HIT,0,0
2026-04-08T17:45:00+00:00,XAUUSD,SELL,off_session,bullish,reversal_attempt,bullish,secondary,sweep_reclaim_confirmation,A+,unknown,weak,0.0,80.0,4734.03,4744.0,4720.0,4700.0,4680.0,9.970000000000255,14.029999999999745,34.029999999999745,54.029999999999745,1.4072216649949234,3.41323971915736,5.419257773319796,0.0,9.970000000000255,9.970000000000255,19.94000000000051,0.5,0.0,0.5,15.970000000000255,0.0,9.970000000000255,0.0,0.0,0.0,0.0,1,0,BREAKEVEN_WIN,14.03,BREAKEVEN_WIN,1,1
2026-04-08T18:00:00+00:00,XAUUSD,BUY,off_session,bullish,reversal_attempt,bullish,primary,sweep_reclaim_confirmation,A+,unknown,strong,0.0,80.0,4743.44,4730.2,4760.0,4780.0,4800.0,13.239999999999782,16.5600000000004,36.5600000000004,56.5600000000004,1.2507552870091143,2.7613293051360275,4.271903323262941,0.0,13.239999999999782,13.239999999999782,26.479999999999563,0.5,0.0,0.5,6.5600000000004,0.0,13.239999999999782,0.0,0.0,0.0,1.0,0,1,LOSS,-13.24,SL_HIT,0,0
2026-04-08T18:15:00+00:00,XAUUSD,BUY,asia,bearish,impulsive,bearish,primary,break_retest_close_confirmation,A,unknown,weak,0.0,80.0,4722.6,4699.42,4740.0,4760.0,4780.0,23.18000000000029,17.399999999999636,37.399999999999636,57.399999999999636,0.7506471095771966,1.6134598792061763,2.476272648835156,0.0,23.18000000000029,23.18000000000029,46.36000000000058,0.5,0.0,0.5,22.600000000000364,0.0,23.18000000000029,0.0,0.0,0.0,0.0,0,0,EXPIRED,0.0,EXPIRED,0,0
2026-04-08T18:15:00+00:00,XAUUSD,SELL,off_session,bullish,reversal_attempt,bullish,secondary,structure_shift_confirmation,A+,unknown,weak,0.0,90.0,4722.6,4724.0,4703.42,4680.0,4660.0,1.3999999999996362,19.18000000000029,42.600000000000364,62.600000000000364,13.700000000003769,30.428571428579595,44.714285714297596,0.0,1.3999999999996362,1.3999999999996362,2.7999999999992724,0.5,0.0,0.5,22.600000000000364,0.0,1.3999999999996362,0.0,0.0,0.0,0.0,0,1,LOSS,-1.4,SL_HIT,0,0
2026-04-08T18:30:00+00:00,XAUUSD,SELL,off_session,bullish,reversal_attempt,bullish,secondary,structure_shift_confirmation,A+,unknown,weak,0.0,90.0,4709.25,4707.42,4680.0,4660.0,4640.0,1.8299999999999272,29.25,49.25,69.25,15.983606557377685,26.912568306012,37.84153005464631,0.0,1.8299999999999272,1.8299999999999272,3.6599999999998545,0.5,0.0,0.5,9.25,0.0,1.8299999999999272,0.0,0.0,0.0,0.0,0,1,LOSS,1.83,SL_HIT,0,0
2026-04-08T19:00:00+00:00,XAUUSD,BUY,asia,bearish,impulsive,bearish,primary,failed_retest_confirmation,A+,unknown,weak,0.0,90.0,4715.52,4696.0,4740.0,4760.0,4800.0,19.520000000000437,24.479999999999563,44.47999999999956,84.47999999999956,1.2540983606556872,2.2786885245900907,4.327868852458897,0.0,19.520000000000437,19.520000000000437,39.04000000000087,0.5,0.0,0.5,15.520000000000437,0.0,19.520000000000437,0.0,0.0,0.0,0.0,0,0,EXPIRED,0.0,EXPIRED,0,0
2026-04-08T19:30:00+00:00,XAUUSD,BUY,asia,neutral,range,neutral,primary,structure_shift_confirmation,A+,unknown,weak,0.0,90.0,4721.75,4699.42,4740.0,4760.0,4780.0,22.329999999999927,18.25,38.25,58.25,0.8172861621137509,1.712942230183615,2.608598298253479,0.0,22.329999999999927,22.329999999999927,44.659999999999854,0.5,0.0,0.5,21.75,0.0,22.329999999999927,0.0,0.0,0.0,0.0,0,0,EXPIRED,0.0,EXPIRED,0,0
2026-04-08T20:45:00+00:00,XAUUSD,SELL,asia,bearish,impulsive,bearish,secondary,structure_shift_confirmation,A+,unknown,strong,0.0,90.0,4719.47,4724.0,4703.42,4680.0,4660.0,4.529999999999745,16.050000000000182,39.470000000000255,59.470000000000255,3.5430463576161335,8.713024282561252,13.128035320089094,0.0,4.529999999999745,4.529999999999745,9.05999999999949,0.5,0.0,0.5,19.470000000000255,0.0,4.529999999999745,0.0,0.0,0.0,1.0,1,0,BREAKEVEN_WIN,16.05,BREAKEVEN_WIN,1,1
2026-04-08T22:00:00+00:00,XAUUSD,SELL,off_session,bullish,reversal_attempt,bullish,secondary,structure_shift_confirmation,A+,unknown,weak,0.0,90.0,4712.35,4708.71,4700.0,4680.0,4660.0,3.6400000000003274,12.350000000000364,32.350000000000364,52.350000000000364,3.3928571428569376,8.887362637361939,14.381868131866938,0.0,3.6400000000003274,3.6400000000003274,7.280000000000655,0.5,0.0,0.5,12.350000000000364,0.0,3.6400000000003274,0.0,0.0,0.0,0.0,0,1,LOSS,3.64,SL_HIT,0,0
2026-04-08T22:15:00+00:00,XAUUSD,BUY,asia,neutral,range,neutral,primary,failed_retest_confirmation,A+,unknown,weak,0.0,90.0,4713.77,4699.42,4740.0,4760.0,4780.0,14.350000000000364,26.229999999999563,46.22999999999956,66.22999999999956,1.8278745644598535,3.2216027874563338,4.615331010452814,0.0,14.350000000000364,14.350000000000364,28.700000000000728,0.5,0.0,0.5,13.770000000000437,0.0,14.350000000000364,0.0,0.0,0.0,0.0,0,0,EXPIRED,0.0,EXPIRED,0,0
2026-04-08T23:00:00+00:00,XAUUSD,BUY,asia,bearish,impulsive,bearish,primary,break_retest_close_confirmation,A,unknown,weak,0.0,80.0,4708.53,4700.71,4720.0,4740.0,4760.0,7.819999999999709,11.470000000000255,31.470000000000255,51.470000000000255,1.466751918158655,4.024296675191998,6.581841432225342,0.0,7.819999999999709,7.819999999999709,15.639999999999418,0.5,0.0,0.5,8.529999999999745,0.0,7.819999999999709,0.0,0.0,0.0,0.0,1,0,BREAKEVEN_WIN,11.47,BREAKEVEN_WIN,1,1
2026-04-09T00:30:00+00:00,XAUUSD,BUY,asia,bearish,impulsive,bearish,secondary,displacement_confirmation,A,unknown,weak,0.0,75.0,4718.39,4736.0,4740.0,4760.0,4780.0,17.609999999999673,21.609999999999673,41.60999999999967,61.60999999999967,1.2271436683702484,2.3628620102214906,3.4985803520727323,0.0,17.609999999999673,17.609999999999673,35.219999999999345,0.5,0.0,0.5,18.390000000000327,0.0,17.609999999999673,0.0,0.0,0.0,0.0,0,1,LOSS,17.61,SL_HIT,0,0
2026-04-09T01:00:00+00:00,XAUUSD,BUY,asia,bearish,impulsive,bearish,secondary,structure_shift_confirmation,A+,unknown,weak,0.0,95.0,4720.6,4746.0,4740.0,4760.0,4780.0,25.399999999999636,19.399999999999636,39.399999999999636,59.399999999999636,0.7637795275590518,1.5511811023622126,2.3385826771653737,0.0,25.399999999999636,25.399999999999636,50.79999999999927,0.5,0.0,0.5,20.600000000000364,0.0,25.399999999999636,0.0,0.0,0.0,0.0,0,1,LOSS,25.4,SL_HIT,0,0
2026-04-09T01:30:00+00:00,XAUUSD,SELL,london,neutral,range,neutral,primary,break_retest_close_confirmation,A,unknown,weak,0.0,85.0,4717.49,4744.0,4700.0,4680.0,4660.0,26.51000000000022,17.48999999999978,37.48999999999978,57.48999999999978,0.6597510373443847,1.4141833270463777,2.1686156167483706,0.0,26.51000000000022,26.51000000000022,53.02000000000044,0.5,0.0,0.5,17.48999999999978,0.0,26.51000000000022,0.0,0.0,0.0,0.0,0,0,EXPIRED,0.0,EXPIRED,0,0
2026-04-09T01:30:00+00:00,XAUUSD,SELL,london,neutral,range,neutral,primary,break_retest_close_confirmation,A,unknown,weak,90.0,85.0,4717.49,4746.0,4680.0,4660.0,4635.0,28.5,37.5,57.5,82.5,1.32,2.02,2.89,1.0,28.5,28.5,57.0,0.5,0.0,0.5,17.48999999999978,17.48999999999978,22.51000000000022,0.0,0.0,0.0,0.0,0,0,EXPIRED_BEFORE_TP,0.0,EXPIRED,0,0
2026-04-09T01:30:00+00:00,XAUUSD,SELL,london,neutral,range,neutral,primary,break_retest_close_confirmation,A,unknown,weak,95.0,85.0,4717.49,4746.0,4680.0,4660.0,4635.0,28.5,37.5,57.5,82.5,1.32,2.02,2.89,1.0,28.5,28.5,57.0,0.5,0.0,0.5,17.48999999999978,17.48999999999978,22.51000000000022,0.0,0.0,0.0,0.0,0,0,EXPIRED_BEFORE_TP,0.0,EXPIRED,0,0
2026-04-09T01:30:00+00:00,XAUUSD,SELL,london,neutral,range,neutral,primary,break_retest_close_confirmation,A,unknown,weak,90.0,85.0,4717.49,4746.0,4680.0,4660.0,4635.0,28.5,37.5,57.5,82.5,1.32,2.02,2.89,1.0,28.5,28.5,57.0,0.5,0.0,0.5,17.48999999999978,17.48999999999978,22.51000000000022,0.0,0.0,0.0,0.0,0,0,EXPIRED_BEFORE_TP,0.0,EXPIRED,0,0
2026-04-09T01:30:00+00:00,XAUUSD,SELL,london,neutral,range,neutral,primary,break_retest_close_confirmation,A,unknown,weak,95.0,85.0,4717.49,4746.0,4680.0,4660.0,4635.0,28.5,37.5,57.5,82.5,1.32,2.02,2.89,1.0,28.5,28.5,57.0,0.5,0.0,0.5,17.48999999999978,17.48999999999978,22.51000000000022,0.0,0.0,0.0,0.0,0,0,EXPIRED_BEFORE_TP,0.0,EXPIRED,0,0
2026-04-09T01:30:00+00:00,XAUUSD,SELL,london,neutral,range,neutral,primary,break_retest_close_confirmation,A,unknown,weak,55.0,85.0,4717.49,4744.0,4700.0,4680.0,4660.0,26.51000000000022,17.48999999999978,37.48999999999978,57.48999999999978,0.6597510373443847,1.4141833270463777,2.1686156167483706,0.0,26.51000000000022,26.51000000000022,53.02000000000044,0.5,0.0,0.5,17.48999999999978,0.0,26.51000000000022,0.0,0.0,0.0,0.0,0,0,EXPIRED,0.0,EXPIRED,0,0
2026-04-09T01:30:00+00:00,XAUUSD,SELL,london,neutral,range,neutral,primary,break_retest_close_confirmation,A,unknown,weak,0.0,85.0,4717.49,4744.0,4700.0,4680.0,4660.0,26.51000000000022,17.48999999999978,37.48999999999978,57.48999999999978,0.6597510373443847,1.4141833270463777,2.1686156167483706,0.0,26.51000000000022,26.51000000000022,53.02000000000044,0.5,0.0,0.5,17.48999999999978,0.0,26.51000000000022,0.0,0.0,0.0,0.0,0,0,EXPIRED,0.0,EXPIRED,0,0
2026-04-09T01:30:00+00:00,XAUUSD,SELL,london,neutral,range,neutral,primary,break_retest_close_confirmation,A,unknown,weak,90.0,85.0,4717.49,4746.0,4680.0,4660.0,4635.0,28.5,37.5,57.5,82.5,1.32,2.02,2.89,1.0,28.5,28.5,57.0,0.5,0.0,0.5,17.48999999999978,17.48999999999978,22.51000000000022,0.0,0.0,0.0,0.0,0,0,EXPIRED_BEFORE_TP,0.0,EXPIRED,0,0
2026-04-09T01:30:00+00:00,XAUUSD,SELL,london,neutral,range,neutral,primary,break_retest_close_confirmation,A,unknown,weak,90.0,85.0,4717.49,4746.0,4680.0,4660.0,4635.0,28.5,37.5,57.5,82.5,1.32,2.02,2.89,1.0,28.5,28.5,57.0,0.5,0.0,0.5,17.48999999999978,17.48999999999978,22.51000000000022,0.0,0.0,0.0,0.0,0,0,EXPIRED_BEFORE_TP,0.0,EXPIRED,0,0
2026-04-09T01:30:00+00:00,XAUUSD,SELL,london,neutral,range,neutral,primary,break_retest_close_confirmation,A,unknown,weak,90.0,85.0,4717.49,4746.0,4680.0,4660.0,4635.0,28.5,37.5,57.5,82.5,1.32,2.02,2.89,1.0,28.5,28.5,57.0,0.5,0.0,0.5,17.48999999999978,17.48999999999978,22.51000000000022,0.0,0.0,0.0,0.0,0,0,EXPIRED_BEFORE_TP,0.0,EXPIRED,0,0
2026-04-09T01:30:00+00:00,XAUUSD,SELL,london,neutral,range,neutral,primary,break_retest_close_confirmation,A,unknown,weak,90.0,85.0,4717.49,4746.0,4680.0,4660.0,4635.0,28.5,37.5,57.5,82.5,1.32,2.02,2.89,1.0,28.5,28.5,57.0,0.5,0.0,0.5,17.48999999999978,17.48999999999978,22.51000000000022,0.0,0.0,0.0,0.0,0,0,EXPIRED_BEFORE_TP,0.0,EXPIRED,0,0
2026-04-09T01:45:00+00:00,XAUUSD,BUY,asia,bearish,range,bearish,secondary,structure_shift_confirmation,A+,unknown,weak,0.0,95.0,4727.11,4736.0,4740.0,4760.0,4780.0,8.890000000000327,12.890000000000327,32.89000000000033,52.89000000000033,1.4499437570303546,3.6996625421821276,5.949381327333901,0.0,8.890000000000327,8.890000000000327,17.780000000000655,0.5,0.0,0.5,22.890000000000327,0.0,8.890000000000327,0.0,0.0,0.0,0.0,0,1,LOSS,8.89,SL_HIT,0,0
2026-04-09T02:45:00+00:00,XAUUSD,SELL,off_session,neutral,range,neutral,primary,structure_shift_confirmation,A+,unknown,weak,0.0,80.0,4718.99,4744.0,4700.0,4680.0,4660.0,25.01000000000022,18.98999999999978,38.98999999999978,58.98999999999978,0.7592962814873897,1.558976409436203,2.358656537385017,0.0,25.01000000000022,25.01000000000022,50.02000000000044,0.5,0.0,0.5,18.98999999999978,0.0,25.01000000000022,0.0,0.0,0.0,0.0,0,0,EXPIRED,0.0,EXPIRED,0,0
2026-04-09T05:45:00+00:00,XAUUSD,SELL,off_session,neutral,range,neutral,primary,failed_retest_confirmation,A+,unknown,weak,0.0,90.0,4713.35,4744.0,4700.0,4680.0,4660.0,30.649999999999636,13.350000000000364,33.350000000000364,53.350000000000364,0.43556280587277396,1.088091353996762,1.7406199021207502,0.0,30.649999999999636,30.649999999999636,61.29999999999927,0.5,0.0,0.5,13.350000000000364,0.0,30.649999999999636,0.0,0.0,0.0,0.0,0,1,LOSS,-30.65,SL_HIT,0,0
2026-04-09T07:30:00+00:00,XAUUSD,BUY,london,neutral,range,neutral,secondary,displacement_confirmation,A,unknown,weak,0.0,75.0,4722.65,4746.0,4740.0,4760.0,4780.0,23.350000000000364,17.350000000000364,37.350000000000364,57.350000000000364,0.7430406852248435,1.5995717344753655,2.4561027837258873,0.0,23.350000000000364,23.350000000000364,46.70000000000073,0.5,0.0,0.5,22.649999999999636,0.0,23.350000000000364,0.0,0.0,0.0,0.0,0,1,LOSS,23.35,SL_HIT,0,0
2026-04-09T08:00:00+00:00,XAUUSD,BUY,off_session,neutral,range,neutral,primary,break_retest_close_confirmation,A,unknown,weak,0.0,80.0,4724.02,4700.71,4740.0,4760.0,4780.0,23.3100000000004,15.979999999999563,35.97999999999956,55.97999999999956,0.6855426855426551,1.5435435435434983,2.4015444015443417,0.0,23.3100000000004,23.3100000000004,46.6200000000008,0.5,0.0,0.5,24.020000000000437,0.0,23.3100000000004,0.0,0.0,0.0,0.0,1,0,BREAKEVEN_WIN,15.98,BREAKEVEN_WIN,1,1
2026-04-09T08:00:00+00:00,XAUUSD,BUY,new_york,neutral,range,neutral,primary,break_retest_close_confirmation,A,unknown,weak,110.0,80.0,4724.02,4698.71,4760.0,4780.0,4800.0,25.3,36.0,56.0,76.0,1.42,2.21,3.0,1.0,25.3,25.3,50.6,0.5,0.0,0.5,24.020000000000437,15.979999999999563,19.3100000000004,0.0,0.0,0.0,0.0,1,0,WIN,55.98,TP1_OR_BETTER,1,1
2026-04-09T08:00:00+00:00,XAUUSD,BUY,new_york,neutral,range,neutral,primary,break_retest_close_confirmation,A,unknown,weak,110.0,80.0,4724.02,4698.71,4760.0,4780.0,4800.0,25.3,36.0,56.0,76.0,1.42,2.21,3.0,1.0,25.3,25.3,50.6,0.5,0.0,0.5,24.020000000000437,15.979999999999563,19.3100000000004,0.0,0.0,0.0,0.0,1,0,WIN,55.98,TP1_OR_BETTER,1,1
2026-04-09T08:00:00+00:00,XAUUSD,BUY,new_york,neutral,range,neutral,primary,break_retest_close_confirmation,A,unknown,weak,110.0,80.0,4724.02,4698.71,4760.0,4780.0,4800.0,25.3,36.0,56.0,76.0,1.42,2.21,3.0,1.0,25.3,25.3,50.6,0.5,0.0,0.5,24.020000000000437,15.979999999999563,19.3100000000004,0.0,0.0,0.0,0.0,1,0,WIN,55.98,TP1_OR_BETTER,1,1
2026-04-09T08:00:00+00:00,XAUUSD,BUY,new_york,neutral,range,neutral,primary,break_retest_close_confirmation,A,unknown,weak,110.0,80.0,4724.02,4698.71,4760.0,4780.0,4800.0,25.3,36.0,56.0,76.0,1.42,2.21,3.0,1.0,25.3,25.3,50.6,0.5,0.0,0.5,24.020000000000437,15.979999999999563,19.3100000000004,0.0,0.0,0.0,0.0,1,0,WIN,55.98,TP1_OR_BETTER,1,1
2026-04-09T08:00:00+00:00,XAUUSD,BUY,new_york,neutral,range,neutral,primary,break_retest_close_confirmation,A,unknown,weak,110.0,80.0,4724.02,4698.71,4760.0,4780.0,4800.0,25.3,36.0,56.0,76.0,1.42,2.21,3.0,1.0,25.3,25.3,50.6,0.5,0.0,0.5,24.020000000000437,15.979999999999563,19.3100000000004,0.0,0.0,0.0,0.0,1,0,WIN,55.98,TP1_OR_BETTER,1,1
2026-04-09T08:00:00+00:00,XAUUSD,BUY,off_session,neutral,range,neutral,primary,break_retest_close_confirmation,A,unknown,weak,80.0,80.0,4724.02,4700.71,4740.0,4760.0,4780.0,23.3100000000004,15.979999999999563,35.97999999999956,55.97999999999956,0.6855426855426551,1.5435435435434983,2.4015444015443417,0.0,23.3100000000004,23.3100000000004,46.6200000000008,0.5,0.0,0.5,24.020000000000437,0.0,23.3100000000004,0.0,0.0,0.0,0.0,1,0,BREAKEVEN_WIN,15.98,BREAKEVEN_WIN,1,1
2026-04-09T08:00:00+00:00,XAUUSD,BUY,new_york,neutral,range,neutral,primary,break_retest_close_confirmation,A,unknown,weak,110.0,80.0,4724.02,4698.71,4760.0,4780.0,4800.0,25.3,36.0,56.0,76.0,1.42,2.21,3.0,1.0,25.3,25.3,50.6,0.5,0.0,0.5,24.020000000000437,15.979999999999563,19.3100000000004,0.0,0.0,0.0,0.0,1,0,WIN,55.98,TP1_OR_BETTER,1,1
2026-04-09T08:00:00+00:00,XAUUSD,BUY,off_session,neutral,range,neutral,primary,break_retest_close_confirmation,A,unknown,weak,0.0,80.0,4724.02,4700.71,4740.0,4760.0,4780.0,23.3100000000004,15.979999999999563,35.97999999999956,55.97999999999956,0.6855426855426551,1.5435435435434983,2.4015444015443417,0.0,23.3100000000004,23.3100000000004,46.6200000000008,0.5,0.0,0.5,24.020000000000437,0.0,23.3100000000004,0.0,0.0,0.0,0.0,1,0,BREAKEVEN_WIN,15.98,BREAKEVEN_WIN,1,1
2026-04-09T08:00:00+00:00,XAUUSD,BUY,new_york,neutral,range,neutral,primary,break_retest_close_confirmation,A,unknown,weak,110.0,80.0,4724.02,4698.71,4760.0,4780.0,4800.0,25.3,36.0,56.0,76.0,1.42,2.21,3.0,1.0,25.3,25.3,50.6,0.5,0.0,0.5,24.020000000000437,15.979999999999563,19.3100000000004,0.0,0.0,0.0,0.0,1,0,WIN,55.98,TP1_OR_BETTER,1,1
2026-04-09T08:00:00+00:00,XAUUSD,BUY,new_york,neutral,range,neutral,primary,break_retest_close_confirmation,A,unknown,weak,110.0,80.0,4724.02,4698.71,4760.0,4780.0,4800.0,25.3,36.0,56.0,76.0,1.42,2.21,3.0,1.0,25.3,25.3,50.6,0.5,0.0,0.5,24.020000000000437,15.979999999999563,19.3100000000004,0.0,0.0,0.0,0.0,1,0,WIN,55.98,TP1_OR_BETTER,1,1
2026-04-09T11:30:00+00:00,XAUUSD,BUY,new_york,neutral,range,neutral,primary,structure_shift_confirmation,A+,unknown,weak,0.0,90.0,4751.0,4736.0,4763.22,4800.0,4820.0,15.0,12.220000000000255,49.0,69.0,0.8146666666666836,3.2666666666666666,4.6,0.0,15.0,15.0,30.0,0.5,0.0,0.5,1.0,0.0,15.0,0.0,0.0,0.0,0.0,1,0,BREAKEVEN_WIN,12.22,BREAKEVEN_WIN,1,1
2026-04-09T12:00:00+00:00,XAUUSD,SELL,off_session,neutral,range,neutral,secondary,engulfing_level_confirmation,A,unknown,weak,0.0,80.0,4742.42,4744.0,4720.0,4700.0,4680.0,1.5799999999999272,22.420000000000073,42.42000000000007,62.42000000000007,14.189873417722218,26.848101265824067,39.506329113925915,0.0,1.5799999999999272,1.5799999999999272,3.1599999999998545,0.5,0.0,0.5,7.579999999999927,0.0,1.5799999999999272,0.0,0.0,0.0,0.0,0,1,LOSS,-1.58,SL_HIT,0,0
2026-04-09T12:30:00+00:00,XAUUSD,BUY,new_york,neutral,range,neutral,primary,failed_retest_confirmation,A+,unknown,weak,0.0,90.0,4743.67,4716.0,4757.46,4780.0,4800.0,27.670000000000073,13.789999999999964,36.32999999999993,56.32999999999993,0.49837368991687486,1.3129743404409047,2.0357788218286874,0.0,27.670000000000073,27.670000000000073,55.340000000000146,0.5,0.0,0.5,6.329999999999927,0.0,27.670000000000073,0.0,0.0,0.0,0.0,1,0,BREAKEVEN_WIN,13.79,BREAKEVEN_WIN,1,1
2026-04-09T12:45:00+00:00,XAUUSD,BUY,off_session,bullish,impulsive,bullish,primary,failed_retest_confirmation,A+,unknown,strong,110.0,100.0,4745.84,4714.0,4780.0,4800.0,4825.0,31.8,34.2,54.2,79.2,1.07,1.7,2.49,0.0,31.8,31.8,63.6,0.5,0.0,0.5,4.1599999999998545,0.0,25.840000000000146,0.0,0.0,0.0,1.0,1,0,EXPIRED_AFTER_TP1,0.0,BREAKEVEN_WIN,1,1
2026-04-09T13:00:00+00:00,XAUUSD,BUY,off_session,bullish,impulsive,bullish,primary,sweep_reclaim_confirmation,A+,unknown,strong,140.0,90.0,4754.54,4734.0,4780.0,4800.0,4820.0,20.5,25.5,45.5,65.5,1.24,2.21,3.19,0.0,20.5,20.5,41.0,0.5,0.0,0.5,4.539999999999964,0.0,14.539999999999964,0.0,0.0,0.0,1.0,1,0,EXPIRED_AFTER_TP1,0.0,BREAKEVEN_WIN,1,1
2026-04-09T13:00:00+00:00,XAUUSD,BUY,off_session,bullish,impulsive,bullish,primary,sweep_reclaim_confirmation,A+,unknown,strong,140.0,90.0,4754.54,4734.0,4780.0,4800.0,4820.0,20.5,25.5,45.5,65.5,1.24,2.21,3.19,0.0,20.5,20.5,41.0,0.5,0.0,0.5,4.539999999999964,0.0,14.539999999999964,0.0,0.0,0.0,1.0,1,0,EXPIRED_AFTER_TP1,0.0,BREAKEVEN_WIN,1,1
2026-04-09T13:00:00+00:00,XAUUSD,BUY,new_york,neutral,range,neutral,primary,sweep_reclaim_confirmation,A+,unknown,weak,140.0,90.0,4754.54,4736.0,4780.0,4800.0,4820.0,18.539999999999964,25.460000000000036,45.460000000000036,65.46000000000004,1.3732470334412128,2.4519956850054005,3.530744336569588,0.0,18.539999999999964,18.539999999999964,37.07999999999993,0.5,0.0,0.5,4.539999999999964,0.0,18.539999999999964,0.0,0.0,0.0,0.0,1,0,BREAKEVEN_WIN,25.46,BREAKEVEN_WIN,1,1
2026-04-09T13:00:00+00:00,XAUUSD,BUY,off_session,bullish,impulsive,bullish,primary,sweep_reclaim_confirmation,A+,unknown,strong,140.0,90.0,4754.54,4734.0,4780.0,4800.0,4820.0,20.5,25.5,45.5,65.5,1.24,2.21,3.19,0.0,20.5,20.5,41.0,0.5,0.0,0.5,4.539999999999964,0.0,14.539999999999964,0.0,0.0,0.0,1.0,1,0,EXPIRED_AFTER_TP1,0.0,BREAKEVEN_WIN,1,1
2026-04-09T13:00:00+00:00,XAUUSD,BUY,off_session,bullish,impulsive,bullish,primary,sweep_reclaim_confirmation,A+,unknown,strong,140.0,90.0,4754.54,4734.0,4780.0,4800.0,4820.0,20.5,25.5,45.5,65.5,1.24,2.21,3.19,0.0,20.5,20.5,41.0,0.5,0.0,0.5,4.539999999999964,0.0,14.539999999999964,0.0,0.0,0.0,1.0,1,0,EXPIRED_AFTER_TP1,0.0,BREAKEVEN_WIN,1,1
2026-04-09T13:00:00+00:00,XAUUSD,BUY,off_session,bullish,impulsive,bullish,primary,sweep_reclaim_confirmation,A+,unknown,strong,140.0,90.0,4754.54,4734.0,4780.0,4800.0,4820.0,20.5,25.5,45.5,65.5,1.24,2.21,3.19,0.0,20.5,20.5,41.0,0.5,0.0,0.5,4.539999999999964,0.0,14.539999999999964,0.0,0.0,0.0,1.0,1,0,EXPIRED_AFTER_TP1,0.0,BREAKEVEN_WIN,1,1
2026-04-09T13:00:00+00:00,XAUUSD,BUY,off_session,bullish,impulsive,bullish,primary,sweep_reclaim_confirmation,A+,unknown,strong,140.0,90.0,4754.54,4734.0,4780.0,4800.0,4820.0,20.5,25.5,45.5,65.5,1.24,2.21,3.19,0.0,20.5,20.5,41.0,0.5,0.0,0.5,4.539999999999964,0.0,14.539999999999964,0.0,0.0,0.0,1.0,1,0,EXPIRED_AFTER_TP1,0.0,BREAKEVEN_WIN,1,1
2026-04-09T13:00:00+00:00,XAUUSD,BUY,off_session,bullish,impulsive,bullish,primary,sweep_reclaim_confirmation,A+,unknown,strong,140.0,90.0,4754.54,4734.0,4780.0,4800.0,4820.0,20.5,25.5,45.5,65.5,1.24,2.21,3.19,0.0,20.5,20.5,41.0,0.5,0.0,0.5,4.539999999999964,0.0,14.539999999999964,0.0,0.0,0.0,1.0,1,0,EXPIRED_AFTER_TP1,0.0,BREAKEVEN_WIN,1,1
2026-04-09T15:30:00+00:00,XAUUSD,BUY,asia,bullish,range,bullish,primary,structure_shift_confirmation,A+,unknown,strong,0.0,90.0,4790.38,4756.0,4820.0,4840.0,4860.0,34.38000000000011,29.61999999999989,49.61999999999989,69.61999999999989,0.8615474112856253,1.4432809773123831,2.025014543339141,0.0,34.38000000000011,34.38000000000011,68.76000000000022,0.5,0.0,0.5,9.61999999999989,0.0,34.38000000000011,0.0,0.0,0.0,1.0,0,1,LOSS,-34.38,SL_HIT,0,0
2026-04-09T22:00:00+00:00,XAUUSD,SELL,off_session,bullish,range,bullish,secondary,displacement_confirmation,A,unknown,weak,0.0,80.0,4770.22,4764.0,4760.0,4740.0,4720.0,6.220000000000255,10.220000000000255,30.220000000000255,50.220000000000255,1.6430868167202308,4.858520900321386,8.07395498392254,0.0,6.220000000000255,6.220000000000255,12.44000000000051,0.5,0.0,0.5,20.220000000000255,0.0,6.220000000000255,0.0,0.0,0.0,0.0,0,1,LOSS,6.22,SL_HIT,0,0
2026-04-10T01:00:00+00:00,XAUUSD,BUY,london,bullish,reversal_attempt,bullish,primary,break_retest_close_confirmation,A,unknown,strong,90.0,80.0,4760.74,4744.0,4779.32,4800.0,4820.0,16.7,18.6,39.3,59.3,1.11,2.34,3.54,0.0,16.7,16.7,33.4,0.5,0.0,0.5,10.739999999999782,0.0,10.739999999999782,0.0,0.0,0.0,1.0,0,1,LOSS,-16.74,SL_HIT,0,0
2026-04-10T01:00:00+00:00,XAUUSD,BUY,london,bullish,reversal_attempt,bullish,primary,break_retest_close_confirmation,A,unknown,strong,90.0,80.0,4760.74,4744.0,4779.32,4800.0,4820.0,16.7,18.6,39.3,59.3,1.11,2.34,3.54,0.0,16.7,16.7,33.4,0.5,0.0,0.5,10.739999999999782,0.0,10.739999999999782,0.0,0.0,0.0,1.0,0,1,LOSS,-16.74,SL_HIT,0,0
2026-04-10T01:00:00+00:00,XAUUSD,BUY,london,bullish,reversal_attempt,bullish,primary,break_retest_close_confirmation,A,unknown,strong,90.0,80.0,4760.74,4744.0,4779.32,4800.0,4820.0,16.7,18.6,39.3,59.3,1.11,2.34,3.54,0.0,16.7,16.7,33.4,0.5,0.0,0.5,10.739999999999782,0.0,10.739999999999782,0.0,0.0,0.0,1.0,0,1,LOSS,-16.74,SL_HIT,0,0
2026-04-10T01:00:00+00:00,XAUUSD,BUY,london,bullish,reversal_attempt,bullish,primary,break_retest_close_confirmation,A,unknown,strong,90.0,80.0,4760.74,4744.0,4779.32,4800.0,4820.0,16.7,18.6,39.3,59.3,1.11,2.34,3.54,0.0,16.7,16.7,33.4,0.5,0.0,0.5,10.739999999999782,0.0,10.739999999999782,0.0,0.0,0.0,1.0,0,1,LOSS,-16.74,SL_HIT,0,0
2026-04-10T01:00:00+00:00,XAUUSD,BUY,london,bullish,reversal_attempt,bullish,primary,break_retest_close_confirmation,A,unknown,strong,90.0,80.0,4760.74,4744.0,4779.32,4800.0,4820.0,16.7,18.6,39.3,59.3,1.11,2.34,3.54,0.0,16.7,16.7,33.4,0.5,0.0,0.5,10.739999999999782,0.0,10.739999999999782,0.0,0.0,0.0,1.0,0,1,LOSS,-16.74,SL_HIT,0,0
2026-04-10T01:00:00+00:00,XAUUSD,BUY,asia,bullish,reversal_attempt,bullish,primary,break_retest_close_confirmation,A,unknown,strong,90.0,80.0,4760.74,4746.0,4779.32,4800.0,4820.0,14.739999999999782,18.579999999999927,39.26000000000022,59.26000000000022,1.2605156037991996,2.663500678426106,4.020352781546886,0.0,14.739999999999782,14.739999999999782,29.479999999999563,0.5,0.0,0.5,10.739999999999782,0.0,14.739999999999782,0.0,0.0,0.0,1.0,0,1,LOSS,-14.74,SL_HIT,0,0
2026-04-10T01:00:00+00:00,XAUUSD,BUY,london,bullish,reversal_attempt,bullish,primary,break_retest_close_confirmation,A,unknown,strong,90.0,80.0,4760.74,4744.0,4779.32,4800.0,4820.0,16.7,18.6,39.3,59.3,1.11,2.34,3.54,0.0,16.7,16.7,33.4,0.5,0.0,0.5,10.739999999999782,0.0,10.739999999999782,0.0,0.0,0.0,1.0,0,1,LOSS,-16.74,SL_HIT,0,0
2026-04-10T01:15:00+00:00,XAUUSD,BUY,asia,bullish,reversal_attempt,bullish,primary,failed_retest_confirmation,A+,unknown,strong,0.0,80.0,4762.34,4746.0,4779.32,4800.0,4820.0,16.340000000000146,16.979999999999563,37.659999999999854,57.659999999999854,1.0391676866584707,2.304773561811476,3.5287637698898005,0.0,16.340000000000146,16.340000000000146,32.68000000000029,0.5,0.0,0.5,12.340000000000146,0.0,16.340000000000146,0.0,0.0,0.0,1.0,0,1,LOSS,-16.34,SL_HIT,0,0
2026-04-10T02:00:00+00:00,XAUUSD,BUY,london,bullish,reversal_attempt,bullish,primary,break_retest_close_confirmation,A,unknown,strong,0.0,70.0,4752.32,4736.0,4779.32,4800.0,4820.0,16.31999999999971,27.0,47.68000000000029,67.68000000000029,1.6544117647059118,2.9215686274510504,4.147058823529504,0.0,16.31999999999971,16.31999999999971,32.63999999999942,0.5,0.0,0.5,2.319999999999709,0.0,16.31999999999971,0.0,0.0,0.0,1.0,0,0,EXPIRED,0.0,EXPIRED,0,0
2026-04-10T02:00:00+00:00,XAUUSD,BUY,london,bullish,reversal_attempt,bullish,primary,break_retest_close_confirmation,A,unknown,strong,90.0,80.0,4752.32,4734.0,4779.32,4800.0,4820.0,18.3,27.0,47.7,67.7,1.47,2.6,3.7,0.0,18.3,18.3,36.6,0.5,0.0,0.5,2.319999999999709,0.0,12.319999999999709,0.0,0.0,0.0,1.0,0,0,EXPIRED_BEFORE_TP,0.0,EXPIRED,0,0
2026-04-10T02:00:00+00:00,XAUUSD,BUY,london,bullish,reversal_attempt,bullish,primary,break_retest_close_confirmation,A,unknown,strong,0.0,80.0,4752.32,4736.0,4779.32,4800.0,4820.0,16.31999999999971,27.0,47.68000000000029,67.68000000000029,1.6544117647059118,2.9215686274510504,4.147058823529504,0.0,16.31999999999971,16.31999999999971,32.63999999999942,0.5,0.0,0.5,2.319999999999709,0.0,16.31999999999971,0.0,0.0,0.0,1.0,0,0,EXPIRED,0.0,EXPIRED,0,0
2026-04-10T02:00:00+00:00,XAUUSD,BUY,london,bullish,reversal_attempt,bullish,primary,break_retest_close_confirmation,A,unknown,strong,90.0,80.0,4752.32,4734.0,4779.32,4800.0,4820.0,18.3,27.0,47.7,67.7,1.47,2.6,3.7,0.0,18.3,18.3,36.6,0.5,0.0,0.5,2.319999999999709,0.0,12.319999999999709,0.0,0.0,0.0,1.0,0,0,EXPIRED_BEFORE_TP,0.0,EXPIRED,0,0
2026-04-10T02:15:00+00:00,XAUUSD,SELL,asia,bullish,reversal_attempt,bullish,secondary,structure_shift_confirmation,A+,unknown,weak,0.0,90.0,4744.64,4744.0,4720.0,4700.0,4680.0,0.6400000000003274,24.640000000000327,44.64000000000033,64.64000000000033,38.499999999980815,69.74999999996483,100.99999999994884,0.0,0.6400000000003274,0.6400000000003274,1.2800000000006548,0.5,0.0,0.5,5.359999999999673,0.0,0.6400000000003274,0.0,0.0,0.0,0.0,0,1,LOSS,0.64,SL_HIT,0,0
2026-04-10T02:30:00+00:00,XAUUSD,BUY,asia,bullish,range,bullish,primary,failed_retest_confirmation,A+,unknown,strong,0.0,80.0,4749.69,4730.76,4760.0,4780.0,4800.0,18.92999999999938,10.3100000000004,30.3100000000004,50.3100000000004,0.5446381405177357,1.6011621764395874,2.657686212361439,0.0,18.92999999999938,18.92999999999938,37.85999999999876,0.5,0.0,0.5,0.3100000000004002,0.0,18.92999999999938,0.0,0.0,0.0,1.0,1,0,BREAKEVEN_WIN,10.31,BREAKEVEN_WIN,1,1
2026-04-10T06:00:00+00:00,XAUUSD,SELL,asia,bullish,reversal_attempt,bullish,secondary,structure_shift_confirmation,A+,unknown,weak,0.0,90.0,4756.34,4754.0,4740.0,4720.0,4700.0,2.3400000000001455,16.340000000000146,36.340000000000146,56.340000000000146,6.982905982905611,15.529914529913626,24.07692307692164,0.0,2.3400000000001455,2.3400000000001455,4.680000000000291,0.5,0.0,0.5,6.3400000000001455,0.0,2.3400000000001455,0.0,0.0,0.0,0.0,0,1,LOSS,2.34,SL_HIT,0,0
2026-04-10T06:30:00+00:00,XAUUSD,BUY,new_york,bullish,impulsive,bullish,primary,break_retest_close_confirmation,A,unknown,strong,0.0,80.0,4751.11,4738.72,4779.32,4800.0,4820.0,12.389999999999418,28.210000000000036,48.89000000000033,68.89000000000033,2.2768361581922,3.9459241323650223,5.560129136400611,0.0,12.389999999999418,12.389999999999418,24.779999999998836,0.5,0.0,0.5,1.1099999999996726,0.0,12.389999999999418,0.0,0.0,0.0,1.0,1,0,BREAKEVEN_WIN,28.21,BREAKEVEN_WIN,1,1
2026-04-10T06:45:00+00:00,XAUUSD,SELL,london,bullish,reversal_attempt,bullish,secondary,structure_shift_confirmation,A+,unknown,weak,0.0,90.0,4746.28,4746.72,4734.76,4700.0,4680.0,0.4400000000005093,11.519999999999527,46.279999999999745,66.27999999999975,26.1818181817868,105.18181818169585,150.6363636361887,0.0,0.4400000000005093,0.4400000000005093,0.8800000000010186,0.5,0.0,0.5,3.7200000000002547,0.0,0.4400000000005093,0.0,0.0,0.0,0.0,0,1,LOSS,-0.44,SL_HIT,0,0
2026-04-10T06:45:00+00:00,XAUUSD,BUY,off_session,bullish,impulsive,bullish,primary,break_retest_close_confirmation,A,unknown,strong,0.0,80.0,4746.28,4736.0,4760.0,4780.0,4800.0,10.279999999999745,13.720000000000255,33.720000000000255,53.720000000000255,1.3346303501946104,3.2801556420234523,5.225680933852295,0.0,10.279999999999745,10.279999999999745,20.55999999999949,0.5,0.0,0.5,3.7200000000002547,0.0,10.279999999999745,0.0,0.0,0.0,1.0,1,0,BREAKEVEN_WIN,13.72,BREAKEVEN_WIN,1,1
2026-04-10T07:00:00+00:00,XAUUSD,BUY,off_session,bullish,impulsive,bullish,primary,failed_retest_confirmation,A+,unknown,strong,0.0,90.0,4747.09,4737.21,4760.0,4780.0,4800.0,9.88000000000011,12.909999999999854,32.909999999999854,52.909999999999854,1.3066801619432906,3.3309716599189767,5.355263157894663,0.0,9.88000000000011,9.88000000000011,19.76000000000022,0.5,0.0,0.5,2.9099999999998545,0.0,9.88000000000011,0.0,0.0,0.0,1.0,1,0,BREAKEVEN_WIN,12.91,BREAKEVEN_WIN,1,1
2026-04-10T07:00:00+00:00,XAUUSD,BUY,off_session,bullish,impulsive,bullish,primary,failed_retest_confirmation,A+,unknown,strong,0.0,90.0,4747.09,4737.21,4760.0,4780.0,4800.0,9.88000000000011,12.909999999999854,32.909999999999854,52.909999999999854,1.3066801619432906,3.3309716599189767,5.355263157894663,0.0,9.88000000000011,9.88000000000011,19.76000000000022,0.5,0.0,0.5,2.9099999999998545,0.0,9.88000000000011,0.0,0.0,0.0,1.0,1,0,BREAKEVEN_WIN,12.91,BREAKEVEN_WIN,1,1
2026-04-10T07:15:00+00:00,XAUUSD,BUY,new_york,bullish,impulsive,bullish,primary,failed_retest_confirmation,A+,unknown,strong,0.0,90.0,4753.75,4738.72,4779.32,4800.0,4820.0,15.029999999999745,25.56999999999971,46.25,66.25,1.7012641383898963,3.0771789753826204,4.407850964737267,0.0,15.029999999999745,15.029999999999745,30.05999999999949,0.5,0.0,0.5,3.75,0.0,15.029999999999745,0.0,0.0,0.0,1.0,1,0,BREAKEVEN_WIN,25.57,BREAKEVEN_WIN,1,1
2026-04-10T08:15:00+00:00,XAUUSD,SELL,london,bullish,reversal_attempt,bullish,secondary,structure_shift_confirmation,A+,unknown,weak,0.0,80.0,4746.87,4746.72,4734.76,4700.0,4680.0,0.1499999999996362,12.109999999999673,46.86999999999989,66.86999999999989,80.73333333352696,312.4666666674238,445.8000000010805,0.0,0.1499999999996362,0.1499999999996362,0.2999999999992724,0.5,0.0,0.5,3.130000000000109,0.0,0.1499999999996362,0.0,0.0,0.0,0.0,0,1,LOSS,0.15,SL_HIT,0,0
2026-04-10T08:15:00+00:00,XAUUSD,BUY,off_session,neutral,range,neutral,primary,break_retest_close_confirmation,A,unknown,weak,100.0,80.0,4746.87,4734.0,4779.32,4800.0,4825.0,12.9,32.4,53.1,78.1,2.52,4.13,6.07,0.0,12.9,12.9,25.8,0.5,0.0,0.5,3.130000000000109,0.0,6.869999999999891,0.0,0.0,0.0,0.0,1,0,EXPIRED_AFTER_TP1,0.0,BREAKEVEN_WIN,1,1
2026-04-10T08:15:00+00:00,XAUUSD,BUY,off_session,neutral,range,neutral,primary,break_retest_close_confirmation,A,unknown,weak,100.0,80.0,4746.87,4734.0,4779.32,4800.0,4825.0,12.9,32.4,53.1,78.1,2.52,4.13,6.07,0.0,12.9,12.9,25.8,0.5,0.0,0.5,3.130000000000109,0.0,6.869999999999891,0.0,0.0,0.0,0.0,1,0,EXPIRED_AFTER_TP1,0.0,BREAKEVEN_WIN,1,1
2026-04-10T08:15:00+00:00,XAUUSD,BUY,off_session,bullish,impulsive,bullish,primary,break_retest_close_confirmation,A,unknown,strong,100.0,80.0,4746.87,4737.21,4760.0,4780.0,4800.0,9.659999999999854,13.13000000000011,33.13000000000011,53.13000000000011,1.3592132505176302,3.429606625258862,5.500000000000094,0.0,9.659999999999854,9.659999999999854,19.31999999999971,0.5,0.0,0.5,3.130000000000109,0.0,9.659999999999854,0.0,0.0,0.0,1.0,1,0,BREAKEVEN_WIN,13.13,BREAKEVEN_WIN,1,1
2026-04-10T08:15:00+00:00,XAUUSD,BUY,off_session,neutral,range,neutral,primary,break_retest_close_confirmation,A,unknown,weak,100.0,80.0,4746.87,4734.0,4779.32,4800.0,4825.0,12.9,32.4,53.1,78.1,2.52,4.13,6.07,0.0,12.9,12.9,25.8,0.5,0.0,0.5,3.130000000000109,0.0,6.869999999999891,0.0,0.0,0.0,0.0,1,0,EXPIRED_AFTER_TP1,0.0,BREAKEVEN_WIN,1,1
2026-04-10T08:15:00+00:00,XAUUSD,BUY,off_session,bullish,impulsive,bullish,primary,break_retest_close_confirmation,A,unknown,strong,0.0,70.0,4746.87,4737.21,4760.0,4780.0,4800.0,9.659999999999854,13.13000000000011,33.13000000000011,53.13000000000011,1.3592132505176302,3.429606625258862,5.500000000000094,0.0,9.659999999999854,9.659999999999854,19.31999999999971,0.5,0.0,0.5,3.130000000000109,0.0,9.659999999999854,0.0,0.0,0.0,1.0,1,0,BREAKEVEN_WIN,13.13,BREAKEVEN_WIN,1,1
2026-04-10T08:15:00+00:00,XAUUSD,BUY,off_session,neutral,range,neutral,primary,break_retest_close_confirmation,A,unknown,weak,100.0,80.0,4746.87,4734.0,4779.32,4800.0,4825.0,12.9,32.4,53.1,78.1,2.52,4.13,6.07,0.0,12.9,12.9,25.8,0.5,0.0,0.5,3.130000000000109,0.0,6.869999999999891,0.0,0.0,0.0,0.0,1,0,EXPIRED_AFTER_TP1,0.0,BREAKEVEN_WIN,1,1
2026-04-10T08:15:00+00:00,XAUUSD,BUY,off_session,neutral,range,neutral,primary,break_retest_close_confirmation,A,unknown,weak,100.0,80.0,4746.87,4734.0,4779.32,4800.0,4825.0,12.9,32.4,53.1,78.1,2.52,4.13,6.07,0.0,12.9,12.9,25.8,0.5,0.0,0.5,3.130000000000109,0.0,6.869999999999891,0.0,0.0,0.0,0.0,1,0,EXPIRED_AFTER_TP1,0.0,BREAKEVEN_WIN,1,1
2026-04-10T08:15:00+00:00,XAUUSD,BUY,off_session,neutral,range,neutral,primary,break_retest_close_confirmation,A,unknown,weak,100.0,80.0,4746.87,4734.0,4779.32,4800.0,4825.0,12.9,32.4,53.1,78.1,2.52,4.13,6.07,0.0,12.9,12.9,25.8,0.5,0.0,0.5,3.130000000000109,0.0,6.869999999999891,0.0,0.0,0.0,0.0,1,0,EXPIRED_AFTER_TP1,0.0,BREAKEVEN_WIN,1,1
2026-04-10T08:15:00+00:00,XAUUSD,BUY,off_session,neutral,range,neutral,primary,break_retest_close_confirmation,A,unknown,weak,100.0,80.0,4746.87,4734.0,4779.32,4800.0,4825.0,12.9,32.4,53.1,78.1,2.52,4.13,6.07,0.0,12.9,12.9,25.8,0.5,0.0,0.5,3.130000000000109,0.0,6.869999999999891,0.0,0.0,0.0,0.0,1,0,EXPIRED_AFTER_TP1,0.0,BREAKEVEN_WIN,1,1
2026-04-10T08:15:00+00:00,XAUUSD,BUY,off_session,neutral,range,neutral,primary,break_retest_close_confirmation,A,unknown,weak,100.0,80.0,4746.87,4734.0,4779.32,4800.0,4825.0,12.9,32.4,53.1,78.1,2.52,4.13,6.07,0.0,12.9,12.9,25.8,0.5,0.0,0.5,3.130000000000109,0.0,6.869999999999891,0.0,0.0,0.0,0.0,1,0,EXPIRED_AFTER_TP1,0.0,BREAKEVEN_WIN,1,1
2026-04-10T08:30:00+00:00,XAUUSD,SELL,london,bullish,reversal_attempt,bullish,secondary,sweep_reclaim_confirmation,A+,unknown,weak,0.0,90.0,4742.23,4746.72,4730.6,4700.0,4680.0,4.490000000000691,11.6299999999992,42.22999999999956,62.22999999999956,2.5902004454337213,9.405345211579746,13.859688195988861,0.0,4.490000000000691,4.490000000000691,8.980000000001382,0.5,0.0,0.5,7.770000000000437,0.0,4.490000000000691,0.0,0.0,0.0,0.0,0,1,LOSS,-4.49,SL_HIT,0,0
2026-04-10T08:30:00+00:00,XAUUSD,BUY,off_session,bullish,impulsive,bullish,primary,sweep_reclaim_confirmation,A,unknown,strong,0.0,70.0,4742.23,4737.21,4760.0,4780.0,4800.0,5.019999999999527,17.770000000000437,37.77000000000044,57.77000000000044,3.5398406374506197,7.523904382470915,11.50796812749121,0.0,5.019999999999527,5.019999999999527,10.039999999999054,0.5,0.0,0.5,7.770000000000437,0.0,5.019999999999527,0.0,0.0,0.0,1.0,1,0,BREAKEVEN_WIN,17.77,BREAKEVEN_WIN,1,1
2026-04-10T10:00:00+00:00,XAUUSD,SELL,off_session,bullish,range,bullish,secondary,displacement_confirmation,A,unknown,weak,0.0,80.0,4747.03,4746.72,4730.6,4700.0,4680.0,0.3099999999994907,16.42999999999938,47.029999999999745,67.02999999999975,53.00000000008508,151.70967741960328,216.22580645196734,0.0,0.3099999999994907,0.3099999999994907,0.6199999999989814,0.5,0.0,0.5,2.9700000000002547,0.0,0.3099999999994907,0.0,0.0,0.0,0.0,0,1,LOSS,0.31,SL_HIT,0,0
2026-04-10T10:00:00+00:00,XAUUSD,BUY,off_session,bullish,impulsive,bullish,primary,break_retest_close_confirmation,A,unknown,strong,0.0,80.0,4747.03,4738.13,4760.0,4780.0,4800.0,8.899999999999636,12.970000000000255,32.970000000000255,52.970000000000255,1.457303370786605,3.704494382022652,5.951685393258699,0.0,8.899999999999636,8.899999999999636,17.799999999999272,0.5,0.0,0.5,2.9700000000002547,0.0,8.899999999999636,0.0,0.0,0.0,1.0,1,0,BREAKEVEN_WIN,12.97,BREAKEVEN_WIN,1,1
2026-04-10T10:15:00+00:00,XAUUSD,BUY,new_york,bullish,impulsive,bullish,primary,structure_shift_confirmation,A+,unknown,strong,0.0,90.0,4757.93,4738.72,4779.32,4800.0,4820.0,19.210000000000036,21.389999999999418,42.06999999999971,62.06999999999971,1.1134825611660268,2.1900052056220525,3.2311296199895674,0.0,19.210000000000036,19.210000000000036,38.42000000000007,0.5,0.0,0.5,7.930000000000291,0.0,19.210000000000036,0.0,0.0,0.0,1.0,1,0,BREAKEVEN_WIN,21.39,BREAKEVEN_WIN,1,1
2026-04-10T20:00:00+00:00,XAUUSD,SELL,off_session,bearish,impulsive,bearish,primary,structure_shift_confirmation,A+,unknown,strong,0.0,90.0,4753.45,4777.16,4740.0,4720.0,4700.0,23.710000000000036,13.449999999999818,33.44999999999982,53.44999999999982,0.5672711935891943,1.4107971320117996,2.254323070434405,0.0,23.710000000000036,23.710000000000036,47.42000000000007,0.5,0.0,0.5,3.449999999999818,0.0,23.710000000000036,0.0,0.0,0.0,1.0,1,0,STRONG_WIN,53.45,STRONG_WIN,1,1
2026-04-10T20:15:00+00:00,XAUUSD,SELL,off_session,bearish,impulsive,bearish,primary,structure_shift_confirmation,A+,unknown,strong,0.0,100.0,4745.64,4764.0,4730.6,4700.0,4680.0,18.359999999999673,15.039999999999964,45.64000000000033,65.64000000000033,0.819172113289773,2.4858387799564894,3.575163398692892,0.0,18.359999999999673,18.359999999999673,36.719999999999345,0.5,0.0,0.5,4.359999999999673,0.0,18.359999999999673,0.0,0.0,0.0,1.0,1,0,STRONG_WIN,65.64,STRONG_WIN,1,1
2026-04-10T20:45:00+00:00,XAUUSD,SELL,off_session,bearish,impulsive,bearish,primary,failed_retest_confirmation,A+,unknown,strong,0.0,100.0,4749.29,4764.0,4737.87,4700.0,4680.0,14.710000000000036,11.420000000000073,49.289999999999964,69.28999999999996,0.7763426240652648,3.350781781101281,4.710401087695431,0.0,14.710000000000036,14.710000000000036,29.420000000000073,0.5,0.0,0.5,0.7100000000000364,0.0,14.710000000000036,0.0,0.0,0.0,1.0,1,0,STRONG_WIN,69.29,STRONG_WIN,1,1
2026-04-12T22:15:00+00:00,XAUUSD,SELL,off_session,bearish,impulsive,bearish,primary,sweep_reclaim_confirmation,A+,unknown,strong,95.0,95.0,4647.6,4666.0,4620.0,4600.0,4580.0,18.4,27.6,47.6,67.6,1.5,2.59,3.68,0.0,18.4,18.4,36.8,0.5,0.0,0.5,2.399999999999636,0.0,12.399999999999636,0.0,0.0,0.0,1.0,0,1,LOSS,-18.4,SL_HIT,0,0
2026-04-12T22:15:00+00:00,XAUUSD,SELL,off_session,bearish,impulsive,bearish,primary,sweep_reclaim_confirmation,A+,unknown,strong,95.0,95.0,4647.6,4664.0,4620.0,4600.0,4580.0,16.399999999999636,27.600000000000364,47.600000000000364,67.60000000000036,1.6829268292683521,2.9024390243903304,4.121951219512309,0.0,16.399999999999636,16.399999999999636,32.79999999999927,0.5,0.0,0.5,2.399999999999636,0.0,16.399999999999636,0.0,0.0,0.0,1.0,0,1,LOSS,-16.4,SL_HIT,0,0
2026-04-12T22:15:00+00:00,XAUUSD,SELL,off_session,bearish,impulsive,bearish,primary,sweep_reclaim_confirmation,A+,unknown,strong,95.0,95.0,4647.6,4666.0,4620.0,4600.0,4580.0,18.4,27.6,47.6,67.6,1.5,2.59,3.68,0.0,18.4,18.4,36.8,0.5,0.0,0.5,2.399999999999636,0.0,12.399999999999636,0.0,0.0,0.0,1.0,0,1,LOSS,-18.4,SL_HIT,0,0
2026-04-12T22:15:00+00:00,XAUUSD,SELL,off_session,bearish,impulsive,bearish,primary,sweep_reclaim_confirmation,A+,unknown,strong,95.0,95.0,4647.6,4666.0,4620.0,4600.0,4580.0,18.4,27.6,47.6,67.6,1.5,2.59,3.68,0.0,18.4,18.4,36.8,0.5,0.0,0.5,2.399999999999636,0.0,12.399999999999636,0.0,0.0,0.0,1.0,0,1,LOSS,-18.4,SL_HIT,0,0
2026-04-12T22:15:00+00:00,XAUUSD,SELL,off_session,bearish,impulsive,bearish,primary,sweep_reclaim_confirmation,A+,unknown,strong,95.0,95.0,4647.6,4666.0,4620.0,4600.0,4580.0,18.4,27.6,47.6,67.6,1.5,2.59,3.68,0.0,18.4,18.4,36.8,0.5,0.0,0.5,2.399999999999636,0.0,12.399999999999636,0.0,0.0,0.0,1.0,0,1,LOSS,-18.4,SL_HIT,0,0
2026-04-12T22:15:00+00:00,XAUUSD,SELL,off_session,bearish,impulsive,bearish,primary,sweep_reclaim_confirmation,A+,unknown,strong,95.0,95.0,4647.6,4666.0,4620.0,4600.0,4580.0,18.4,27.6,47.6,67.6,1.5,2.59,3.68,0.0,18.4,18.4,36.8,0.5,0.0,0.5,2.399999999999636,0.0,12.399999999999636,0.0,0.0,0.0,1.0,0,1,LOSS,-18.4,SL_HIT,0,0
2026-04-12T22:15:00+00:00,XAUUSD,SELL,off_session,bearish,impulsive,bearish,primary,sweep_reclaim_confirmation,A+,unknown,strong,95.0,95.0,4647.6,4666.0,4620.0,4600.0,4580.0,18.4,27.6,47.6,67.6,1.5,2.59,3.68,0.0,18.4,18.4,36.8,0.5,0.0,0.5,2.399999999999636,0.0,12.399999999999636,0.0,0.0,0.0,1.0,0,1,LOSS,-18.4,SL_HIT,0,0
2026-04-12T22:15:00+00:00,XAUUSD,SELL,off_session,bearish,impulsive,bearish,primary,sweep_reclaim_confirmation,A+,unknown,strong,95.0,95.0,4647.6,4666.0,4620.0,4600.0,4580.0,18.4,27.6,47.6,67.6,1.5,2.59,3.68,0.0,18.4,18.4,36.8,0.5,0.0,0.5,2.399999999999636,0.0,12.399999999999636,0.0,0.0,0.0,1.0,0,1,LOSS,-18.4,SL_HIT,0,0
2026-04-12T22:45:00+00:00,XAUUSD,SELL,asia,bearish,impulsive,bearish,primary,break_retest_close_confirmation,A,unknown,strong,0.0,85.0,4658.84,4684.0,4644.27,4620.0,4600.0,25.159999999999854,14.569999999999709,38.840000000000146,58.840000000000146,0.5790937996820268,1.543720190779029,2.3386327503974758,0.0,25.159999999999854,25.159999999999854,50.31999999999971,0.5,0.0,0.5,8.840000000000146,0.0,25.159999999999854,0.0,0.0,0.0,1.0,0,1,LOSS,-25.16,SL_HIT,0,0
2026-04-13T00:30:00+00:00,XAUUSD,SELL,asia,bearish,impulsive,bearish,primary,break_retest_close_confirmation,A,unknown,strong,90.0,85.0,4678.48,4706.0,4640.0,4620.0,4600.0,27.5,38.5,58.5,78.5,1.4,2.13,2.85,1.0,27.5,27.5,55.0,0.94,0.0,0.94,21.520000000000437,18.479999999999563,21.520000000000437,0.0,0.0,0.0,1.0,0,1,LOSS,-27.52,SL_HIT,0,0
2026-04-13T00:30:00+00:00,XAUUSD,SELL,asia,bearish,impulsive,bearish,primary,break_retest_close_confirmation,A,unknown,strong,90.0,85.0,4678.48,4706.0,4640.0,4620.0,4600.0,27.5,38.5,58.5,78.5,1.4,2.13,2.85,1.0,27.5,27.5,55.0,0.94,0.0,0.94,21.520000000000437,18.479999999999563,21.520000000000437,0.0,0.0,0.0,1.0,0,1,LOSS,-27.52,SL_HIT,0,0
2026-04-13T00:30:00+00:00,XAUUSD,SELL,asia,bearish,impulsive,bearish,primary,break_retest_close_confirmation,A,unknown,strong,60.0,85.0,4678.48,4704.0,4660.0,4640.0,4620.0,25.520000000000437,18.479999999999563,38.47999999999956,58.47999999999956,0.7241379310344532,1.5078369905955684,2.2915360501566835,0.0,25.520000000000437,25.520000000000437,51.04000000000087,0.94,0.0,0.94,21.520000000000437,0.0,25.520000000000437,0.0,0.0,0.0,1.0,0,1,LOSS,-25.52,SL_HIT,0,0
2026-04-13T00:30:00+00:00,XAUUSD,SELL,asia,bearish,impulsive,bearish,primary,break_retest_close_confirmation,A,unknown,strong,95.0,85.0,4678.48,4706.0,4640.0,4620.0,4600.0,27.5,38.5,58.5,78.5,1.4,2.13,2.85,1.0,27.5,27.5,55.0,0.94,0.0,0.94,21.520000000000437,18.479999999999563,21.520000000000437,0.0,0.0,0.0,1.0,0,1,LOSS,-27.52,SL_HIT,0,0
2026-04-13T00:30:00+00:00,XAUUSD,SELL,asia,bearish,impulsive,bearish,primary,break_retest_close_confirmation,A,unknown,strong,90.0,85.0,4678.48,4706.0,4640.0,4620.0,4600.0,27.5,38.5,58.5,78.5,1.4,2.13,2.85,1.0,27.5,27.5,55.0,0.94,0.0,0.94,21.520000000000437,18.479999999999563,21.520000000000437,0.0,0.0,0.0,1.0,0,1,LOSS,-27.52,SL_HIT,0,0
2026-04-13T00:30:00+00:00,XAUUSD,SELL,asia,bearish,impulsive,bearish,primary,break_retest_close_confirmation,A,unknown,strong,90.0,85.0,4678.48,4706.0,4640.0,4620.0,4600.0,27.5,38.5,58.5,78.5,1.4,2.13,2.85,1.0,27.5,27.5,55.0,0.94,0.0,0.94,21.520000000000437,18.479999999999563,21.520000000000437,0.0,0.0,0.0,1.0,0,1,LOSS,-27.52,SL_HIT,0,0
2026-04-13T00:30:00+00:00,XAUUSD,SELL,asia,bearish,impulsive,bearish,primary,break_retest_close_confirmation,A,unknown,strong,95.0,85.0,4678.48,4704.0,4660.0,4640.0,4620.0,25.520000000000437,18.479999999999563,38.47999999999956,58.47999999999956,0.7241379310344532,1.5078369905955684,2.2915360501566835,0.0,25.520000000000437,25.520000000000437,51.04000000000087,0.94,0.0,0.94,21.520000000000437,0.0,25.520000000000437,0.0,0.0,0.0,1.0,0,1,LOSS,-25.52,SL_HIT,0,0
2026-04-13T00:30:00+00:00,XAUUSD,SELL,asia,bearish,impulsive,bearish,primary,break_retest_close_confirmation,A,unknown,strong,90.0,85.0,4678.48,4706.0,4640.0,4620.0,4600.0,27.5,38.5,58.5,78.5,1.4,2.13,2.85,1.0,27.5,27.5,55.0,0.94,0.0,0.94,21.520000000000437,18.479999999999563,21.520000000000437,0.0,0.0,0.0,1.0,0,1,LOSS,-27.52,SL_HIT,0,0
2026-04-13T00:30:00+00:00,XAUUSD,SELL,asia,bearish,impulsive,bearish,primary,break_retest_close_confirmation,A,unknown,strong,90.0,85.0,4678.48,4706.0,4640.0,4620.0,4600.0,27.5,38.5,58.5,78.5,1.4,2.13,2.85,1.0,27.5,27.5,55.0,0.94,0.0,0.94,21.520000000000437,18.479999999999563,21.520000000000437,0.0,0.0,0.0,1.0,0,1,LOSS,-27.52,SL_HIT,0,0
2026-04-13T00:30:00+00:00,XAUUSD,SELL,asia,bearish,impulsive,bearish,primary,break_retest_close_confirmation,A,unknown,strong,95.0,85.0,4678.48,4706.0,4640.0,4620.0,4600.0,27.5,38.5,58.5,78.5,1.4,2.13,2.85,1.0,27.5,27.5,55.0,0.94,0.0,0.94,21.520000000000437,18.479999999999563,21.520000000000437,0.0,0.0,0.0,1.0,0,1,LOSS,-27.52,SL_HIT,0,0
2026-04-13T01:30:00+00:00,XAUUSD,SELL,london,bearish,impulsive,bearish,primary,failed_retest_confirmation,A+,unknown,strong,0.0,95.0,4714.36,4744.0,4700.0,4680.0,4660.0,29.640000000000327,14.359999999999673,34.35999999999967,54.35999999999967,0.4844804318488365,1.1592442645073986,1.8340080971659607,0.0,29.640000000000327,29.640000000000327,59.280000000000655,0.5,0.0,0.5,14.359999999999673,0.0,29.640000000000327,0.0,0.0,0.0,1.0,0,0,EXPIRED,0.0,EXPIRED,0,0
2026-04-13T07:45:00+00:00,XAUUSD,SELL,london,bearish,impulsive,bearish,primary,break_retest_close_confirmation,A,unknown,strong,0.0,70.0,4733.72,4754.0,4720.0,4700.0,4680.0,20.279999999999745,13.720000000000255,33.720000000000255,53.720000000000255,0.6765285996055438,1.6627218934911576,2.6489151873767716,0.0,20.279999999999745,20.279999999999745,40.55999999999949,0.5,0.0,0.5,16.279999999999745,0.0,20.279999999999745,0.0,0.0,0.0,1.0,1,0,BREAKEVEN_WIN,13.72,BREAKEVEN_WIN,1,1
2026-04-13T10:15:00+00:00,XAUUSD,SELL,off_session,neutral,range,neutral,primary,engulfing_level_confirmation,A,unknown,weak,0.0,70.0,4712.3,4744.0,4700.0,4680.0,4660.0,31.699999999999818,12.300000000000182,32.30000000000018,52.30000000000018,0.38801261829653794,1.0189274447949643,1.6498422712933907,0.0,31.699999999999818,31.699999999999818,63.399999999999636,0.5,0.0,0.5,12.300000000000182,0.0,31.699999999999818,0.0,0.0,0.0,0.0,0,0,EXPIRED,0.0,EXPIRED,0,0
2026-04-13T12:00:00+00:00,XAUUSD,BUY,off_session,bearish,impulsive,bearish,secondary,displacement_confirmation,A,unknown,weak,0.0,85.0,4717.15,4736.0,4740.0,4760.0,4780.0,18.850000000000364,22.850000000000364,42.850000000000364,62.850000000000364,1.2122015915119322,2.2732095490715936,3.3342175066312545,0.0,18.850000000000364,18.850000000000364,37.70000000000073,0.5,0.0,0.5,17.149999999999636,0.0,18.850000000000364,0.0,0.0,0.0,0.0,0,1,LOSS,18.85,SL_HIT,0,0
2026-04-13T12:45:00+00:00,XAUUSD,BUY,new_york,bearish,reversal_attempt,bearish,secondary,structure_shift_confirmation,A+,unknown,weak,0.0,95.0,4723.51,4736.0,4740.0,4760.0,4780.0,12.489999999999782,16.48999999999978,36.48999999999978,56.48999999999978,1.3202562049639768,2.9215372297838607,4.522818254603744,0.0,12.489999999999782,12.489999999999782,24.979999999999563,0.5,0.0,0.5,23.51000000000022,0.0,12.489999999999782,0.0,0.0,0.0,0.0,0,1,LOSS,12.49,SL_HIT,0,0
2026-04-13T13:00:00+00:00,XAUUSD,BUY,new_york,bearish,reversal_attempt,bearish,secondary,structure_shift_confirmation,A+,unknown,weak,0.0,80.0,4734.07,4736.05,4744.57,4780.0,4800.0,1.980000000000473,10.5,45.93000000000029,65.93000000000029,5.303030303029036,23.196969696964302,33.29797979797199,0.0,1.980000000000473,1.980000000000473,3.960000000000946,0.5,0.0,0.5,15.930000000000291,0.0,1.980000000000473,0.0,0.0,0.0,0.0,0,1,LOSS,1.98,SL_HIT,0,0
2026-04-13T13:45:00+00:00,XAUUSD,SELL,new_york,bearish,impulsive,bearish,primary,break_retest_close_confirmation,A,unknown,strong,0.0,70.0,4730.49,4744.05,4720.0,4700.0,4680.0,13.5600000000004,10.489999999999782,30.48999999999978,50.48999999999978,0.7735988200589581,2.2485250737462303,3.7234513274335024,0.0,13.5600000000004,13.5600000000004,27.1200000000008,0.5,0.0,0.5,19.51000000000022,0.0,13.5600000000004,0.0,0.0,0.0,1.0,1,0,BREAKEVEN_WIN,10.49,BREAKEVEN_WIN,1,1
2026-04-13T16:15:00+00:00,XAUUSD,BUY,off_session,bullish,impulsive,bullish,primary,structure_shift_confirmation,A+,unknown,strong,0.0,100.0,4730.43,4699.52,4744.57,4780.0,4800.0,30.909999999999854,14.139999999999418,49.56999999999971,69.56999999999971,0.45745713361370055,1.6036881268197976,2.250727919767067,0.0,30.909999999999854,30.909999999999854,61.81999999999971,0.5,0.0,0.5,19.56999999999971,0.0,30.909999999999854,0.0,0.0,0.0,1.0,1,0,BREAKEVEN_WIN,14.14,BREAKEVEN_WIN,1,1
2026-04-13T17:45:00+00:00,XAUUSD,SELL,off_session,neutral,range,neutral,secondary,displacement_confirmation,A,unknown,weak,0.0,85.0,4730.01,4724.0,4720.0,4700.0,4680.0,6.010000000000218,10.010000000000218,30.01000000000022,50.01000000000022,1.665557404326099,4.993344425956594,8.321131447587089,0.0,6.010000000000218,6.010000000000218,12.020000000000437,0.5,0.0,0.5,19.98999999999978,0.0,6.010000000000218,0.0,0.0,0.0,0.0,0,1,LOSS,6.01,SL_HIT,0,0
2026-04-13T18:15:00+00:00,XAUUSD,SELL,off_session,neutral,range,neutral,secondary,structure_shift_confirmation,A+,unknown,weak,0.0,100.0,4727.16,4724.0,4700.0,4680.0,4660.0,3.1599999999998545,27.159999999999854,47.159999999999854,67.15999999999985,8.594936708861109,14.924050632912033,21.253164556962957,0.0,3.1599999999998545,3.1599999999998545,6.319999999999709,0.5,0.0,0.5,22.840000000000146,0.0,3.1599999999998545,0.0,0.0,0.0,0.0,0,1,LOSS,3.16,SL_HIT,0,0
2026-04-13T20:15:00+00:00,XAUUSD,SELL,off_session,bullish,impulsive,bullish,secondary,sweep_reclaim_confirmation,A+,unknown,weak,0.0,95.0,4739.35,4744.0,4720.0,4700.0,4680.0,4.649999999999636,19.350000000000364,39.350000000000364,59.350000000000364,4.161290322581049,8.462365591398589,12.76344086021613,0.0,4.649999999999636,4.649999999999636,9.299999999999272,0.5,0.0,0.5,10.649999999999636,0.0,4.649999999999636,0.0,0.0,0.0,0.0,0,1,LOSS,-4.65,SL_HIT,0,0
2026-04-13T22:30:00+00:00,XAUUSD,BUY,asia,bullish,impulsive,bullish,primary,failed_retest_confirmation,A+,unknown,strong,0.0,95.0,4750.53,4736.0,4780.0,4800.0,4820.0,14.529999999999745,29.470000000000255,49.470000000000255,69.47000000000025,2.028217481073694,3.404679972470827,4.781142463867961,0.0,14.529999999999745,14.529999999999745,29.05999999999949,0.5,0.0,0.5,0.5299999999997453,0.0,14.529999999999745,0.0,0.0,0.0,1.0,0,0,EXPIRED,0.0,EXPIRED,0,0
2026-04-14T05:30:00+00:00,XAUUSD,BUY,asia,bullish,impulsive,bullish,primary,break_retest_close_confirmation,A,unknown,strong,0.0,85.0,4761.15,4746.0,4774.31,4800.0,4820.0,15.149999999999636,13.160000000000764,38.850000000000364,58.850000000000364,0.86864686468654,2.56435643564365,3.8844884488450018,0.0,15.149999999999636,15.149999999999636,30.299999999999272,0.5,0.0,0.5,11.149999999999636,0.0,15.149999999999636,0.0,0.0,0.0,1.0,1,0,BREAKEVEN_WIN,13.16,BREAKEVEN_WIN,1,1
2026-04-14T08:00:00+00:00,XAUUSD,BUY,new_york,bullish,impulsive,bullish,primary,failed_retest_confirmation,A+,unknown,strong,0.0,95.0,4780.21,4756.0,4800.0,4820.0,4840.0,24.210000000000036,19.789999999999964,39.789999999999964,59.789999999999964,0.8174308137133388,1.6435357290375838,2.469640644361829,0.0,24.210000000000036,24.210000000000036,48.42000000000007,0.5,0.0,0.5,19.789999999999964,0.0,24.210000000000036,0.0,0.0,0.0,1.0,1,0,BREAKEVEN_WIN,19.79,BREAKEVEN_WIN,1,1
2026-04-14T09:15:00+00:00,XAUUSD,SELL,new_york,bullish,impulsive,bullish,secondary,sweep_reclaim_confirmation,A+,unknown,weak,0.0,95.0,4778.62,4784.0,4760.0,4740.0,4720.0,5.380000000000109,18.61999999999989,38.61999999999989,58.61999999999989,3.460966542750839,7.178438661709872,10.895910780668904,0.0,5.380000000000109,5.380000000000109,10.760000000000218,0.5,0.0,0.5,21.38000000000011,0.0,5.380000000000109,0.0,0.0,0.0,0.0,0,1,LOSS,-5.38,SL_HIT,0,0
2026-04-14T19:00:00+00:00,XAUUSD,BUY,asia,bullish,range,bullish,primary,structure_shift_confirmation,A+,unknown,strong,0.0,95.0,4840.89,4816.0,4860.0,4880.0,4900.0,24.890000000000327,19.109999999999673,39.10999999999967,59.10999999999967,0.767778224186397,1.5713137806347592,2.3748493370831216,0.0,24.890000000000327,24.890000000000327,49.780000000000655,0.5,0.0,0.5,9.109999999999673,0.0,24.890000000000327,0.0,0.0,0.0,1.0,0,0,EXPIRED,0.0,EXPIRED,0,0
2026-04-14T19:15:00+00:00,XAUUSD,BUY,asia,bullish,range,bullish,primary,break_retest_close_confirmation,A,unknown,strong,85.0,85.0,4840.72,4814.0,4880.0,4900.0,4925.0,26.7,39.3,59.3,84.3,1.47,2.22,3.15,1.0,26.7,26.7,53.4,0.5,0.0,0.5,9.279999999999745,19.279999999999745,20.720000000000255,0.0,0.0,0.0,1.0,0,0,EXPIRED_BEFORE_TP,0.0,EXPIRED,0,0
2026-04-14T19:15:00+00:00,XAUUSD,BUY,asia,bullish,range,bullish,primary,break_retest_close_confirmation,A,unknown,strong,90.0,85.0,4840.72,4814.0,4880.0,4900.0,4925.0,26.7,39.3,59.3,84.3,1.47,2.22,3.15,1.0,26.7,26.7,53.4,0.5,0.0,0.5,9.279999999999745,19.279999999999745,20.720000000000255,0.0,0.0,0.0,1.0,0,0,EXPIRED_BEFORE_TP,0.0,EXPIRED,0,0
2026-04-14T19:15:00+00:00,XAUUSD,BUY,asia,bullish,range,bullish,primary,break_retest_close_confirmation,A,unknown,strong,55.0,85.0,4840.72,4816.0,4860.0,4880.0,4900.0,24.720000000000255,19.279999999999745,39.279999999999745,59.279999999999745,0.7799352750808878,1.5889967637540185,2.3980582524271497,0.0,24.720000000000255,24.720000000000255,49.44000000000051,0.5,0.0,0.5,9.279999999999745,0.0,24.720000000000255,0.0,0.0,0.0,1.0,0,0,EXPIRED,0.0,EXPIRED,0,0
2026-04-14T19:15:00+00:00,XAUUSD,BUY,asia,bullish,range,bullish,primary,break_retest_close_confirmation,A,unknown,strong,0.0,85.0,4840.72,4816.0,4860.0,4880.0,4900.0,24.720000000000255,19.279999999999745,39.279999999999745,59.279999999999745,0.7799352750808878,1.5889967637540185,2.3980582524271497,0.0,24.720000000000255,24.720000000000255,49.44000000000051,0.5,0.0,0.5,9.279999999999745,0.0,24.720000000000255,0.0,0.0,0.0,1.0,0,0,EXPIRED,0.0,EXPIRED,0,0
2026-04-14T19:30:00+00:00,XAUUSD,BUY,asia,bullish,range,bullish,primary,failed_retest_confirmation,A+,unknown,strong,0.0,95.0,4840.83,4816.0,4860.0,4880.0,4900.0,24.829999999999927,19.170000000000073,39.17000000000007,59.17000000000007,0.7720499395892118,1.5775271848570354,2.383004430124859,0.0,24.829999999999927,24.829999999999927,49.659999999999854,0.5,0.0,0.5,9.170000000000073,0.0,24.829999999999927,0.0,0.0,0.0,1.0,0,0,EXPIRED,0.0,EXPIRED,0,0
2026-04-14T22:15:00+00:00,XAUUSD,SELL,asia,bullish,impulsive,bullish,secondary,displacement_confirmation,A,unknown,weak,0.0,85.0,4840.19,4844.0,4820.0,4800.0,4780.0,3.8100000000004,20.1899999999996,40.1899999999996,60.1899999999996,5.2992125984245355,10.54855643044498,15.797900262465427,0.0,3.8100000000004,3.8100000000004,7.6200000000008,0.5,0.0,0.5,9.8100000000004,0.0,3.8100000000004,0.0,0.0,0.0,0.0,0,1,LOSS,-3.81,SL_HIT,0,0
2026-04-14T22:45:00+00:00,XAUUSD,SELL,asia,bullish,impulsive,bullish,secondary,sweep_reclaim_confirmation,A+,unknown,weak,0.0,95.0,4835.1,4844.0,4820.0,4800.0,4780.0,8.899999999999636,15.100000000000364,35.100000000000364,55.100000000000364,1.6966292134832563,3.9438202247193033,6.19101123595535,0.0,8.899999999999636,8.899999999999636,17.799999999999272,0.5,0.0,0.5,14.899999999999636,0.0,8.899999999999636,0.0,0.0,0.0,0.0,0,1,LOSS,-8.9,SL_HIT,0,0
2026-04-15T01:15:00+00:00,XAUUSD,BUY,asia,bullish,range,bullish,primary,failed_retest_confirmation,A+,unknown,strong,0.0,95.0,4850.95,4836.0,4880.0,4900.0,4920.0,14.949999999999818,29.050000000000182,49.05000000000018,69.05000000000018,1.9431438127090659,3.2809364548495505,4.618729096990035,0.0,14.949999999999818,14.949999999999818,29.899999999999636,0.5,0.0,0.5,0.9499999999998181,0.0,14.949999999999818,0.0,0.0,0.0,1.0,0,1,LOSS,-14.95,SL_HIT,0,0
2026-04-15T01:15:00+00:00,XAUUSD,BUY,asia,bullish,range,bullish,primary,failed_retest_confirmation,A+,unknown,strong,0.0,95.0,4850.95,4836.0,4880.0,4900.0,4920.0,14.949999999999818,29.050000000000182,49.05000000000018,69.05000000000018,1.9431438127090659,3.2809364548495505,4.618729096990035,0.0,14.949999999999818,14.949999999999818,29.899999999999636,0.5,0.0,0.5,0.9499999999998181,0.0,14.949999999999818,0.0,0.0,0.0,1.0,0,1,LOSS,-14.95,SL_HIT,0,0
2026-04-15T01:45:00+00:00,XAUUSD,BUY,asia,bullish,reversal_attempt,bullish,primary,failed_retest_confirmation,A+,unknown,strong,0.0,95.0,4847.21,4816.0,4860.0,4880.0,4900.0,31.210000000000036,12.789999999999964,32.789999999999964,52.789999999999964,0.4098045498237728,1.0506247997436695,1.6914450496635662,0.0,31.210000000000036,31.210000000000036,62.42000000000007,0.5,0.0,0.5,2.7899999999999636,0.0,31.210000000000036,0.0,0.0,0.0,1.0,0,1,LOSS,-31.21,SL_HIT,0,0
2026-04-15T03:00:00+00:00,XAUUSD,BUY,off_session,bullish,reversal_attempt,bullish,primary,break_retest_close_confirmation,A,unknown,strong,90.0,80.0,4821.01,4794.0,4860.0,4880.0,4900.0,27.0,39.0,59.0,79.0,1.44,2.18,2.92,1.0,27.0,27.0,54.0,0.5,0.0,0.5,21.01000000000022,18.98999999999978,21.01000000000022,0.0,0.0,0.0,1.0,0,0,EXPIRED_BEFORE_TP,0.0,EXPIRED,0,0
2026-04-15T03:00:00+00:00,XAUUSD,BUY,off_session,bullish,reversal_attempt,bullish,primary,break_retest_close_confirmation,A,unknown,strong,90.0,80.0,4821.01,4794.0,4860.0,4880.0,4900.0,27.0,39.0,59.0,79.0,1.44,2.18,2.92,1.0,27.0,27.0,54.0,0.5,0.0,0.5,21.01000000000022,18.98999999999978,21.01000000000022,0.0,0.0,0.0,1.0,0,0,EXPIRED_BEFORE_TP,0.0,EXPIRED,0,0
2026-04-15T03:00:00+00:00,XAUUSD,BUY,off_session,bullish,reversal_attempt,bullish,primary,break_retest_close_confirmation,A,unknown,strong,90.0,80.0,4821.01,4794.0,4860.0,4880.0,4900.0,27.0,39.0,59.0,79.0,1.44,2.18,2.92,1.0,27.0,27.0,54.0,0.5,0.0,0.5,21.01000000000022,18.98999999999978,21.01000000000022,0.0,0.0,0.0,1.0,0,0,EXPIRED_BEFORE_TP,0.0,EXPIRED,0,0
2026-04-15T03:00:00+00:00,XAUUSD,BUY,off_session,bullish,reversal_attempt,bullish,primary,break_retest_close_confirmation,A,unknown,strong,90.0,80.0,4821.01,4794.0,4860.0,4880.0,4900.0,27.0,39.0,59.0,79.0,1.44,2.18,2.92,1.0,27.0,27.0,54.0,0.5,0.0,0.5,21.01000000000022,18.98999999999978,21.01000000000022,0.0,0.0,0.0,1.0,0,0,EXPIRED_BEFORE_TP,0.0,EXPIRED,0,0
2026-04-15T03:00:00+00:00,XAUUSD,BUY,off_session,bullish,reversal_attempt,bullish,primary,break_retest_close_confirmation,A,unknown,strong,95.0,80.0,4821.01,4794.0,4860.0,4880.0,4900.0,27.0,39.0,59.0,79.0,1.44,2.18,2.92,1.0,27.0,27.0,54.0,0.5,0.0,0.5,21.01000000000022,18.98999999999978,21.01000000000022,0.0,0.0,0.0,1.0,0,0,EXPIRED_BEFORE_TP,0.0,EXPIRED,0,0
2026-04-15T03:00:00+00:00,XAUUSD,BUY,off_session,bullish,reversal_attempt,bullish,primary,break_retest_close_confirmation,A,unknown,strong,90.0,80.0,4821.01,4794.0,4860.0,4880.0,4900.0,27.0,39.0,59.0,79.0,1.44,2.18,2.92,1.0,27.0,27.0,54.0,0.5,0.0,0.5,21.01000000000022,18.98999999999978,21.01000000000022,0.0,0.0,0.0,1.0,0,0,EXPIRED_BEFORE_TP,0.0,EXPIRED,0,0
2026-04-15T03:00:00+00:00,XAUUSD,BUY,off_session,bullish,reversal_attempt,bullish,primary,break_retest_close_confirmation,A,unknown,strong,90.0,80.0,4821.01,4794.0,4860.0,4880.0,4900.0,27.0,39.0,59.0,79.0,1.44,2.18,2.92,1.0,27.0,27.0,54.0,0.5,0.0,0.5,21.01000000000022,18.98999999999978,21.01000000000022,0.0,0.0,0.0,1.0,0,0,EXPIRED_BEFORE_TP,0.0,EXPIRED,0,0
2026-04-15T07:00:00+00:00,XAUUSD,BUY,new_york,bullish,impulsive,bullish,primary,failed_retest_confirmation,A+,unknown,strong,95.0,90.0,4815.58,4794.0,4840.0,4860.0,4880.0,21.6,24.4,44.4,64.4,1.13,2.06,2.98,0.0,21.6,21.6,43.2,0.5,0.0,0.5,15.579999999999927,0.0,15.579999999999927,0.0,0.0,0.0,1.0,0,0,EXPIRED_BEFORE_TP,0.0,EXPIRED,0,0
2026-04-15T07:00:00+00:00,XAUUSD,BUY,new_york,bullish,impulsive,bullish,primary,failed_retest_confirmation,A+,unknown,strong,95.0,90.0,4815.58,4794.0,4840.0,4860.0,4880.0,21.6,24.4,44.4,64.4,1.13,2.06,2.98,0.0,21.6,21.6,43.2,0.5,0.0,0.5,15.579999999999927,0.0,15.579999999999927,0.0,0.0,0.0,1.0,0,0,EXPIRED_BEFORE_TP,0.0,EXPIRED,0,0
2026-04-15T07:00:00+00:00,XAUUSD,BUY,new_york,bullish,impulsive,bullish,primary,failed_retest_confirmation,A+,unknown,strong,95.0,90.0,4815.58,4794.0,4840.0,4860.0,4880.0,21.6,24.4,44.4,64.4,1.13,2.06,2.98,0.0,21.6,21.6,43.2,0.5,0.0,0.5,15.579999999999927,0.0,15.579999999999927,0.0,0.0,0.0,1.0,0,0,EXPIRED_BEFORE_TP,0.0,EXPIRED,0,0
2026-04-15T07:00:00+00:00,XAUUSD,BUY,new_york,bullish,impulsive,bullish,primary,failed_retest_confirmation,A+,unknown,strong,95.0,90.0,4815.58,4794.0,4840.0,4860.0,4880.0,21.6,24.4,44.4,64.4,1.13,2.06,2.98,0.0,21.6,21.6,43.2,0.5,0.0,0.5,15.579999999999927,0.0,15.579999999999927,0.0,0.0,0.0,1.0,0,0,EXPIRED_BEFORE_TP,0.0,EXPIRED,0,0
2026-04-15T07:00:00+00:00,XAUUSD,BUY,off_session,bullish,reversal_attempt,bullish,primary,failed_retest_confirmation,A+,unknown,strong,95.0,90.0,4815.58,4796.0,4840.0,4860.0,4880.0,19.579999999999927,24.420000000000073,44.42000000000007,64.42000000000007,1.2471910112359634,2.268641470888674,3.2900919305413847,0.0,19.579999999999927,19.579999999999927,39.159999999999854,0.5,0.0,0.5,15.579999999999927,0.0,19.579999999999927,0.0,0.0,0.0,1.0,0,1,LOSS,-19.58,SL_HIT,0,0
2026-04-15T07:00:00+00:00,XAUUSD,BUY,new_york,bullish,impulsive,bullish,primary,failed_retest_confirmation,A+,unknown,strong,95.0,90.0,4815.58,4794.0,4840.0,4860.0,4880.0,21.6,24.4,44.4,64.4,1.13,2.06,2.98,0.0,21.6,21.6,43.2,0.5,0.0,0.5,15.579999999999927,0.0,15.579999999999927,0.0,0.0,0.0,1.0,0,0,EXPIRED_BEFORE_TP,0.0,EXPIRED,0,0
2026-04-15T07:00:00+00:00,XAUUSD,BUY,off_session,bullish,reversal_attempt,bullish,primary,failed_retest_confirmation,A+,unknown,strong,0.0,90.0,4815.58,4796.0,4840.0,4860.0,4880.0,19.579999999999927,24.420000000000073,44.42000000000007,64.42000000000007,1.2471910112359634,2.268641470888674,3.2900919305413847,0.0,19.579999999999927,19.579999999999927,39.159999999999854,0.5,0.0,0.5,15.579999999999927,0.0,19.579999999999927,0.0,0.0,0.0,1.0,0,1,LOSS,-19.58,SL_HIT,0,0
2026-04-15T07:00:00+00:00,XAUUSD,BUY,new_york,bullish,impulsive,bullish,primary,failed_retest_confirmation,A+,unknown,strong,95.0,90.0,4815.58,4794.0,4840.0,4860.0,4880.0,21.6,24.4,44.4,64.4,1.13,2.06,2.98,0.0,21.6,21.6,43.2,0.5,0.0,0.5,15.579999999999927,0.0,15.579999999999927,0.0,0.0,0.0,1.0,0,0,EXPIRED_BEFORE_TP,0.0,EXPIRED,0,0
2026-04-15T07:00:00+00:00,XAUUSD,BUY,new_york,bullish,impulsive,bullish,primary,failed_retest_confirmation,A+,unknown,strong,95.0,90.0,4815.58,4794.0,4840.0,4860.0,4880.0,21.6,24.4,44.4,64.4,1.13,2.06,2.98,0.0,21.6,21.6,43.2,0.5,0.0,0.5,15.579999999999927,0.0,15.579999999999927,0.0,0.0,0.0,1.0,0,0,EXPIRED_BEFORE_TP,0.0,EXPIRED,0,0
2026-04-15T07:00:00+00:00,XAUUSD,BUY,new_york,bullish,impulsive,bullish,primary,failed_retest_confirmation,A+,unknown,strong,95.0,90.0,4815.58,4794.0,4840.0,4860.0,4880.0,21.6,24.4,44.4,64.4,1.13,2.06,2.98,0.0,21.6,21.6,43.2,0.5,0.0,0.5,15.579999999999927,0.0,15.579999999999927,0.0,0.0,0.0,1.0,0,0,EXPIRED_BEFORE_TP,0.0,EXPIRED,0,0
2026-04-15T07:00:00+00:00,XAUUSD,BUY,off_session,bullish,reversal_attempt,bullish,primary,failed_retest_confirmation,A+,unknown,strong,0.0,90.0,4815.58,4796.0,4840.0,4860.0,4880.0,19.579999999999927,24.420000000000073,44.42000000000007,64.42000000000007,1.2471910112359634,2.268641470888674,3.2900919305413847,0.0,19.579999999999927,19.579999999999927,39.159999999999854,0.5,0.0,0.5,15.579999999999927,0.0,19.579999999999927,0.0,0.0,0.0,1.0,0,1,LOSS,-19.58,SL_HIT,0,0
2026-04-15T09:00:00+00:00,XAUUSD,SELL,off_session,bullish,range,bullish,secondary,structure_shift_confirmation,A+,unknown,weak,0.0,90.0,4804.82,4808.56,4786.07,4760.0,4740.0,3.740000000000691,18.75,44.81999999999971,64.81999999999971,5.013368983956292,11.983957219249044,17.331550802135755,0.0,3.740000000000691,3.740000000000691,7.480000000001382,0.5,0.0,0.5,4.819999999999709,0.0,3.740000000000691,0.0,0.0,0.0,0.0,0,1,LOSS,-3.74,SL_HIT,0,0
2026-04-15T09:00:00+00:00,XAUUSD,BUY,london,bullish,reversal_attempt,bullish,primary,break_retest_close_confirmation,A,unknown,strong,0.0,80.0,4804.82,4799.86,4820.0,4840.0,4860.0,4.960000000000036,15.180000000000291,35.18000000000029,55.18000000000029,3.060483870967778,7.092741935483877,11.124999999999977,0.0,4.960000000000036,4.960000000000036,9.920000000000073,0.5,0.0,0.5,4.819999999999709,0.0,4.960000000000036,0.0,0.0,0.0,1.0,0,1,LOSS,-4.96,SL_HIT,0,0
2026-04-15T09:15:00+00:00,XAUUSD,SELL,off_session,bullish,range,bullish,secondary,sweep_reclaim_confirmation,A+,unknown,weak,0.0,90.0,4798.03,4808.56,4786.07,4760.0,4740.0,10.530000000000655,11.960000000000036,38.029999999999745,58.029999999999745,1.1358024691357353,3.6115859449190295,5.510921177587478,0.0,10.530000000000655,10.530000000000655,21.06000000000131,0.5,0.0,0.5,1.9700000000002547,0.0,10.530000000000655,0.0,0.0,0.0,0.0,0,1,LOSS,-10.53,SL_HIT,0,0
2026-04-15T09:45:00+00:00,XAUUSD,BUY,off_session,bullish,reversal_attempt,bullish,primary,engulfing_level_confirmation,A,unknown,strong,0.0,70.0,4798.1,4799.86,4820.0,4840.0,4860.0,1.7599999999993088,21.899999999999636,41.899999999999636,61.899999999999636,12.443181818186499,23.806818181827325,35.170454545468154,0.0,1.7599999999993088,1.7599999999993088,3.5199999999986176,0.5,0.0,0.5,1.8999999999996362,0.0,1.7599999999993088,0.0,0.0,0.0,1.0,0,1,LOSS,1.76,SL_HIT,0,0
2026-04-15T10:00:00+00:00,XAUUSD,BUY,new_york,bullish,impulsive,bullish,primary,failed_retest_confirmation,A+,unknown,strong,0.0,90.0,4801.01,4788.9,4820.0,4840.0,4860.0,12.110000000000582,18.98999999999978,38.98999999999978,58.98999999999978,1.5681255161023013,3.2196531791905785,4.871180842278856,0.0,12.110000000000582,12.110000000000582,24.220000000001164,0.5,0.0,0.5,1.0100000000002183,0.0,12.110000000000582,0.0,0.0,0.0,1.0,1,0,BREAKEVEN_WIN,18.99,BREAKEVEN_WIN,1,1
2026-04-15T10:15:00+00:00,XAUUSD,BUY,off_session,neutral,range,neutral,primary,sweep_reclaim_confirmation,A,unknown,weak,85.0,80.0,4795.15,4784.0,4820.0,4840.0,4860.0,11.2,24.8,44.8,64.8,2.23,4.02,5.81,0.0,11.2,11.2,22.4,0.5,0.0,0.5,4.850000000000364,0.0,5.149999999999636,0.0,0.0,0.0,0.0,1,0,BREAKEVEN_WIN,0.0,BREAKEVEN_WIN,1,1
2026-04-15T10:15:00+00:00,XAUUSD,BUY,new_york,bullish,impulsive,bullish,primary,sweep_reclaim_confirmation,A,unknown,strong,85.0,80.0,4795.15,4788.9,4820.0,4840.0,4860.0,6.25,24.850000000000364,44.850000000000364,64.85000000000036,3.976000000000058,7.176000000000058,10.376000000000058,0.0,6.25,6.25,12.5,0.5,0.0,0.5,4.850000000000364,0.0,6.25,0.0,0.0,0.0,1.0,1,0,BREAKEVEN_WIN,24.85,BREAKEVEN_WIN,1,1
2026-04-15T10:15:00+00:00,XAUUSD,SELL,off_session,bullish,range,bullish,secondary,sweep_reclaim_confirmation,A+,unknown,weak,0.0,90.0,4795.15,4804.0,4780.0,4760.0,4740.0,8.850000000000364,15.149999999999636,35.149999999999636,55.149999999999636,1.7118644067795494,3.971751412429174,6.2316384180787985,0.0,8.850000000000364,8.850000000000364,17.700000000000728,0.5,0.0,0.5,4.850000000000364,0.0,8.850000000000364,0.0,0.0,0.0,0.0,0,1,LOSS,-8.85,SL_HIT,0,0
2026-04-15T10:15:00+00:00,XAUUSD,BUY,new_york,bullish,impulsive,bullish,primary,sweep_reclaim_confirmation,A,unknown,strong,0.0,80.0,4795.15,4788.9,4820.0,4840.0,4860.0,6.25,24.850000000000364,44.850000000000364,64.85000000000036,3.976000000000058,7.176000000000058,10.376000000000058,0.0,6.25,6.25,12.5,0.5,0.0,0.5,4.850000000000364,0.0,6.25,0.0,0.0,0.0,1.0,1,0,BREAKEVEN_WIN,24.85,BREAKEVEN_WIN,1,1
2026-04-15T11:00:00+00:00,XAUUSD,BUY,new_york,bullish,impulsive,bullish,primary,failed_retest_confirmation,A+,unknown,strong,0.0,90.0,4802.32,4791.56,4820.0,4840.0,4860.0,10.759999999999309,17.68000000000029,37.68000000000029,57.68000000000029,1.6431226765800582,3.5018587360597317,5.360594795539405,0.0,10.759999999999309,10.759999999999309,21.519999999998618,0.5,0.0,0.5,2.319999999999709,0.0,10.759999999999309,0.0,0.0,0.0,1.0,1,0,BREAKEVEN_WIN,17.68,BREAKEVEN_WIN,1,1
2026-04-15T11:45:00+00:00,XAUUSD,BUY,new_york,bullish,reversal_attempt,bullish,primary,structure_shift_confirmation,A+,unknown,strong,0.0,90.0,4812.7,4799.86,4840.0,4860.0,4880.0,12.840000000000146,27.300000000000182,47.30000000000018,67.30000000000018,2.1261682242990556,3.683800623052932,5.241433021806809,0.0,12.840000000000146,12.840000000000146,25.68000000000029,0.5,0.0,0.5,12.699999999999818,0.0,12.840000000000146,0.0,0.0,0.0,1.0,0,1,LOSS,-12.84,SL_HIT,0,0
2026-04-15T14:30:00+00:00,XAUUSD,SELL,new_york,bullish,reversal_attempt,bullish,secondary,sweep_reclaim_confirmation,A+,unknown,weak,0.0,85.0,4819.44,4824.0,4800.0,4780.0,4760.0,4.5600000000004,19.4399999999996,39.4399999999996,59.4399999999996,4.263157894736381,8.649122807016697,13.035087719297014,0.0,4.5600000000004,4.5600000000004,9.1200000000008,0.5,0.0,0.5,19.4399999999996,0.0,4.5600000000004,0.0,0.0,0.0,0.0,1,0,BREAKEVEN_WIN,19.44,BREAKEVEN_WIN,1,1
2026-04-15T15:15:00+00:00,XAUUSD,SELL,new_york,bullish,reversal_attempt,bullish,secondary,structure_shift_confirmation,A+,unknown,weak,0.0,90.0,4798.42,4799.56,4786.07,4760.0,4740.0,1.1400000000003274,12.350000000000364,38.42000000000007,58.42000000000007,10.833333333330541,33.7017543859553,51.24561403507307,0.0,1.1400000000003274,1.1400000000003274,2.280000000000655,0.5,0.0,0.5,1.5799999999999272,0.0,1.1400000000003274,0.0,0.0,0.0,0.0,0,1,LOSS,-1.14,SL_HIT,0,0
2026-04-15T15:30:00+00:00,XAUUSD,BUY,off_session,neutral,range,neutral,primary,failed_retest_confirmation,A+,unknown,weak,0.0,90.0,4803.54,4786.0,4820.0,4840.0,4880.0,17.539999999999964,16.460000000000036,36.460000000000036,76.46000000000004,0.9384264538198444,2.078677309007988,4.359179019384276,0.0,17.539999999999964,17.539999999999964,35.07999999999993,0.5,0.0,0.5,3.5399999999999636,0.0,17.539999999999964,0.0,0.0,0.0,0.0,1,0,BREAKEVEN_WIN,16.46,BREAKEVEN_WIN,1,1
2026-04-15T16:15:00+00:00,XAUUSD,BUY,off_session,neutral,range,neutral,secondary,structure_shift_confirmation,A+,unknown,weak,0.0,100.0,4811.16,4835.72,4839.72,4860.0,4880.0,24.5600000000004,28.5600000000004,48.840000000000146,68.84000000000015,1.162866449511398,1.9885993485341755,2.8029315960911654,0.0,24.5600000000004,24.5600000000004,49.1200000000008,0.5,0.0,0.5,11.159999999999854,0.0,24.5600000000004,0.0,0.0,0.0,0.0,0,1,LOSS,24.56,SL_HIT,0,0
2026-04-15T17:00:00+00:00,XAUUSD,SELL,asia,neutral,range,neutral,primary,structure_shift_confirmation,A+,unknown,weak,0.0,100.0,4798.18,4824.0,4786.07,4760.0,4740.0,25.81999999999971,12.110000000000582,38.18000000000029,58.18000000000029,0.4690162664601363,1.4786986831913524,2.25329202168865,0.0,25.81999999999971,25.81999999999971,51.63999999999942,0.5,0.0,0.5,1.819999999999709,0.0,25.81999999999971,0.0,0.0,0.0,0.0,0,1,LOSS,-25.82,SL_HIT,0,0
2026-04-15T18:00:00+00:00,XAUUSD,SELL,asia,neutral,range,neutral,primary,break_retest_close_confirmation,A,unknown,weak,0.0,80.0,4796.86,4824.0,4786.07,4760.0,4740.0,27.140000000000327,10.789999999999964,36.85999999999967,56.85999999999967,0.39756816507000126,1.358142962417068,2.095062638172402,0.0,27.140000000000327,27.140000000000327,54.280000000000655,0.5,0.0,0.5,3.1400000000003274,0.0,27.140000000000327,0.0,0.0,0.0,0.0,0,1,LOSS,-27.14,SL_HIT,0,0
2026-04-15T19:00:00+00:00,XAUUSD,SELL,asia,neutral,range,neutral,primary,failed_retest_confirmation,A+,unknown,weak,0.0,100.0,4798.84,4824.0,4786.07,4760.0,4740.0,25.159999999999854,12.770000000000437,38.840000000000146,58.840000000000146,0.5075516693163955,1.543720190779029,2.3386327503974758,0.0,25.159999999999854,25.159999999999854,50.31999999999971,0.5,0.0,0.5,1.1599999999998545,0.0,25.159999999999854,0.0,0.0,0.0,0.0,0,1,LOSS,-25.16,SL_HIT,0,0
2026-04-15T20:00:00+00:00,XAUUSD,SELL,off_session,neutral,range,neutral,secondary,structure_shift_confirmation,A+,unknown,weak,0.0,95.0,4793.88,4794.82,4780.0,4760.0,4740.0,0.9399999999995998,13.88000000000011,33.88000000000011,53.88000000000011,14.765957446814912,36.04255319150482,57.31914893619473,0.0,0.9399999999995998,0.9399999999995998,1.8799999999991996,0.5,0.0,0.5,6.119999999999891,0.0,0.9399999999995998,0.0,0.0,0.0,0.0,0,1,LOSS,-0.94,SL_HIT,0,0
2026-04-15T20:30:00+00:00,XAUUSD,SELL,off_session,neutral,range,neutral,secondary,sweep_reclaim_confirmation,A+,unknown,weak,0.0,95.0,4790.74,4794.82,4780.0,4760.0,4740.0,4.079999999999927,10.739999999999782,30.73999999999978,50.73999999999978,2.632352941176464,7.534313725490277,12.43627450980409,0.0,4.079999999999927,4.079999999999927,8.159999999999854,0.5,0.0,0.5,9.260000000000218,0.0,4.079999999999927,0.0,0.0,0.0,0.0,0,1,LOSS,-4.08,SL_HIT,0,0
2026-04-15T20:45:00+00:00,XAUUSD,BUY,off_session,neutral,range,neutral,primary,failed_retest_confirmation,A+,unknown,weak,0.0,95.0,4791.11,4786.0,4820.0,4840.0,4880.0,5.109999999999673,28.890000000000327,48.89000000000033,88.89000000000033,5.653620352250916,9.567514677104395,17.395303326811355,0.0,5.109999999999673,5.109999999999673,10.219999999999345,0.5,0.0,0.5,8.890000000000327,0.0,5.109999999999673,0.0,0.0,0.0,0.0,1,0,BREAKEVEN_WIN,28.89,BREAKEVEN_WIN,1,1
2026-04-15T22:00:00+00:00,XAUUSD,SELL,off_session,neutral,range,neutral,secondary,displacement_confirmation,A,unknown,weak,0.0,85.0,4792.01,4794.82,4780.0,4760.0,4740.0,2.8099999999994907,12.010000000000218,32.01000000000022,52.01000000000022,4.27402135231402,11.391459074735238,18.508896797156456,0.0,2.8099999999994907,2.8099999999994907,5.619999999998981,0.5,0.0,0.5,7.989999999999782,0.0,2.8099999999994907,0.0,0.0,0.0,0.0,0,1,LOSS,-2.81,SL_HIT,0,0
2026-04-16T02:00:00+00:00,XAUUSD,BUY,london,bullish,reversal_attempt,bullish,primary,failed_retest_confirmation,A+,unknown,strong,0.0,90.0,4821.4,4796.0,4836.44,4860.0,4880.0,25.399999999999636,15.039999999999964,38.600000000000364,58.600000000000364,0.5921259842519756,1.519685039370115,2.3070866141732758,0.0,25.399999999999636,25.399999999999636,50.79999999999927,0.5,0.0,0.5,21.399999999999636,0.0,25.399999999999636,0.0,0.0,0.0,1.0,0,0,EXPIRED,0.0,EXPIRED,0,0
2026-04-16T02:00:00+00:00,XAUUSD,BUY,london,bullish,reversal_attempt,bullish,primary,failed_retest_confirmation,A+,unknown,strong,0.0,90.0,4821.4,4796.0,4836.44,4860.0,4880.0,25.399999999999636,15.039999999999964,38.600000000000364,58.600000000000364,0.5921259842519756,1.519685039370115,2.3070866141732758,0.0,25.399999999999636,25.399999999999636,50.79999999999927,0.5,0.0,0.5,21.399999999999636,0.0,25.399999999999636,0.0,0.0,0.0,1.0,0,0,EXPIRED,0.0,EXPIRED,0,0
2026-04-16T07:15:00+00:00,XAUUSD,BUY,new_york,neutral,range,neutral,primary,failed_retest_confirmation,A+,unknown,weak,95.0,95.0,4828.01,4794.0,4880.0,4900.0,4925.0,34.0,52.0,72.0,97.0,1.53,2.12,2.85,1.0,34.0,34.0,68.0,0.5,0.0,0.5,21.98999999999978,21.98999999999978,28.01000000000022,0.0,0.0,0.0,0.0,0,1,LOSS,-34.01,SL_HIT,0,0
2026-04-16T07:45:00+00:00,XAUUSD,SELL,new_york,neutral,range,neutral,secondary,displacement_confirmation,A,unknown,weak,0.0,85.0,4821.18,4824.0,4800.0,4780.0,4760.0,2.819999999999709,21.18000000000029,41.18000000000029,61.18000000000029,7.510638297873219,14.602836879434234,21.69503546099525,0.0,2.819999999999709,2.819999999999709,5.639999999999418,0.5,0.0,0.5,21.18000000000029,0.0,2.819999999999709,0.0,0.0,0.0,0.0,1,0,BREAKEVEN_WIN,21.18,BREAKEVEN_WIN,1,1
2026-04-16T08:00:00+00:00,XAUUSD,SELL,london,bullish,reversal_attempt,bullish,secondary,structure_shift_confirmation,A+,unknown,weak,0.0,90.0,4811.75,4804.0,4800.0,4780.0,4760.0,7.75,11.75,31.75,51.75,1.5161290322580645,4.096774193548387,6.67741935483871,0.0,7.75,7.75,15.5,0.5,0.0,0.5,11.75,0.0,7.75,0.0,0.0,0.0,0.0,0,1,LOSS,7.75,SL_HIT,0,0
2026-04-16T10:00:00+00:00,XAUUSD,SELL,off_session,bullish,range,bullish,secondary,displacement_confirmation,A,unknown,weak,0.0,80.0,4807.13,4804.0,4787.69,4760.0,4740.0,3.130000000000109,19.44000000000051,47.13000000000011,67.13000000000011,6.210862619808253,15.057507987219957,21.447284345047212,0.0,3.130000000000109,3.130000000000109,6.260000000000218,0.5,0.0,0.5,7.130000000000109,0.0,3.130000000000109,0.0,0.0,0.0,0.0,0,1,LOSS,3.13,SL_HIT,0,0
2026-04-16T12:00:00+00:00,XAUUSD,SELL,new_york,neutral,range,neutral,primary,failed_retest_confirmation,A+,unknown,weak,0.0,95.0,4817.08,4834.37,4800.0,4780.0,4760.0,17.289999999999964,17.079999999999927,37.07999999999993,57.07999999999993,0.9878542510121436,2.144592249855408,3.3013302486986724,0.0,17.289999999999964,17.289999999999964,34.57999999999993,0.5,0.0,0.5,17.079999999999927,0.0,17.289999999999964,0.0,0.0,0.0,0.0,1,0,BREAKEVEN_WIN,17.08,BREAKEVEN_WIN,1,1
2026-04-16T12:00:00+00:00,XAUUSD,SELL,new_york,neutral,range,neutral,primary,failed_retest_confirmation,A+,unknown,weak,0.0,95.0,4817.08,4834.37,4800.0,4780.0,4760.0,17.289999999999964,17.079999999999927,37.07999999999993,57.07999999999993,0.9878542510121436,2.144592249855408,3.3013302486986724,0.0,17.289999999999964,17.289999999999964,34.57999999999993,0.5,0.0,0.5,17.079999999999927,0.0,17.289999999999964,0.0,0.0,0.0,0.0,1,0,BREAKEVEN_WIN,17.08,BREAKEVEN_WIN,1,1
2026-04-16T12:30:00+00:00,XAUUSD,SELL,off_session,bearish,impulsive,bearish,primary,break_retest_close_confirmation,A,unknown,strong,55.0,85.0,4817.06,4836.37,4800.0,4780.0,4760.0,19.3,17.1,37.1,57.1,0.88,1.92,2.95,0.0,19.3,19.3,38.6,0.5,0.0,0.5,17.0600000000004,0.0,13.30999999999949,0.0,0.0,0.0,1.0,1,0,EXPIRED_AFTER_TP1,0.0,BREAKEVEN_WIN,1,1
2026-04-16T12:30:00+00:00,XAUUSD,SELL,off_session,bearish,impulsive,bearish,primary,break_retest_close_confirmation,A,unknown,strong,55.0,85.0,4817.06,4836.37,4800.0,4780.0,4760.0,19.3,17.1,37.1,57.1,0.88,1.92,2.95,0.0,19.3,19.3,38.6,0.5,0.0,0.5,17.0600000000004,0.0,13.30999999999949,0.0,0.0,0.0,1.0,1,0,EXPIRED_AFTER_TP1,0.0,BREAKEVEN_WIN,1,1
2026-04-16T12:30:00+00:00,XAUUSD,SELL,off_session,bearish,impulsive,bearish,primary,break_retest_close_confirmation,A,unknown,strong,55.0,85.0,4817.06,4836.37,4800.0,4780.0,4760.0,19.3,17.1,37.1,57.1,0.88,1.92,2.95,0.0,19.3,19.3,38.6,0.5,0.0,0.5,17.0600000000004,0.0,13.30999999999949,0.0,0.0,0.0,1.0,1,0,EXPIRED_AFTER_TP1,0.0,BREAKEVEN_WIN,1,1
2026-04-16T12:30:00+00:00,XAUUSD,SELL,new_york,neutral,range,neutral,primary,break_retest_close_confirmation,A,unknown,weak,55.0,85.0,4817.06,4834.37,4800.0,4780.0,4760.0,17.30999999999949,17.0600000000004,37.0600000000004,57.0600000000004,0.9855574812247777,2.1409589832467644,3.296360485268751,0.0,17.30999999999949,17.30999999999949,34.61999999999898,0.5,0.0,0.5,17.0600000000004,0.0,17.30999999999949,0.0,0.0,0.0,0.0,1,0,BREAKEVEN_WIN,17.06,BREAKEVEN_WIN,1,1
2026-04-16T12:30:00+00:00,XAUUSD,SELL,off_session,bearish,impulsive,bearish,primary,break_retest_close_confirmation,A,unknown,strong,55.0,85.0,4817.06,4836.37,4800.0,4780.0,4760.0,19.3,17.1,37.1,57.1,0.88,1.92,2.95,0.0,19.3,19.3,38.6,0.5,0.0,0.5,17.0600000000004,0.0,13.30999999999949,0.0,0.0,0.0,1.0,1,0,EXPIRED_AFTER_TP1,0.0,BREAKEVEN_WIN,1,1
2026-04-16T12:30:00+00:00,XAUUSD,SELL,off_session,bearish,impulsive,bearish,primary,break_retest_close_confirmation,A,unknown,strong,55.0,85.0,4817.06,4836.37,4800.0,4780.0,4760.0,19.3,17.1,37.1,57.1,0.88,1.92,2.95,0.0,19.3,19.3,38.6,0.5,0.0,0.5,17.0600000000004,0.0,13.30999999999949,0.0,0.0,0.0,1.0,1,0,EXPIRED_AFTER_TP1,0.0,BREAKEVEN_WIN,1,1
2026-04-16T12:30:00+00:00,XAUUSD,SELL,off_session,bearish,impulsive,bearish,primary,break_retest_close_confirmation,A,unknown,strong,55.0,85.0,4817.06,4836.37,4800.0,4780.0,4760.0,19.3,17.1,37.1,57.1,0.88,1.92,2.95,0.0,19.3,19.3,38.6,0.5,0.0,0.5,17.0600000000004,0.0,13.30999999999949,0.0,0.0,0.0,1.0,1,0,EXPIRED_AFTER_TP1,0.0,BREAKEVEN_WIN,1,1
2026-04-16T12:30:00+00:00,XAUUSD,SELL,off_session,bearish,impulsive,bearish,primary,break_retest_close_confirmation,A,unknown,strong,55.0,85.0,4817.06,4836.37,4800.0,4780.0,4760.0,19.3,17.1,37.1,57.1,0.88,1.92,2.95,0.0,19.3,19.3,38.6,0.5,0.0,0.5,17.0600000000004,0.0,13.30999999999949,0.0,0.0,0.0,1.0,1,0,EXPIRED_AFTER_TP1,0.0,BREAKEVEN_WIN,1,1
2026-04-16T12:30:00+00:00,XAUUSD,SELL,off_session,bearish,impulsive,bearish,primary,break_retest_close_confirmation,A,unknown,strong,55.0,85.0,4817.06,4836.37,4800.0,4780.0,4760.0,19.3,17.1,37.1,57.1,0.88,1.92,2.95,0.0,19.3,19.3,38.6,0.5,0.0,0.5,17.0600000000004,0.0,13.30999999999949,0.0,0.0,0.0,1.0,1,0,EXPIRED_AFTER_TP1,0.0,BREAKEVEN_WIN,1,1
2026-04-16T12:30:00+00:00,XAUUSD,SELL,new_york,neutral,range,neutral,primary,break_retest_close_confirmation,A,unknown,weak,0.0,85.0,4817.06,4834.37,4800.0,4780.0,4760.0,17.30999999999949,17.0600000000004,37.0600000000004,57.0600000000004,0.9855574812247777,2.1409589832467644,3.296360485268751,0.0,17.30999999999949,17.30999999999949,34.61999999999898,0.5,0.0,0.5,17.0600000000004,0.0,17.30999999999949,0.0,0.0,0.0,0.0,1,0,BREAKEVEN_WIN,17.06,BREAKEVEN_WIN,1,1
2026-04-16T15:00:00+00:00,XAUUSD,BUY,new_york,neutral,range,neutral,secondary,structure_shift_confirmation,A+,unknown,weak,0.0,95.0,4806.72,4826.37,4820.0,4840.0,4860.0,19.649999999999636,13.279999999999745,33.279999999999745,53.279999999999745,0.6758269720101777,1.6936386768448022,2.7114503816794264,0.0,19.649999999999636,19.649999999999636,39.29999999999927,0.5,0.0,0.5,6.720000000000255,0.0,19.649999999999636,0.0,0.0,0.0,0.0,0,1,LOSS,19.65,SL_HIT,0,0
2026-04-16T19:30:00+00:00,XAUUSD,BUY,off_session,bearish,impulsive,bearish,secondary,structure_shift_confirmation,A+,unknown,weak,0.0,95.0,4797.39,4816.0,4820.0,4840.0,4860.0,18.609999999999673,22.609999999999673,42.60999999999967,62.60999999999967,1.2149382052659898,2.289629231595939,3.364320257925888,0.0,18.609999999999673,18.609999999999673,37.219999999999345,0.5,0.0,0.5,2.6099999999996726,0.0,18.609999999999673,0.0,0.0,0.0,0.0,0,1,LOSS,18.61,SL_HIT,0,0
2026-04-16T22:00:00+00:00,XAUUSD,BUY,off_session,bearish,range,bearish,secondary,structure_shift_confirmation,A+,unknown,weak,0.0,80.0,4795.25,4816.0,4820.0,4840.0,4860.0,20.75,24.75,44.75,64.75,1.1927710843373494,2.1566265060240966,3.1204819277108435,0.0,20.75,20.75,41.5,0.5,0.0,0.5,4.75,0.0,20.75,0.0,0.0,0.0,0.0,0,1,LOSS,20.75,SL_HIT,0,0
2026-04-16T22:15:00+00:00,XAUUSD,SELL,asia,bearish,range,bearish,primary,engulfing_level_confirmation,A,unknown,strong,0.0,80.0,4794.03,4824.0,4780.0,4760.0,4740.0,29.970000000000255,14.029999999999745,34.029999999999745,54.029999999999745,0.4681348014681223,1.1354688021354506,1.802802802802779,0.0,29.970000000000255,29.970000000000255,59.94000000000051,0.5,0.0,0.5,5.970000000000255,0.0,29.970000000000255,0.0,0.0,0.0,1.0,1,0,BREAKEVEN_WIN,14.03,BREAKEVEN_WIN,1,1
2026-04-16T22:15:00+00:00,XAUUSD,SELL,asia,bearish,range,bearish,primary,engulfing_level_confirmation,A,unknown,strong,0.0,80.0,4794.03,4824.0,4780.0,4760.0,4740.0,29.970000000000255,14.029999999999745,34.029999999999745,54.029999999999745,0.4681348014681223,1.1354688021354506,1.802802802802779,0.0,29.970000000000255,29.970000000000255,59.94000000000051,0.5,0.0,0.5,5.970000000000255,0.0,29.970000000000255,0.0,0.0,0.0,1.0,1,0,BREAKEVEN_WIN,14.03,BREAKEVEN_WIN,1,1
2026-04-17T00:30:00+00:00,XAUUSD,BUY,asia,bearish,range,bearish,secondary,structure_shift_confirmation,A+,unknown,weak,0.0,80.0,4798.71,4816.0,4820.0,4840.0,4860.0,17.289999999999964,21.289999999999964,41.289999999999964,61.289999999999964,1.231347599768653,2.388085598611917,3.544823597455182,0.0,17.289999999999964,17.289999999999964,34.57999999999993,0.5,0.0,0.5,1.2899999999999636,0.0,17.289999999999964,0.0,0.0,0.0,0.0,0,1,LOSS,17.29,SL_HIT,0,0
2026-04-17T00:45:00+00:00,XAUUSD,SELL,asia,bearish,range,bearish,primary,failed_retest_confirmation,A+,unknown,strong,0.0,80.0,4794.88,4824.0,4780.0,4760.0,4740.0,29.11999999999989,14.88000000000011,34.88000000000011,54.88000000000011,0.5109890109890166,1.197802197802206,1.8846153846153955,0.0,29.11999999999989,29.11999999999989,58.23999999999978,0.5,0.0,0.5,5.119999999999891,0.0,29.11999999999989,0.0,0.0,0.0,1.0,1,0,BREAKEVEN_WIN,14.88,BREAKEVEN_WIN,1,1
2026-04-17T00:45:00+00:00,XAUUSD,SELL,london,neutral,range,neutral,primary,failed_retest_confirmation,A+,unknown,weak,85.0,90.0,4794.88,4826.0,4750.0,4720.0,4700.0,31.1,44.9,74.9,94.9,1.44,2.41,3.05,1.0,31.1,31.1,62.2,0.5,0.0,0.5,5.119999999999891,21.98999999999978,25.11999999999989,0.0,0.0,0.0,0.0,0,0,EXPIRED_BEFORE_TP,0.0,EXPIRED,0,0
2026-04-17T01:00:00+00:00,XAUUSD,SELL,asia,bearish,impulsive,bearish,primary,structure_shift_confirmation,A+,unknown,strong,0.0,90.0,4778.82,4804.0,4767.47,4740.0,4720.0,25.18000000000029,11.349999999999454,38.81999999999971,58.81999999999971,0.45075456711673245,1.541699761715618,2.3359809372517484,0.0,25.18000000000029,25.18000000000029,50.36000000000058,0.5,0.0,0.5,21.18000000000029,0.0,25.18000000000029,0.0,0.0,0.0,1.0,0,1,LOSS,-25.18,SL_HIT,0,0
2026-04-17T02:00:00+00:00,XAUUSD,BUY,asia,bearish,impulsive,bearish,secondary,structure_shift_confirmation,A+,unknown,weak,0.0,95.0,4791.5,4816.0,4820.0,4840.0,4860.0,24.5,28.5,48.5,68.5,1.163265306122449,1.9795918367346939,2.795918367346939,0.0,24.5,24.5,49.0,0.5,0.0,0.5,8.5,0.0,24.5,0.0,0.0,0.0,0.0,0,1,LOSS,24.5,SL_HIT,0,0
2026-04-17T03:00:00+00:00,XAUUSD,BUY,asia,bearish,impulsive,bearish,secondary,structure_shift_confirmation,A+,unknown,weak,0.0,95.0,4796.03,4813.86,4817.86,4840.0,4860.0,17.829999999999927,21.829999999999927,43.970000000000255,63.970000000000255,1.2243409983174434,2.466068424004511,3.5877734155917285,0.0,17.829999999999927,17.829999999999927,35.659999999999854,0.5,0.0,0.5,3.9700000000002547,0.0,17.829999999999927,0.0,0.0,0.0,0.0,0,1,LOSS,17.83,SL_HIT,0,0
2026-04-17T04:30:00+00:00,XAUUSD,BUY,asia,bearish,reversal_attempt,bearish,secondary,structure_shift_confirmation,A+,unknown,weak,0.0,90.0,4800.79,4813.31,4817.31,4840.0,4860.0,12.520000000000437,16.520000000000437,39.210000000000036,59.210000000000036,1.3194888178913626,3.1317891373800855,4.729233226836898,0.0,12.520000000000437,12.520000000000437,25.040000000000873,0.5,0.0,0.5,0.7899999999999636,0.0,12.520000000000437,0.0,0.0,0.0,0.0,0,1,LOSS,12.52,SL_HIT,0,0
2026-04-17T07:15:00+00:00,XAUUSD,BUY,london,bearish,impulsive,bearish,secondary,structure_shift_confirmation,A+,unknown,weak,0.0,95.0,4791.48,4802.31,4806.31,4840.0,4860.0,10.830000000000837,14.830000000000837,48.52000000000044,68.52000000000044,1.3693444136657147,4.480147737765161,6.326869806093734,0.0,10.830000000000837,10.830000000000837,21.660000000001673,0.5,0.0,0.5,8.520000000000437,0.0,10.830000000000837,0.0,0.0,0.0,0.0,0,1,LOSS,10.83,SL_HIT,0,0
2026-04-17T08:00:00+00:00,XAUUSD,BUY,off_session,bullish,impulsive,bullish,primary,break_retest_close_confirmation,A,unknown,strong,75.0,80.0,4783.56,4774.0,4800.0,4820.0,4840.0,9.6,16.4,36.4,56.4,1.72,3.81,5.91,0.0,9.6,9.6,19.2,0.5,0.0,0.5,16.4399999999996,0.0,3.5600000000004,0.0,0.0,0.0,1.0,1,0,WIN,36.44,TP1_OR_BETTER,1,1
2026-04-17T08:00:00+00:00,XAUUSD,BUY,off_session,bullish,impulsive,bullish,primary,break_retest_close_confirmation,A,unknown,strong,75.0,80.0,4783.56,4774.0,4800.0,4820.0,4840.0,9.6,16.4,36.4,56.4,1.72,3.81,5.91,0.0,9.6,9.6,19.2,0.5,0.0,0.5,16.4399999999996,0.0,3.5600000000004,0.0,0.0,0.0,1.0,1,0,WIN,36.44,TP1_OR_BETTER,1,1
2026-04-17T08:00:00+00:00,XAUUSD,BUY,off_session,bullish,impulsive,bullish,primary,break_retest_close_confirmation,A,unknown,strong,75.0,80.0,4783.56,4774.0,4800.0,4820.0,4840.0,9.6,16.4,36.4,56.4,1.72,3.81,5.91,0.0,9.6,9.6,19.2,0.5,0.0,0.5,16.4399999999996,0.0,3.5600000000004,0.0,0.0,0.0,1.0,1,0,WIN,36.44,TP1_OR_BETTER,1,1
2026-04-17T08:00:00+00:00,XAUUSD,BUY,off_session,bullish,impulsive,bullish,primary,break_retest_close_confirmation,A,unknown,strong,75.0,80.0,4783.56,4776.91,4800.0,4820.0,4840.0,6.650000000000546,16.4399999999996,36.4399999999996,56.4399999999996,2.4721804511275565,5.479699248119791,8.487218045112025,0.0,6.650000000000546,6.650000000000546,13.300000000001091,0.5,0.0,0.5,16.4399999999996,0.0,6.650000000000546,0.0,0.0,0.0,1.0,1,0,BREAKEVEN_WIN,16.44,BREAKEVEN_WIN,1,1
2026-04-17T08:00:00+00:00,XAUUSD,BUY,off_session,bullish,impulsive,bullish,primary,break_retest_close_confirmation,A,unknown,strong,75.0,80.0,4783.56,4774.0,4800.0,4820.0,4840.0,9.6,16.4,36.4,56.4,1.72,3.81,5.91,0.0,9.6,9.6,19.2,0.5,0.0,0.5,16.4399999999996,0.0,3.5600000000004,0.0,0.0,0.0,1.0,1,0,WIN,36.44,TP1_OR_BETTER,1,1
2026-04-17T08:00:00+00:00,XAUUSD,BUY,off_session,bullish,impulsive,bullish,primary,break_retest_close_confirmation,A,unknown,strong,0.0,80.0,4783.56,4776.91,4800.0,4820.0,4840.0,6.650000000000546,16.4399999999996,36.4399999999996,56.4399999999996,2.4721804511275565,5.479699248119791,8.487218045112025,0.0,6.650000000000546,6.650000000000546,13.300000000001091,0.5,0.0,0.5,16.4399999999996,0.0,6.650000000000546,0.0,0.0,0.0,1.0,1,0,BREAKEVEN_WIN,16.44,BREAKEVEN_WIN,1,1
2026-04-17T08:00:00+00:00,XAUUSD,BUY,off_session,bullish,impulsive,bullish,primary,break_retest_close_confirmation,A,unknown,strong,75.0,80.0,4783.56,4774.0,4800.0,4820.0,4840.0,9.6,16.4,36.4,56.4,1.72,3.81,5.91,0.0,9.6,9.6,19.2,0.5,0.0,0.5,16.4399999999996,0.0,3.5600000000004,0.0,0.0,0.0,1.0,1,0,WIN,36.44,TP1_OR_BETTER,1,1
2026-04-17T08:00:00+00:00,XAUUSD,BUY,off_session,bullish,impulsive,bullish,primary,break_retest_close_confirmation,A,unknown,strong,75.0,80.0,4783.56,4774.0,4800.0,4820.0,4840.0,9.6,16.4,36.4,56.4,1.72,3.81,5.91,0.0,9.6,9.6,19.2,0.5,0.0,0.5,16.4399999999996,0.0,3.5600000000004,0.0,0.0,0.0,1.0,1,0,WIN,36.44,TP1_OR_BETTER,1,1
2026-04-17T08:00:00+00:00,XAUUSD,BUY,off_session,bullish,impulsive,bullish,primary,break_retest_close_confirmation,A,unknown,strong,75.0,80.0,4783.56,4774.0,4800.0,4820.0,4840.0,9.6,16.4,36.4,56.4,1.72,3.81,5.91,0.0,9.6,9.6,19.2,0.5,0.0,0.5,16.4399999999996,0.0,3.5600000000004,0.0,0.0,0.0,1.0,1,0,WIN,36.44,TP1_OR_BETTER,1,1
2026-04-17T08:00:00+00:00,XAUUSD,BUY,off_session,bullish,impulsive,bullish,primary,break_retest_close_confirmation,A,unknown,strong,75.0,80.0,4783.56,4774.0,4800.0,4820.0,4840.0,9.6,16.4,36.4,56.4,1.72,3.81,5.91,0.0,9.6,9.6,19.2,0.5,0.0,0.5,16.4399999999996,0.0,3.5600000000004,0.0,0.0,0.0,1.0,1,0,WIN,36.44,TP1_OR_BETTER,1,1
2026-04-17T08:00:00+00:00,XAUUSD,BUY,off_session,bullish,impulsive,bullish,primary,break_retest_close_confirmation,A,unknown,strong,0.0,80.0,4783.56,4776.91,4800.0,4820.0,4840.0,6.650000000000546,16.4399999999996,36.4399999999996,56.4399999999996,2.4721804511275565,5.479699248119791,8.487218045112025,0.0,6.650000000000546,6.650000000000546,13.300000000001091,0.5,0.0,0.5,16.4399999999996,0.0,6.650000000000546,0.0,0.0,0.0,1.0,1,0,BREAKEVEN_WIN,16.44,BREAKEVEN_WIN,1,1
2026-04-17T08:15:00+00:00,XAUUSD,BUY,off_session,bullish,impulsive,bullish,primary,engulfing_level_confirmation,A,unknown,strong,0.0,70.0,4784.48,4776.91,4800.0,4820.0,4840.0,7.569999999999709,15.520000000000437,35.52000000000044,55.52000000000044,2.0501981505945883,4.692206076618468,7.334214002642348,0.0,7.569999999999709,7.569999999999709,15.139999999999418,0.5,0.0,0.5,15.520000000000437,0.0,7.569999999999709,0.0,0.0,0.0,1.0,1,0,BREAKEVEN_WIN,15.52,BREAKEVEN_WIN,1,1
2026-04-17T09:45:00+00:00,XAUUSD,SELL,off_session,neutral,range,neutral,secondary,structure_shift_confirmation,A+,unknown,weak,0.0,90.0,4790.43,4785.4,4780.0,4760.0,4740.0,5.030000000000655,10.430000000000291,30.43000000000029,50.43000000000029,2.07355864811112,6.0497017892636835,10.025844930416248,0.0,5.030000000000655,5.030000000000655,10.06000000000131,0.5,0.0,0.5,9.569999999999709,0.0,5.030000000000655,0.0,0.0,0.0,0.0,0,1,LOSS,5.03,SL_HIT,0,0
2026-04-17T12:00:00+00:00,XAUUSD,BUY,off_session,bullish,impulsive,bullish,primary,failed_retest_confirmation,A+,unknown,strong,0.0,95.0,4803.72,4778.15,4820.0,4840.0,4860.0,25.57000000000062,16.279999999999745,36.279999999999745,56.279999999999745,0.6366836136096735,1.4188502150957711,2.201016816581869,0.0,25.57000000000062,25.57000000000062,51.14000000000124,0.5,0.0,0.5,3.7200000000002547,0.0,25.57000000000062,0.0,0.0,0.0,1.0,1,0,BREAKEVEN_WIN,16.28,BREAKEVEN_WIN,1,1
2026-04-17T12:00:00+00:00,XAUUSD,BUY,off_session,bullish,impulsive,bullish,primary,failed_retest_confirmation,A+,unknown,strong,0.0,95.0,4803.72,4778.15,4820.0,4840.0,4860.0,25.57000000000062,16.279999999999745,36.279999999999745,56.279999999999745,0.6366836136096735,1.4188502150957711,2.201016816581869,0.0,25.57000000000062,25.57000000000062,51.14000000000124,0.5,0.0,0.5,3.7200000000002547,0.0,25.57000000000062,0.0,0.0,0.0,1.0,1,0,BREAKEVEN_WIN,16.28,BREAKEVEN_WIN,1,1
2026-04-17T13:00:00+00:00,XAUUSD,BUY,new_york,bullish,impulsive,bullish,primary,sweep_reclaim_confirmation,A+,unknown,strong,0.0,95.0,4883.17,4856.0,4900.0,4920.0,4940.0,27.170000000000073,16.829999999999927,36.82999999999993,56.82999999999993,0.6194331983805624,1.3555391976444544,2.0916451969083467,0.0,27.170000000000073,27.170000000000073,54.340000000000146,0.5,0.0,0.5,16.829999999999927,0.0,27.170000000000073,0.0,0.0,0.0,1.0,0,1,LOSS,-27.17,SL_HIT,0,0
2026-04-17T13:15:00+00:00,XAUUSD,SELL,new_york,bullish,impulsive,bullish,secondary,displacement_confirmation,A,unknown,weak,0.0,75.0,4851.12,4854.0,4840.0,4820.0,4800.0,2.880000000000109,11.11999999999989,31.11999999999989,51.11999999999989,3.861111111110927,10.805555555555108,17.74999999999929,0.0,2.880000000000109,2.880000000000109,5.760000000000218,0.5,0.0,0.5,1.1199999999998909,0.0,2.880000000000109,0.0,0.0,0.0,0.0,0,1,LOSS,-2.88,SL_HIT,0,0
2026-04-17T13:45:00+00:00,XAUUSD,BUY,off_session,bullish,range,bullish,primary,failed_retest_confirmation,A+,unknown,strong,0.0,95.0,4879.99,4846.0,4900.0,4920.0,4940.0,33.98999999999978,20.01000000000022,40.01000000000022,60.01000000000022,0.5887025595763562,1.1771109149750065,1.765519270373657,0.0,33.98999999999978,33.98999999999978,67.97999999999956,0.5,0.0,0.5,20.01000000000022,0.0,33.98999999999978,0.0,0.0,0.0,1.0,0,1,LOSS,-33.99,SL_HIT,0,0
2026-04-17T15:30:00+00:00,XAUUSD,SELL,new_york,bullish,impulsive,bullish,secondary,sweep_reclaim_confirmation,A+,unknown,weak,90.0,95.0,4858.85,4866.0,4840.0,4820.0,4800.0,7.2,18.8,38.8,58.8,2.64,5.43,8.23,0.0,7.2,7.2,14.4,0.5,0.0,0.5,8.850000000000364,0.0,1.1499999999996362,0.0,0.0,0.0,0.0,0,1,LOSS,-7.15,SL_HIT,0,0
2026-04-17T15:30:00+00:00,XAUUSD,SELL,new_york,bullish,impulsive,bullish,secondary,sweep_reclaim_confirmation,A+,unknown,weak,90.0,95.0,4858.85,4866.0,4840.0,4820.0,4800.0,7.2,18.8,38.8,58.8,2.64,5.43,8.23,0.0,7.2,7.2,14.4,0.5,0.0,0.5,8.850000000000364,0.0,1.1499999999996362,0.0,0.0,0.0,0.0,0,1,LOSS,-7.15,SL_HIT,0,0
2026-04-17T15:30:00+00:00,XAUUSD,SELL,new_york,bullish,impulsive,bullish,secondary,sweep_reclaim_confirmation,A+,unknown,weak,90.0,95.0,4858.85,4866.0,4840.0,4820.0,4800.0,7.2,18.8,38.8,58.8,2.64,5.43,8.23,0.0,7.2,7.2,14.4,0.5,0.0,0.5,8.850000000000364,0.0,1.1499999999996362,0.0,0.0,0.0,0.0,0,1,LOSS,-7.15,SL_HIT,0,0
2026-04-17T15:30:00+00:00,XAUUSD,SELL,new_york,bullish,impulsive,bullish,secondary,sweep_reclaim_confirmation,A+,unknown,weak,90.0,95.0,4858.85,4864.0,4840.0,4820.0,4800.0,5.149999999999636,18.850000000000364,38.850000000000364,58.850000000000364,3.6601941747576108,7.543689320388953,11.427184466020295,0.0,5.149999999999636,5.149999999999636,10.299999999999272,0.5,0.0,0.5,8.850000000000364,0.0,5.149999999999636,0.0,0.0,0.0,0.0,0,1,LOSS,-5.15,SL_HIT,0,0
2026-04-17T15:30:00+00:00,XAUUSD,SELL,new_york,bullish,impulsive,bullish,secondary,sweep_reclaim_confirmation,A+,unknown,weak,90.0,95.0,4858.85,4866.0,4840.0,4820.0,4800.0,7.2,18.8,38.8,58.8,2.64,5.43,8.23,0.0,7.2,7.2,14.4,0.5,0.0,0.5,8.850000000000364,0.0,1.1499999999996362,0.0,0.0,0.0,0.0,0,1,LOSS,-7.15,SL_HIT,0,0
2026-04-17T15:30:00+00:00,XAUUSD,SELL,new_york,bullish,impulsive,bullish,secondary,sweep_reclaim_confirmation,A+,unknown,weak,90.0,95.0,4858.85,4866.0,4840.0,4820.0,4800.0,7.2,18.8,38.8,58.8,2.64,5.43,8.23,0.0,7.2,7.2,14.4,0.5,0.0,0.5,8.850000000000364,0.0,1.1499999999996362,0.0,0.0,0.0,0.0,0,1,LOSS,-7.15,SL_HIT,0,0
2026-04-17T15:30:00+00:00,XAUUSD,SELL,new_york,bullish,impulsive,bullish,secondary,sweep_reclaim_confirmation,A+,unknown,weak,90.0,95.0,4858.85,4866.0,4840.0,4820.0,4800.0,7.2,18.8,38.8,58.8,2.64,5.43,8.23,0.0,7.2,7.2,14.4,0.5,0.0,0.5,8.850000000000364,0.0,1.1499999999996362,0.0,0.0,0.0,0.0,0,1,LOSS,-7.15,SL_HIT,0,0
2026-04-17T15:30:00+00:00,XAUUSD,SELL,new_york,bullish,impulsive,bullish,secondary,sweep_reclaim_confirmation,A+,unknown,weak,90.0,95.0,4858.85,4866.0,4840.0,4820.0,4800.0,7.2,18.8,38.8,58.8,2.64,5.43,8.23,0.0,7.2,7.2,14.4,0.5,0.0,0.5,8.850000000000364,0.0,1.1499999999996362,0.0,0.0,0.0,0.0,0,1,LOSS,-7.15,SL_HIT,0,0
2026-04-17T15:30:00+00:00,XAUUSD,SELL,new_york,bullish,impulsive,bullish,secondary,sweep_reclaim_confirmation,A+,unknown,weak,0.0,95.0,4858.85,4864.0,4840.0,4820.0,4800.0,5.149999999999636,18.850000000000364,38.850000000000364,58.850000000000364,3.6601941747576108,7.543689320388953,11.427184466020295,0.0,5.149999999999636,5.149999999999636,10.299999999999272,0.5,0.0,0.5,8.850000000000364,0.0,5.149999999999636,0.0,0.0,0.0,0.0,0,1,LOSS,-5.15,SL_HIT,0,0
2026-04-17T17:00:00+00:00,XAUUSD,SELL,off_session,bullish,range,bullish,secondary,structure_shift_confirmation,A+,unknown,weak,0.0,95.0,4862.56,4864.0,4850.0,4820.0,4800.0,1.4399999999995998,12.5600000000004,42.5600000000004,62.5600000000004,8.722222222224923,29.555555555564048,43.44444444445679,0.0,1.4399999999995998,1.4399999999995998,2.8799999999991996,0.5,0.0,0.5,12.5600000000004,0.0,1.4399999999995998,0.0,0.0,0.0,0.0,1,0,BREAKEVEN_WIN,12.56,BREAKEVEN_WIN,1,1
2026-04-17T17:00:00+00:00,XAUUSD,BUY,off_session,bullish,range,bullish,primary,break_retest_close_confirmation,A,unknown,strong,0.0,85.0,4862.56,4846.0,4873.49,4900.0,4920.0,16.5600000000004,10.929999999999382,37.4399999999996,57.4399999999996,0.6600241545893187,2.2608695652173125,3.468599033816317,0.0,16.5600000000004,16.5600000000004,33.1200000000008,0.5,0.0,0.5,12.5600000000004,0.0,16.5600000000004,0.0,0.0,0.0,1.0,0,1,LOSS,-16.56,SL_HIT,0,0
2026-04-17T18:30:00+00:00,XAUUSD,BUY,off_session,bullish,range,bullish,primary,engulfing_level_confirmation,A,unknown,strong,0.0,75.0,4862.11,4846.0,4873.49,4900.0,4920.0,16.109999999999673,11.38000000000011,37.89000000000033,57.89000000000033,0.7063935443823923,2.351955307262638,3.5934202358784297,0.0,16.109999999999673,16.109999999999673,32.219999999999345,0.5,0.0,0.5,12.109999999999673,0.0,16.109999999999673,0.0,0.0,0.0,1.0,0,1,LOSS,-16.11,SL_HIT,0,0
2026-04-17T20:00:00+00:00,XAUUSD,SELL,off_session,bullish,range,bullish,secondary,structure_shift_confirmation,A+,unknown,weak,0.0,90.0,4846.1,4844.0,4820.0,4800.0,4780.0,2.100000000000364,26.100000000000364,46.100000000000364,66.10000000000036,12.428571428569448,21.95238095237732,31.476190476185195,0.0,2.100000000000364,2.100000000000364,4.200000000000728,0.5,0.0,0.5,3.899999999999636,0.0,2.100000000000364,0.0,0.0,0.0,0.0,0,1,LOSS,2.1,SL_HIT,0,0
2026-04-19T22:00:00+00:00,XAUUSD,BUY,off_session,bearish,impulsive,bearish,secondary,displacement_confirmation,A,unknown,weak,0.0,85.0,4790.55,4816.0,4820.0,4840.0,4860.0,25.449999999999818,29.449999999999818,49.44999999999982,69.44999999999982,1.157170923379176,1.9430255402750558,2.7288801571709356,0.0,25.449999999999818,25.449999999999818,50.899999999999636,0.5,0.0,0.5,9.449999999999818,0.0,25.449999999999818,0.0,0.0,0.0,0.0,0,1,LOSS,25.45,SL_HIT,0,0
2026-04-20T00:15:00+00:00,XAUUSD,BUY,asia,bearish,impulsive,bearish,secondary,displacement_confirmation,A,unknown,weak,0.0,85.0,4765.19,4776.0,4780.0,4800.0,4820.0,10.8100000000004,14.8100000000004,34.8100000000004,54.8100000000004,1.3700277520813924,3.2201665124883543,5.070305272895316,0.0,10.8100000000004,10.8100000000004,21.6200000000008,0.5,0.0,0.5,15.1899999999996,0.0,10.8100000000004,0.0,0.0,0.0,0.0,0,1,LOSS,10.81,SL_HIT,0,0
2026-04-20T00:45:00+00:00,XAUUSD,BUY,asia,bearish,impulsive,bearish,secondary,structure_shift_confirmation,A+,unknown,weak,0.0,95.0,4772.35,4796.0,4800.0,4820.0,4840.0,23.649999999999636,27.649999999999636,47.649999999999636,67.64999999999964,1.169133192389009,2.0147991543340535,2.8604651162790984,0.0,23.649999999999636,23.649999999999636,47.29999999999927,0.5,0.0,0.5,22.350000000000364,0.0,23.649999999999636,0.0,0.0,0.0,0.0,0,1,LOSS,23.65,SL_HIT,0,0
2026-04-20T01:00:00+00:00,XAUUSD,BUY,asia,bearish,impulsive,bearish,secondary,structure_shift_confirmation,A+,unknown,weak,0.0,95.0,4793.51,4816.0,4820.0,4840.0,4860.0,22.48999999999978,26.48999999999978,46.48999999999978,66.48999999999978,1.177856825255671,2.0671409515340256,2.95642507781238,0.0,22.48999999999978,22.48999999999978,44.97999999999956,0.5,0.0,0.5,6.489999999999782,0.0,22.48999999999978,0.0,0.0,0.0,0.0,0,1,LOSS,22.49,SL_HIT,0,0
2026-04-20T07:00:00+00:00,XAUUSD,SELL,new_york,bearish,reversal_attempt,bearish,primary,break_retest_close_confirmation,A,unknown,strong,110.0,80.0,4797.15,4826.0,4760.0,4740.0,4720.0,28.8,37.2,57.2,77.2,1.29,1.98,2.67,1.0,28.8,28.8,57.6,0.5,0.0,0.5,2.850000000000364,17.149999999999636,22.850000000000364,0.0,0.0,0.0,1.0,0,0,EXPIRED_BEFORE_TP,0.0,EXPIRED,0,0
2026-04-20T07:00:00+00:00,XAUUSD,SELL,new_york,bearish,reversal_attempt,bearish,primary,break_retest_close_confirmation,A,unknown,strong,75.0,80.0,4797.15,4824.0,4780.0,4760.0,4740.0,26.850000000000364,17.149999999999636,37.149999999999636,57.149999999999636,0.6387337057727898,1.3836126629422396,2.1284916201116895,0.0,26.850000000000364,26.850000000000364,53.70000000000073,0.5,0.0,0.5,2.850000000000364,0.0,26.850000000000364,0.0,0.0,0.0,1.0,0,1,LOSS,-26.85,SL_HIT,0,0
2026-04-20T07:00:00+00:00,XAUUSD,SELL,new_york,bearish,reversal_attempt,bearish,primary,break_retest_close_confirmation,A,unknown,strong,0.0,80.0,4797.15,4824.0,4780.0,4760.0,4740.0,26.850000000000364,17.149999999999636,37.149999999999636,57.149999999999636,0.6387337057727898,1.3836126629422396,2.1284916201116895,0.0,26.850000000000364,26.850000000000364,53.70000000000073,0.5,0.0,0.5,2.850000000000364,0.0,26.850000000000364,0.0,0.0,0.0,1.0,0,1,LOSS,-26.85,SL_HIT,0,0
2026-04-20T07:15:00+00:00,XAUUSD,SELL,new_york,bearish,range,bearish,primary,break_retest_close_confirmation,A,unknown,strong,110.0,90.0,4797.77,4826.0,4760.0,4740.0,4720.0,28.2,37.8,57.8,77.8,1.34,2.05,2.76,1.0,28.2,28.2,56.4,0.5,0.0,0.5,2.2299999999995634,17.770000000000437,22.229999999999563,0.0,0.0,0.0,1.0,0,0,EXPIRED_BEFORE_TP,0.0,EXPIRED,0,0
2026-04-20T07:15:00+00:00,XAUUSD,SELL,new_york,bearish,range,bearish,primary,break_retest_close_confirmation,A,unknown,strong,110.0,90.0,4797.77,4826.0,4760.0,4740.0,4720.0,28.2,37.8,57.8,77.8,1.34,2.05,2.76,1.0,28.2,28.2,56.4,0.5,0.0,0.5,2.2299999999995634,17.770000000000437,22.229999999999563,0.0,0.0,0.0,1.0,0,0,EXPIRED_BEFORE_TP,0.0,EXPIRED,0,0
2026-04-20T07:15:00+00:00,XAUUSD,SELL,new_york,bearish,range,bearish,primary,break_retest_close_confirmation,A,unknown,strong,115.0,90.0,4797.77,4826.0,4760.0,4740.0,4720.0,28.2,37.8,57.8,77.8,1.34,2.05,2.76,1.0,28.2,28.2,56.4,0.5,0.0,0.5,2.2299999999995634,17.770000000000437,22.229999999999563,0.0,0.0,0.0,1.0,0,0,EXPIRED_BEFORE_TP,0.0,EXPIRED,0,0
2026-04-20T07:15:00+00:00,XAUUSD,SELL,new_york,bearish,range,bearish,primary,break_retest_close_confirmation,A,unknown,strong,110.0,90.0,4797.77,4826.0,4760.0,4740.0,4720.0,28.2,37.8,57.8,77.8,1.34,2.05,2.76,1.0,28.2,28.2,56.4,0.5,0.0,0.5,2.2299999999995634,17.770000000000437,22.229999999999563,0.0,0.0,0.0,1.0,0,0,EXPIRED_BEFORE_TP,0.0,EXPIRED,0,0
2026-04-20T07:15:00+00:00,XAUUSD,SELL,new_york,bearish,range,bearish,primary,break_retest_close_confirmation,A,unknown,strong,110.0,90.0,4797.77,4826.0,4760.0,4740.0,4720.0,28.2,37.8,57.8,77.8,1.34,2.05,2.76,1.0,28.2,28.2,56.4,0.5,0.0,0.5,2.2299999999995634,17.770000000000437,22.229999999999563,0.0,0.0,0.0,1.0,0,0,EXPIRED_BEFORE_TP,0.0,EXPIRED,0,0
2026-04-20T07:15:00+00:00,XAUUSD,SELL,new_york,bearish,range,bearish,primary,break_retest_close_confirmation,A,unknown,strong,115.0,90.0,4797.77,4826.0,4760.0,4740.0,4720.0,28.2,37.8,57.8,77.8,1.34,2.05,2.76,1.0,28.2,28.2,56.4,0.5,0.0,0.5,2.2299999999995634,17.770000000000437,22.229999999999563,0.0,0.0,0.0,1.0,0,0,EXPIRED_BEFORE_TP,0.0,EXPIRED,0,0
2026-04-20T07:15:00+00:00,XAUUSD,SELL,new_york,bearish,range,bearish,primary,break_retest_close_confirmation,A,unknown,strong,110.0,90.0,4797.77,4826.0,4760.0,4740.0,4720.0,28.2,37.8,57.8,77.8,1.34,2.05,2.76,1.0,28.2,28.2,56.4,0.5,0.0,0.5,2.2299999999995634,17.770000000000437,22.229999999999563,0.0,0.0,0.0,1.0,0,0,EXPIRED_BEFORE_TP,0.0,EXPIRED,0,0
2026-04-20T09:15:00+00:00,XAUUSD,SELL,london,bullish,reversal_attempt,bullish,secondary,displacement_confirmation,A,unknown,weak,0.0,70.0,4792.39,4787.23,4780.0,4760.0,4740.0,5.160000000000764,12.390000000000327,32.39000000000033,52.39000000000033,2.4011627906973825,6.2771317829448705,10.153100775192359,0.0,5.160000000000764,5.160000000000764,10.320000000001528,0.5,0.0,0.5,7.609999999999673,0.0,5.160000000000764,0.0,0.0,0.0,0.0,0,1,LOSS,5.16,SL_HIT,0,0
2026-04-20T11:00:00+00:00,XAUUSD,SELL,off_session,bullish,impulsive,bullish,secondary,structure_shift_confirmation,A+,unknown,weak,0.0,95.0,4789.63,4787.23,4760.0,4740.0,4720.0,2.4000000000005457,29.63000000000011,49.63000000000011,69.63000000000011,12.345833333330571,20.67916666666201,29.012499999993448,0.0,2.4000000000005457,2.4000000000005457,4.800000000001091,0.5,0.0,0.5,10.36999999999989,0.0,2.4000000000005457,0.0,0.0,0.0,0.0,0,1,LOSS,2.4,SL_HIT,0,0
2026-04-20T11:45:00+00:00,XAUUSD,BUY,off_session,neutral,range,neutral,primary,structure_shift_confirmation,A+,unknown,weak,0.0,95.0,4810.29,4779.23,4840.0,4860.0,4880.0,31.0600000000004,29.710000000000036,49.710000000000036,69.71000000000004,0.9565357372826675,1.6004507405022343,2.2443657437218008,0.0,31.0600000000004,31.0600000000004,62.1200000000008,0.5,0.0,0.5,10.289999999999964,0.0,31.0600000000004,0.0,0.0,0.0,0.0,0,0,EXPIRED,0.0,EXPIRED,0,0
2026-04-20T12:00:00+00:00,XAUUSD,BUY,off_session,bearish,reversal_attempt,bearish,secondary,structure_shift_confirmation,A+,unknown,weak,0.0,90.0,4810.97,4818.05,4822.05,4850.0,4880.0,7.079999999999927,11.079999999999927,39.029999999999745,69.02999999999975,1.5649717514124353,5.512711864406801,9.750000000000064,0.0,7.079999999999927,7.079999999999927,14.159999999999854,0.5,0.0,0.5,10.970000000000255,0.0,7.079999999999927,0.0,0.0,0.0,0.0,0,1,LOSS,7.08,SL_HIT,0,0
2026-04-20T12:15:00+00:00,XAUUSD,SELL,off_session,neutral,range,neutral,primary,failed_retest_confirmation,A+,unknown,weak,80.0,80.0,4805.56,4828.05,4780.0,4760.0,4740.0,22.5,25.6,45.6,65.6,1.14,2.03,2.91,0.0,22.5,22.5,45.0,0.5,0.0,0.5,5.5600000000004,0.0,16.48999999999978,0.0,0.0,0.0,0.0,0,0,EXPIRED_BEFORE_TP,0.0,EXPIRED,0,0
2026-04-20T12:15:00+00:00,XAUUSD,SELL,off_session,neutral,range,neutral,primary,failed_retest_confirmation,A+,unknown,weak,0.0,80.0,4805.56,4826.05,4780.0,4760.0,4740.0,20.48999999999978,25.5600000000004,45.5600000000004,65.5600000000004,1.247437774524191,2.2235236700830106,3.19960956564183,0.0,20.48999999999978,20.48999999999978,40.97999999999956,0.5,0.0,0.5,5.5600000000004,0.0,20.48999999999978,0.0,0.0,0.0,0.0,0,0,EXPIRED,0.0,EXPIRED,0,0
2026-04-20T12:15:00+00:00,XAUUSD,SELL,off_session,neutral,range,neutral,primary,failed_retest_confirmation,A+,unknown,weak,80.0,80.0,4805.56,4828.05,4780.0,4760.0,4740.0,22.5,25.6,45.6,65.6,1.14,2.03,2.91,0.0,22.5,22.5,45.0,0.5,0.0,0.5,5.5600000000004,0.0,16.48999999999978,0.0,0.0,0.0,0.0,0,0,EXPIRED_BEFORE_TP,0.0,EXPIRED,0,0
2026-04-20T12:15:00+00:00,XAUUSD,SELL,off_session,neutral,range,neutral,primary,failed_retest_confirmation,A+,unknown,weak,80.0,80.0,4805.56,4828.05,4780.0,4760.0,4740.0,22.5,25.6,45.6,65.6,1.14,2.03,2.91,0.0,22.5,22.5,45.0,0.5,0.0,0.5,5.5600000000004,0.0,16.48999999999978,0.0,0.0,0.0,0.0,0,0,EXPIRED_BEFORE_TP,0.0,EXPIRED,0,0
2026-04-20T12:15:00+00:00,XAUUSD,SELL,off_session,neutral,range,neutral,primary,failed_retest_confirmation,A+,unknown,weak,80.0,80.0,4805.56,4828.05,4780.0,4760.0,4740.0,22.5,25.6,45.6,65.6,1.14,2.03,2.91,0.0,22.5,22.5,45.0,0.5,0.0,0.5,5.5600000000004,0.0,16.48999999999978,0.0,0.0,0.0,0.0,0,0,EXPIRED_BEFORE_TP,0.0,EXPIRED,0,0
2026-04-20T12:15:00+00:00,XAUUSD,SELL,off_session,neutral,range,neutral,primary,failed_retest_confirmation,A+,unknown,weak,80.0,80.0,4805.56,4828.05,4780.0,4760.0,4740.0,22.5,25.6,45.6,65.6,1.14,2.03,2.91,0.0,22.5,22.5,45.0,0.5,0.0,0.5,5.5600000000004,0.0,16.48999999999978,0.0,0.0,0.0,0.0,0,0,EXPIRED_BEFORE_TP,0.0,EXPIRED,0,0
2026-04-20T12:15:00+00:00,XAUUSD,SELL,off_session,neutral,range,neutral,primary,failed_retest_confirmation,A+,unknown,weak,80.0,80.0,4805.56,4828.05,4780.0,4760.0,4740.0,22.5,25.6,45.6,65.6,1.14,2.03,2.91,0.0,22.5,22.5,45.0,0.5,0.0,0.5,5.5600000000004,0.0,16.48999999999978,0.0,0.0,0.0,0.0,0,0,EXPIRED_BEFORE_TP,0.0,EXPIRED,0,0
2026-04-20T12:15:00+00:00,XAUUSD,SELL,off_session,neutral,range,neutral,primary,failed_retest_confirmation,A+,unknown,weak,80.0,80.0,4805.56,4826.05,4780.0,4760.0,4740.0,20.48999999999978,25.5600000000004,45.5600000000004,65.5600000000004,1.247437774524191,2.2235236700830106,3.19960956564183,0.0,20.48999999999978,20.48999999999978,40.97999999999956,0.5,0.0,0.5,5.5600000000004,0.0,20.48999999999978,0.0,0.0,0.0,0.0,0,0,EXPIRED,0.0,EXPIRED,0,0
2026-04-20T12:15:00+00:00,XAUUSD,SELL,off_session,neutral,range,neutral,primary,failed_retest_confirmation,A+,unknown,weak,80.0,80.0,4805.56,4828.05,4780.0,4760.0,4740.0,22.5,25.6,45.6,65.6,1.14,2.03,2.91,0.0,22.5,22.5,45.0,0.5,0.0,0.5,5.5600000000004,0.0,16.48999999999978,0.0,0.0,0.0,0.0,0,0,EXPIRED_BEFORE_TP,0.0,EXPIRED,0,0
2026-04-20T12:15:00+00:00,XAUUSD,SELL,off_session,neutral,range,neutral,primary,failed_retest_confirmation,A+,unknown,weak,0.0,80.0,4805.56,4826.05,4780.0,4760.0,4740.0,20.48999999999978,25.5600000000004,45.5600000000004,65.5600000000004,1.247437774524191,2.2235236700830106,3.19960956564183,0.0,20.48999999999978,20.48999999999978,40.97999999999956,0.5,0.0,0.5,5.5600000000004,0.0,20.48999999999978,0.0,0.0,0.0,0.0,0,0,EXPIRED,0.0,EXPIRED,0,0
2026-04-20T12:15:00+00:00,XAUUSD,SELL,off_session,neutral,range,neutral,primary,failed_retest_confirmation,A+,unknown,weak,80.0,80.0,4805.56,4828.05,4780.0,4760.0,4740.0,22.5,25.6,45.6,65.6,1.14,2.03,2.91,0.0,22.5,22.5,45.0,0.5,0.0,0.5,5.5600000000004,0.0,16.48999999999978,0.0,0.0,0.0,0.0,0,0,EXPIRED_BEFORE_TP,0.0,EXPIRED,0,0
2026-04-20T13:00:00+00:00,XAUUSD,BUY,new_york,bearish,reversal_attempt,bearish,secondary,displacement_confirmation,A,unknown,weak,0.0,70.0,4815.47,4818.05,4826.38,4850.0,4880.0,2.5799999999999272,10.909999999999854,34.529999999999745,64.52999999999975,4.228682170542698,13.383720930232837,25.011627906977353,0.0,2.5799999999999272,2.5799999999999272,5.1599999999998545,0.5,0.0,0.5,15.470000000000255,0.0,2.5799999999999272,0.0,0.0,0.0,0.0,0,1,LOSS,2.58,SL_HIT,0,0
2026-04-20T13:15:00+00:00,XAUUSD,BUY,new_york,bearish,reversal_attempt,bearish,secondary,sweep_reclaim_confirmation,A+,unknown,weak,0.0,80.0,4824.1,4818.05,4840.0,4860.0,4880.0,6.050000000000182,15.899999999999636,35.899999999999636,55.899999999999636,2.6280991735535797,5.9338842975204225,9.239669421487266,0.0,6.050000000000182,6.050000000000182,12.100000000000364,0.5,0.0,0.5,24.100000000000364,0.0,6.050000000000182,0.0,0.0,0.0,0.0,0,1,LOSS,-6.05,SL_HIT,0,0
2026-04-20T14:15:00+00:00,XAUUSD,BUY,new_york,bearish,reversal_attempt,bearish,secondary,sweep_reclaim_confirmation,A+,unknown,weak,0.0,90.0,4823.19,4818.05,4840.0,4860.0,4880.0,5.139999999999418,16.8100000000004,36.8100000000004,56.8100000000004,3.2704280155646503,7.161478599222678,11.052529182880708,0.0,5.139999999999418,5.139999999999418,10.279999999998836,0.5,0.0,0.5,23.1899999999996,0.0,5.139999999999418,0.0,0.0,0.0,0.0,0,1,LOSS,-5.14,SL_HIT,0,0
2026-04-20T14:30:00+00:00,XAUUSD,SELL,new_york,bearish,range,bearish,primary,sweep_reclaim_confirmation,A+,unknown,strong,0.0,80.0,4814.24,4826.05,4800.0,4780.0,4760.0,11.8100000000004,14.239999999999782,34.23999999999978,54.23999999999978,1.2057578323454106,2.899237933954159,4.592718035562908,0.0,11.8100000000004,11.8100000000004,23.6200000000008,0.5,0.0,0.5,14.239999999999782,0.0,11.8100000000004,0.0,0.0,0.0,1.0,1,0,BREAKEVEN_WIN,14.24,BREAKEVEN_WIN,1,1
2026-04-20T15:00:00+00:00,XAUUSD,SELL,off_session,neutral,range,neutral,primary,failed_retest_confirmation,A+,unknown,weak,0.0,80.0,4798.16,4818.36,4780.0,4760.0,4740.0,20.199999999999818,18.159999999999854,38.159999999999854,58.159999999999854,0.8990099009900999,1.889108910891099,2.8792079207920978,0.0,20.199999999999818,20.199999999999818,40.399999999999636,0.5,0.0,0.5,1.8400000000001455,0.0,20.199999999999818,0.0,0.0,0.0,0.0,0,1,LOSS,-20.2,SL_HIT,0,0
2026-04-21T00:00:00+00:00,XAUUSD,SELL,asia,bearish,impulsive,bearish,primary,break_retest_close_confirmation,A,unknown,strong,95.0,85.0,4828.62,4837.9,4800.0,4780.0,4760.0,9.3,28.6,48.6,68.6,3.09,5.24,7.4,0.0,9.3,9.3,18.6,0.5,0.0,0.5,21.38000000000011,0.0,3.2799999999997453,0.0,0.0,0.0,1.0,1,0,WIN,48.62,TP1_OR_BETTER,1,1
2026-04-21T00:00:00+00:00,XAUUSD,SELL,asia,bearish,impulsive,bearish,primary,break_retest_close_confirmation,A,unknown,strong,90.0,85.0,4828.62,4837.9,4800.0,4780.0,4760.0,9.3,28.6,48.6,68.6,3.09,5.24,7.4,0.0,9.3,9.3,18.6,0.5,0.0,0.5,21.38000000000011,0.0,3.2799999999997453,0.0,0.0,0.0,1.0,1,0,WIN,48.62,TP1_OR_BETTER,1,1
2026-04-21T00:00:00+00:00,XAUUSD,SELL,asia,bearish,impulsive,bearish,primary,break_retest_close_confirmation,A,unknown,strong,95.0,85.0,4828.62,4837.9,4800.0,4780.0,4760.0,9.3,28.6,48.6,68.6,3.09,5.24,7.4,0.0,9.3,9.3,18.6,0.5,0.0,0.5,21.38000000000011,0.0,3.2799999999997453,0.0,0.0,0.0,1.0,1,0,WIN,48.62,TP1_OR_BETTER,1,1
2026-04-21T00:00:00+00:00,XAUUSD,SELL,asia,neutral,range,neutral,primary,break_retest_close_confirmation,A,unknown,weak,0.0,85.0,4828.62,4835.9,4800.0,4780.0,4760.0,7.279999999999745,28.61999999999989,48.61999999999989,68.61999999999989,3.9313186813188037,6.678571428571647,9.425824175824491,0.0,7.279999999999745,7.279999999999745,14.55999999999949,0.5,0.0,0.5,21.38000000000011,0.0,7.279999999999745,0.0,0.0,0.0,0.0,1,0,BREAKEVEN_WIN,28.62,BREAKEVEN_WIN,1,1
2026-04-21T00:00:00+00:00,XAUUSD,SELL,asia,bearish,impulsive,bearish,primary,break_retest_close_confirmation,A,unknown,strong,90.0,85.0,4828.62,4837.9,4800.0,4780.0,4760.0,9.3,28.6,48.6,68.6,3.09,5.24,7.4,0.0,9.3,9.3,18.6,0.5,0.0,0.5,21.38000000000011,0.0,3.2799999999997453,0.0,0.0,0.0,1.0,1,0,WIN,48.62,TP1_OR_BETTER,1,1
2026-04-21T00:00:00+00:00,XAUUSD,SELL,asia,bearish,impulsive,bearish,primary,break_retest_close_confirmation,A,unknown,strong,90.0,85.0,4828.62,4837.9,4800.0,4780.0,4760.0,9.3,28.6,48.6,68.6,3.09,5.24,7.4,0.0,9.3,9.3,18.6,0.5,0.0,0.5,21.38000000000011,0.0,3.2799999999997453,0.0,0.0,0.0,1.0,1,0,WIN,48.62,TP1_OR_BETTER,1,1
2026-04-21T00:00:00+00:00,XAUUSD,SELL,asia,neutral,range,neutral,primary,break_retest_close_confirmation,A,unknown,weak,0.0,85.0,4828.62,4835.9,4800.0,4780.0,4760.0,7.279999999999745,28.61999999999989,48.61999999999989,68.61999999999989,3.9313186813188037,6.678571428571647,9.425824175824491,0.0,7.279999999999745,7.279999999999745,14.55999999999949,0.5,0.0,0.5,21.38000000000011,0.0,7.279999999999745,0.0,0.0,0.0,0.0,1,0,BREAKEVEN_WIN,28.62,BREAKEVEN_WIN,1,1
2026-04-21T00:00:00+00:00,XAUUSD,BUY,asia,neutral,range,neutral,secondary,structure_shift_confirmation,A+,unknown,weak,0.0,95.0,4828.62,4827.9,4840.0,4860.0,4880.0,0.7200000000002547,11.38000000000011,31.38000000000011,51.38000000000011,15.805555555550116,43.58333333331807,71.36111111108602,0.0,0.7200000000002547,0.7200000000002547,1.4400000000005093,0.5,0.0,0.5,21.38000000000011,0.0,0.7200000000002547,0.0,0.0,0.0,0.0,0,1,LOSS,-0.72,SL_HIT,0,0
2026-04-21T00:00:00+00:00,XAUUSD,SELL,asia,bearish,impulsive,bearish,primary,break_retest_close_confirmation,A,unknown,strong,95.0,85.0,4828.62,4837.9,4800.0,4780.0,4760.0,9.3,28.6,48.6,68.6,3.09,5.24,7.4,0.0,9.3,9.3,18.6,0.5,0.0,0.5,21.38000000000011,0.0,3.2799999999997453,0.0,0.0,0.0,1.0,1,0,WIN,48.62,TP1_OR_BETTER,1,1
2026-04-21T00:00:00+00:00,XAUUSD,SELL,asia,neutral,range,neutral,primary,break_retest_close_confirmation,A,unknown,weak,90.0,85.0,4828.62,4835.9,4800.0,4780.0,4760.0,7.279999999999745,28.61999999999989,48.61999999999989,68.61999999999989,3.9313186813188037,6.678571428571647,9.425824175824491,0.0,7.279999999999745,7.279999999999745,14.55999999999949,0.5,0.0,0.5,21.38000000000011,0.0,7.279999999999745,0.0,0.0,0.0,0.0,1,0,BREAKEVEN_WIN,28.62,BREAKEVEN_WIN,1,1
2026-04-21T00:00:00+00:00,XAUUSD,SELL,asia,bearish,impulsive,bearish,primary,break_retest_close_confirmation,A,unknown,strong,95.0,85.0,4828.62,4837.9,4800.0,4780.0,4760.0,9.3,28.6,48.6,68.6,3.09,5.24,7.4,0.0,9.3,9.3,18.6,0.5,0.0,0.5,21.38000000000011,0.0,3.2799999999997453,0.0,0.0,0.0,1.0,1,0,WIN,48.62,TP1_OR_BETTER,1,1
2026-04-21T00:00:00+00:00,XAUUSD,SELL,asia,bearish,impulsive,bearish,primary,break_retest_close_confirmation,A,unknown,strong,90.0,85.0,4828.62,4837.9,4800.0,4780.0,4760.0,9.3,28.6,48.6,68.6,3.09,5.24,7.4,0.0,9.3,9.3,18.6,0.5,0.0,0.5,21.38000000000011,0.0,3.2799999999997453,0.0,0.0,0.0,1.0,1,0,WIN,48.62,TP1_OR_BETTER,1,1
2026-04-21T01:00:00+00:00,XAUUSD,SELL,asia,neutral,range,neutral,primary,sweep_reclaim_confirmation,A+,unknown,weak,0.0,90.0,4814.9,4828.39,4800.0,4780.0,4760.0,13.490000000000691,14.899999999999636,34.899999999999636,54.899999999999636,1.1045218680503242,2.5871015567085136,4.069681245366703,0.0,13.490000000000691,13.490000000000691,26.980000000001382,0.5,0.0,0.5,14.899999999999636,0.0,13.490000000000691,0.0,0.0,0.0,0.0,1,0,BREAKEVEN_WIN,14.9,BREAKEVEN_WIN,1,1
2026-04-21T01:00:00+00:00,XAUUSD,SELL,asia,neutral,range,neutral,primary,sweep_reclaim_confirmation,A+,unknown,weak,0.0,90.0,4814.9,4828.39,4800.0,4780.0,4760.0,13.490000000000691,14.899999999999636,34.899999999999636,54.899999999999636,1.1045218680503242,2.5871015567085136,4.069681245366703,0.0,13.490000000000691,13.490000000000691,26.980000000001382,0.5,0.0,0.5,14.899999999999636,0.0,13.490000000000691,0.0,0.0,0.0,0.0,1,0,BREAKEVEN_WIN,14.9,BREAKEVEN_WIN,1,1
2026-04-21T05:30:00+00:00,XAUUSD,BUY,asia,bearish,impulsive,bearish,secondary,structure_shift_confirmation,A+,unknown,weak,0.0,95.0,4796.11,4816.0,4820.0,4840.0,4860.0,19.890000000000327,23.890000000000327,43.89000000000033,63.89000000000033,1.2011060834590213,2.206636500754128,3.2121669180492347,0.0,19.890000000000327,19.890000000000327,39.780000000000655,0.5,0.0,0.5,3.8900000000003274,0.0,19.890000000000327,0.0,0.0,0.0,0.0,0,1,LOSS,19.89,SL_HIT,0,0
2026-04-21T08:15:00+00:00,XAUUSD,BUY,london,neutral,range,neutral,secondary,displacement_confirmation,A,unknown,weak,0.0,80.0,4787.02,4796.0,4800.0,4820.0,4840.0,8.979999999999563,12.979999999999563,32.97999999999956,52.97999999999956,1.4454342984410016,3.6726057906460094,5.8997772828510175,0.0,8.979999999999563,8.979999999999563,17.959999999999127,0.5,0.0,0.5,12.979999999999563,0.0,8.979999999999563,0.0,0.0,0.0,0.0,0,1,LOSS,8.98,SL_HIT,0,0
2026-04-21T10:45:00+00:00,XAUUSD,BUY,off_session,neutral,range,neutral,secondary,structure_shift_confirmation,A+,unknown,weak,0.0,95.0,4789.5,4816.0,4800.0,4820.0,4840.0,26.5,10.5,30.5,50.5,0.39622641509433965,1.150943396226415,1.9056603773584906,0.0,26.5,26.5,53.0,0.5,0.0,0.5,10.5,0.0,26.5,0.0,0.0,0.0,0.0,0,1,LOSS,26.5,SL_HIT,0,0
2026-04-21T11:30:00+00:00,XAUUSD,BUY,off_session,neutral,range,neutral,secondary,structure_shift_confirmation,A+,unknown,weak,0.0,95.0,4793.04,4816.0,4820.0,4840.0,4860.0,22.960000000000036,26.960000000000036,46.960000000000036,66.96000000000004,1.1742160278745641,2.0452961672473853,2.916376306620206,0.0,22.960000000000036,22.960000000000036,45.92000000000007,0.5,0.0,0.5,6.960000000000036,0.0,22.960000000000036,0.0,0.0,0.0,0.0,0,1,LOSS,22.96,SL_HIT,0,0
2026-04-21T12:00:00+00:00,XAUUSD,SELL,off_session,bearish,impulsive,bearish,primary,engulfing_level_confirmation,A,unknown,strong,80.0,85.0,4791.26,4826.0,4750.0,4720.0,4700.0,34.7,41.3,71.3,91.3,1.19,2.05,2.63,1.0,34.7,34.7,69.4,0.5,0.0,0.5,8.739999999999782,18.590000000000146,28.73999999999978,0.0,0.0,0.0,1.0,1,0,WIN,71.26,TP1_OR_BETTER,1,1
2026-04-21T12:00:00+00:00,XAUUSD,SELL,off_session,bearish,impulsive,bearish,primary,engulfing_level_confirmation,A,unknown,strong,45.0,85.0,4791.26,4824.0,4780.0,4760.0,4740.0,32.73999999999978,11.260000000000218,31.26000000000022,51.26000000000022,0.3439218081857145,0.9547953573610393,1.565668906536364,0.0,32.73999999999978,32.73999999999978,65.47999999999956,0.5,0.0,0.5,8.739999999999782,0.0,32.73999999999978,0.0,0.0,0.0,1.0,1,0,BREAKEVEN_WIN,11.26,BREAKEVEN_WIN,1,1
2026-04-21T13:45:00+00:00,XAUUSD,SELL,new_york,bearish,impulsive,bearish,primary,failed_retest_confirmation,A+,unknown,strong,0.0,90.0,4779.14,4804.0,4760.34,4740.0,4720.0,24.859999999999673,18.800000000000182,39.14000000000033,59.14000000000033,0.7562349155269682,1.574416733708803,2.378921962992804,0.0,24.859999999999673,24.859999999999673,49.719999999999345,0.5,0.0,0.5,20.859999999999673,0.0,24.859999999999673,0.0,0.0,0.0,1.0,1,0,BREAKEVEN_WIN,18.8,BREAKEVEN_WIN,1,1
2026-04-21T13:45:00+00:00,XAUUSD,SELL,new_york,bearish,impulsive,bearish,primary,failed_retest_confirmation,A+,unknown,strong,0.0,90.0,4779.14,4804.0,4760.34,4740.0,4720.0,24.859999999999673,18.800000000000182,39.14000000000033,59.14000000000033,0.7562349155269682,1.574416733708803,2.378921962992804,0.0,24.859999999999673,24.859999999999673,49.719999999999345,0.5,0.0,0.5,20.859999999999673,0.0,24.859999999999673,0.0,0.0,0.0,1.0,1,0,BREAKEVEN_WIN,18.8,BREAKEVEN_WIN,1,1
2026-04-21T14:30:00+00:00,XAUUSD,SELL,off_session,bearish,impulsive,bearish,primary,sweep_reclaim_confirmation,A+,unknown,strong,110.0,85.0,4745.16,4766.0,4723.33,4700.0,4680.0,20.8,21.8,45.2,65.2,1.05,2.17,3.13,0.0,20.8,20.8,41.6,0.5,0.0,0.5,4.8400000000001455,0.0,14.840000000000146,0.0,0.0,0.0,1.0,1,0,WIN,45.16,TP1_OR_BETTER,1,1
2026-04-21T14:30:00+00:00,XAUUSD,SELL,off_session,bearish,impulsive,bearish,primary,sweep_reclaim_confirmation,A+,unknown,strong,110.0,85.0,4745.16,4766.0,4723.33,4700.0,4680.0,20.8,21.8,45.2,65.2,1.05,2.17,3.13,0.0,20.8,20.8,41.6,0.5,0.0,0.5,4.8400000000001455,0.0,14.840000000000146,0.0,0.0,0.0,1.0,1,0,WIN,45.16,TP1_OR_BETTER,1,1
2026-04-21T14:30:00+00:00,XAUUSD,SELL,off_session,bearish,impulsive,bearish,primary,sweep_reclaim_confirmation,A+,unknown,strong,110.0,85.0,4745.16,4766.0,4723.33,4700.0,4680.0,20.8,21.8,45.2,65.2,1.05,2.17,3.13,0.0,20.8,20.8,41.6,0.5,0.0,0.5,4.8400000000001455,0.0,14.840000000000146,0.0,0.0,0.0,1.0,1,0,WIN,45.16,TP1_OR_BETTER,1,1
2026-04-21T14:30:00+00:00,XAUUSD,SELL,off_session,bearish,impulsive,bearish,primary,sweep_reclaim_confirmation,A+,unknown,strong,110.0,85.0,4745.16,4766.0,4723.33,4700.0,4680.0,20.8,21.8,45.2,65.2,1.05,2.17,3.13,0.0,20.8,20.8,41.6,0.5,0.0,0.5,4.8400000000001455,0.0,14.840000000000146,0.0,0.0,0.0,1.0,1,0,WIN,45.16,TP1_OR_BETTER,1,1
2026-04-21T14:30:00+00:00,XAUUSD,SELL,off_session,bearish,impulsive,bearish,primary,sweep_reclaim_confirmation,A+,unknown,strong,110.0,95.0,4745.16,4766.0,4723.33,4700.0,4680.0,20.8,21.8,45.2,65.2,1.05,2.17,3.13,0.0,20.8,20.8,41.6,0.5,0.0,0.5,4.8400000000001455,0.0,14.840000000000146,0.0,0.0,0.0,1.0,1,0,WIN,45.16,TP1_OR_BETTER,1,1
2026-04-21T14:30:00+00:00,XAUUSD,SELL,off_session,bearish,impulsive,bearish,primary,sweep_reclaim_confirmation,A+,unknown,strong,0.0,85.0,4745.16,4764.0,4723.33,4700.0,4680.0,18.840000000000146,21.829999999999927,45.159999999999854,65.15999999999985,1.1587048832271634,2.397027600849231,3.4585987261146154,0.0,18.840000000000146,18.840000000000146,37.68000000000029,0.5,0.0,0.5,4.8400000000001455,0.0,18.840000000000146,0.0,0.0,0.0,1.0,1,0,BREAKEVEN_WIN,21.83,BREAKEVEN_WIN,1,1
2026-04-21T14:30:00+00:00,XAUUSD,SELL,off_session,bearish,impulsive,bearish,primary,sweep_reclaim_confirmation,A+,unknown,strong,110.0,85.0,4745.16,4766.0,4723.33,4700.0,4680.0,20.8,21.8,45.2,65.2,1.05,2.17,3.13,0.0,20.8,20.8,41.6,0.5,0.0,0.5,4.8400000000001455,0.0,14.840000000000146,0.0,0.0,0.0,1.0,1,0,WIN,45.16,TP1_OR_BETTER,1,1
2026-04-21T14:30:00+00:00,XAUUSD,SELL,off_session,bearish,impulsive,bearish,primary,sweep_reclaim_confirmation,A+,unknown,strong,110.0,85.0,4745.16,4766.0,4723.33,4700.0,4680.0,20.8,21.8,45.2,65.2,1.05,2.17,3.13,0.0,20.8,20.8,41.6,0.5,0.0,0.5,4.8400000000001455,0.0,14.840000000000146,0.0,0.0,0.0,1.0,1,0,WIN,45.16,TP1_OR_BETTER,1,1
2026-04-21T15:00:00+00:00,XAUUSD,SELL,off_session,bearish,impulsive,bearish,primary,break_retest_close_confirmation,A,unknown,strong,0.0,85.0,4747.94,4764.0,4727.8,4700.0,4680.0,16.0600000000004,20.139999999999418,47.9399999999996,67.9399999999996,1.2540473225404056,2.9850560398504613,4.23038605230373,0.0,16.0600000000004,16.0600000000004,32.1200000000008,0.5,0.0,0.5,2.0600000000004,0.0,16.0600000000004,0.0,0.0,0.0,1.0,1,0,BREAKEVEN_WIN,20.14,BREAKEVEN_WIN,1,1
2026-04-21T16:00:00+00:00,XAUUSD,SELL,off_session,bearish,impulsive,bearish,primary,structure_shift_confirmation,A+,unknown,strong,0.0,95.0,4730.28,4754.0,4720.0,4700.0,4680.0,23.720000000000255,10.279999999999745,30.279999999999745,50.279999999999745,0.4333895446880116,1.2765598650927243,2.119730185497437,0.0,23.720000000000255,23.720000000000255,47.44000000000051,0.5,0.0,0.5,19.720000000000255,0.0,23.720000000000255,0.0,0.0,0.0,1.0,1,0,BREAKEVEN_WIN,10.28,BREAKEVEN_WIN,1,1
2026-04-21T19:30:00+00:00,XAUUSD,SELL,off_session,bearish,impulsive,bearish,primary,sweep_reclaim_confirmation,A+,unknown,strong,95.0,95.0,4671.41,4704.0,4660.0,4640.0,4620.0,32.590000000000146,11.409999999999854,31.409999999999854,51.409999999999854,0.35010739490640697,0.9637925744093192,1.5774777539122316,0.0,32.590000000000146,32.590000000000146,65.18000000000029,0.94,0.0,0.94,21.409999999999854,0.0,32.590000000000146,0.0,0.0,0.0,1.0,0,1,LOSS,-32.59,SL_HIT,0,0
2026-04-22T00:00:00+00:00,XAUUSD,BUY,asia,bearish,range,bearish,secondary,structure_shift_confirmation,A+,unknown,weak,0.0,90.0,4742.95,4756.0,4760.0,4780.0,4800.0,13.050000000000182,17.050000000000182,37.05000000000018,57.05000000000018,1.3065134099616815,2.839080459770089,4.371647509578497,0.0,13.050000000000182,13.050000000000182,26.100000000000364,0.5,0.0,0.5,7.050000000000182,0.0,13.050000000000182,0.0,0.0,0.0,0.0,0,1,LOSS,13.05,SL_HIT,0,0
2026-04-22T01:30:00+00:00,XAUUSD,SELL,asia,bearish,reversal_attempt,bearish,primary,sweep_reclaim_confirmation,A,unknown,strong,0.0,70.0,4749.37,4754.0,4720.0,4700.0,4680.0,4.630000000000109,29.36999999999989,49.36999999999989,69.36999999999989,6.343412526997667,10.663066954643353,14.98272138228904,0.0,4.630000000000109,4.630000000000109,9.260000000000218,0.5,0.0,0.5,0.6300000000001091,0.0,4.630000000000109,0.0,0.0,0.0,1.0,0,1,LOSS,-4.63,SL_HIT,0,0
2026-04-22T02:00:00+00:00,XAUUSD,BUY,asia,bearish,reversal_attempt,bearish,secondary,structure_shift_confirmation,A+,unknown,weak,0.0,90.0,4755.5,4776.0,4780.0,4800.0,4820.0,20.5,24.5,44.5,64.5,1.1951219512195121,2.1707317073170733,3.1463414634146343,0.0,20.5,20.5,41.0,0.5,0.0,0.5,5.5,0.0,20.5,0.0,0.0,0.0,0.0,0,1,LOSS,20.5,SL_HIT,0,0
2026-04-22T03:00:00+00:00,XAUUSD,SELL,off_session,bearish,reversal_attempt,bearish,primary,break_retest_close_confirmation,A,unknown,strong,0.0,70.0,4757.62,4784.0,4740.0,4720.0,4700.0,26.38000000000011,17.61999999999989,37.61999999999989,57.61999999999989,0.6679302501895307,1.4260803639120445,2.1842304776345585,0.0,26.38000000000011,26.38000000000011,52.76000000000022,0.5,0.0,0.5,7.619999999999891,0.0,26.38000000000011,0.0,0.0,0.0,1.0,0,0,EXPIRED,0.0,EXPIRED,0,0
2026-04-22T03:15:00+00:00,XAUUSD,BUY,asia,bearish,reversal_attempt,bearish,secondary,structure_shift_confirmation,A+,unknown,weak,0.0,90.0,4762.95,4776.0,4780.0,4800.0,4820.0,13.050000000000182,17.050000000000182,37.05000000000018,57.05000000000018,1.3065134099616815,2.839080459770089,4.371647509578497,0.0,13.050000000000182,13.050000000000182,26.100000000000364,0.5,0.0,0.5,12.949999999999818,0.0,13.050000000000182,0.0,0.0,0.0,0.0,0,1,LOSS,13.05,SL_HIT,0,0
2026-04-22T03:30:00+00:00,XAUUSD,SELL,off_session,bearish,impulsive,bearish,primary,failed_retest_confirmation,A+,unknown,strong,0.0,80.0,4759.08,4784.0,4740.0,4720.0,4700.0,24.920000000000073,19.079999999999927,39.07999999999993,59.07999999999993,0.7656500802568167,1.5682182985553696,2.3707865168539226,0.0,24.920000000000073,24.920000000000073,49.840000000000146,0.5,0.0,0.5,9.079999999999927,0.0,24.920000000000073,0.0,0.0,0.0,1.0,0,0,EXPIRED,0.0,EXPIRED,0,0
2026-04-22T03:30:00+00:00,XAUUSD,SELL,off_session,bearish,impulsive,bearish,primary,failed_retest_confirmation,A+,unknown,strong,0.0,90.0,4759.08,4784.0,4740.0,4720.0,4700.0,24.920000000000073,19.079999999999927,39.07999999999993,59.07999999999993,0.7656500802568167,1.5682182985553696,2.3707865168539226,0.0,24.920000000000073,24.920000000000073,49.840000000000146,0.5,0.0,0.5,9.079999999999927,0.0,24.920000000000073,0.0,0.0,0.0,1.0,0,0,EXPIRED,0.0,EXPIRED,0,0
2026-04-22T05:00:00+00:00,XAUUSD,BUY,asia,bearish,reversal_attempt,bearish,secondary,displacement_confirmation,A,unknown,weak,0.0,70.0,4756.78,4776.0,4780.0,4800.0,4820.0,19.220000000000255,23.220000000000255,43.220000000000255,63.220000000000255,1.2081165452653457,2.248699271592075,3.2892819979188044,0.0,19.220000000000255,19.220000000000255,38.44000000000051,0.5,0.0,0.5,6.779999999999745,0.0,19.220000000000255,0.0,0.0,0.0,0.0,0,1,LOSS,19.22,SL_HIT,0,0
2026-04-22T05:15:00+00:00,XAUUSD,BUY,asia,bearish,reversal_attempt,bearish,secondary,structure_shift_confirmation,A+,unknown,weak,0.0,90.0,4766.06,4776.0,4780.0,4800.0,4820.0,9.9399999999996,13.9399999999996,33.9399999999996,53.9399999999996,1.4024144869215454,3.414486921529272,5.426559356136999,0.0,9.9399999999996,9.9399999999996,19.8799999999992,0.5,0.0,0.5,16.0600000000004,0.0,9.9399999999996,0.0,0.0,0.0,0.0,0,1,LOSS,9.94,SL_HIT,0,0
2026-04-22T07:00:00+00:00,XAUUSD,SELL,new_york,bearish,impulsive,bearish,primary,failed_retest_confirmation,A+,unknown,strong,95.0,80.0,4765.74,4778.36,4750.0,4720.0,4700.0,12.6,15.7,45.7,65.7,1.25,3.63,5.21,0.0,12.6,12.6,25.2,0.5,0.0,0.5,15.739999999999782,0.0,6.619999999999891,0.0,0.0,0.0,1.0,1,0,EXPIRED_AFTER_TP1,0.0,BREAKEVEN_WIN,1,1
2026-04-22T07:00:00+00:00,XAUUSD,SELL,new_york,bearish,impulsive,bearish,primary,failed_retest_confirmation,A+,unknown,strong,95.0,80.0,4765.74,4778.36,4750.0,4720.0,4700.0,12.6,15.7,45.7,65.7,1.25,3.63,5.21,0.0,12.6,12.6,25.2,0.5,0.0,0.5,15.739999999999782,0.0,6.619999999999891,0.0,0.0,0.0,1.0,1,0,EXPIRED_AFTER_TP1,0.0,BREAKEVEN_WIN,1,1
2026-04-22T07:00:00+00:00,XAUUSD,SELL,off_session,bearish,reversal_attempt,bearish,primary,failed_retest_confirmation,A+,unknown,strong,0.0,80.0,4765.74,4776.36,4750.0,4720.0,4700.0,10.61999999999989,15.739999999999782,45.73999999999978,65.73999999999978,1.4821092278719343,4.3069679849341105,6.190207156308894,0.0,10.61999999999989,10.61999999999989,21.23999999999978,0.5,0.0,0.5,15.739999999999782,0.0,10.61999999999989,0.0,0.0,0.0,1.0,1,0,BREAKEVEN_WIN,15.74,BREAKEVEN_WIN,1,1
2026-04-22T07:00:00+00:00,XAUUSD,SELL,new_york,bearish,impulsive,bearish,primary,failed_retest_confirmation,A+,unknown,strong,95.0,80.0,4765.74,4778.36,4750.0,4720.0,4700.0,12.6,15.7,45.7,65.7,1.25,3.63,5.21,0.0,12.6,12.6,25.2,0.5,0.0,0.5,15.739999999999782,0.0,6.619999999999891,0.0,0.0,0.0,1.0,1,0,EXPIRED_AFTER_TP1,0.0,BREAKEVEN_WIN,1,1
2026-04-22T07:00:00+00:00,XAUUSD,SELL,new_york,bearish,impulsive,bearish,primary,failed_retest_confirmation,A+,unknown,strong,95.0,80.0,4765.74,4778.36,4750.0,4720.0,4700.0,12.6,15.7,45.7,65.7,1.25,3.63,5.21,0.0,12.6,12.6,25.2,0.5,0.0,0.5,15.739999999999782,0.0,6.619999999999891,0.0,0.0,0.0,1.0,1,0,EXPIRED_AFTER_TP1,0.0,BREAKEVEN_WIN,1,1
2026-04-22T07:00:00+00:00,XAUUSD,SELL,off_session,bearish,reversal_attempt,bearish,primary,failed_retest_confirmation,A+,unknown,strong,95.0,80.0,4765.74,4776.36,4750.0,4720.0,4700.0,10.61999999999989,15.739999999999782,45.73999999999978,65.73999999999978,1.4821092278719343,4.3069679849341105,6.190207156308894,0.0,10.61999999999989,10.61999999999989,21.23999999999978,0.5,0.0,0.5,15.739999999999782,0.0,10.61999999999989,0.0,0.0,0.0,1.0,1,0,BREAKEVEN_WIN,15.74,BREAKEVEN_WIN,1,1
2026-04-22T07:00:00+00:00,XAUUSD,SELL,new_york,bearish,impulsive,bearish,primary,failed_retest_confirmation,A+,unknown,strong,95.0,80.0,4765.74,4778.36,4750.0,4720.0,4700.0,12.6,15.7,45.7,65.7,1.25,3.63,5.21,0.0,12.6,12.6,25.2,0.5,0.0,0.5,15.739999999999782,0.0,6.619999999999891,0.0,0.0,0.0,1.0,1,0,EXPIRED_AFTER_TP1,0.0,BREAKEVEN_WIN,1,1
2026-04-22T07:00:00+00:00,XAUUSD,SELL,new_york,bearish,impulsive,bearish,primary,failed_retest_confirmation,A+,unknown,strong,95.0,80.0,4765.74,4778.36,4750.0,4720.0,4700.0,12.6,15.7,45.7,65.7,1.25,3.63,5.21,0.0,12.6,12.6,25.2,0.5,0.0,0.5,15.739999999999782,0.0,6.619999999999891,0.0,0.0,0.0,1.0,1,0,EXPIRED_AFTER_TP1,0.0,BREAKEVEN_WIN,1,1
2026-04-22T07:00:00+00:00,XAUUSD,SELL,new_york,bearish,impulsive,bearish,primary,failed_retest_confirmation,A+,unknown,strong,95.0,80.0,4765.74,4778.36,4750.0,4720.0,4700.0,12.6,15.7,45.7,65.7,1.25,3.63,5.21,0.0,12.6,12.6,25.2,0.5,0.0,0.5,15.739999999999782,0.0,6.619999999999891,0.0,0.0,0.0,1.0,1,0,EXPIRED_AFTER_TP1,0.0,BREAKEVEN_WIN,1,1
2026-04-22T07:00:00+00:00,XAUUSD,SELL,off_session,bearish,reversal_attempt,bearish,primary,failed_retest_confirmation,A+,unknown,strong,0.0,80.0,4765.74,4776.36,4750.0,4720.0,4700.0,10.61999999999989,15.739999999999782,45.73999999999978,65.73999999999978,1.4821092278719343,4.3069679849341105,6.190207156308894,0.0,10.61999999999989,10.61999999999989,21.23999999999978,0.5,0.0,0.5,15.739999999999782,0.0,10.61999999999989,0.0,0.0,0.0,1.0,1,0,BREAKEVEN_WIN,15.74,BREAKEVEN_WIN,1,1
2026-04-22T07:00:00+00:00,XAUUSD,SELL,new_york,bearish,impulsive,bearish,primary,failed_retest_confirmation,A+,unknown,strong,95.0,80.0,4765.74,4778.36,4750.0,4720.0,4700.0,12.6,15.7,45.7,65.7,1.25,3.63,5.21,0.0,12.6,12.6,25.2,0.5,0.0,0.5,15.739999999999782,0.0,6.619999999999891,0.0,0.0,0.0,1.0,1,0,EXPIRED_AFTER_TP1,0.0,BREAKEVEN_WIN,1,1
2026-04-22T08:00:00+00:00,XAUUSD,SELL,new_york,bearish,impulsive,bearish,primary,structure_shift_confirmation,A+,unknown,strong,0.0,80.0,4758.01,4771.8,4740.0,4720.0,4700.0,13.789999999999964,18.01000000000022,38.01000000000022,58.01000000000022,1.3060188542422237,2.756345177664998,4.206671501087771,0.0,13.789999999999964,13.789999999999964,27.579999999999927,0.5,0.0,0.5,8.010000000000218,0.0,13.789999999999964,0.0,0.0,0.0,1.0,1,0,BREAKEVEN_WIN,18.01,BREAKEVEN_WIN,1,1
2026-04-22T09:00:00+00:00,XAUUSD,BUY,london,bearish,range,bearish,secondary,structure_shift_confirmation,A+,unknown,weak,0.0,80.0,4760.77,4763.8,4772.18,4800.0,4820.0,3.0299999999997453,11.409999999999854,39.22999999999956,59.22999999999956,3.7656765676570343,12.947194719472892,19.547854785480048,0.0,3.0299999999997453,3.0299999999997453,6.059999999999491,0.5,0.0,0.5,10.770000000000437,0.0,3.0299999999997453,0.0,0.0,0.0,0.0,0,1,LOSS,3.03,SL_HIT,0,0
2026-04-22T10:45:00+00:00,XAUUSD,SELL,new_york,bearish,impulsive,bearish,primary,break_retest_close_confirmation,A,unknown,strong,0.0,70.0,4759.14,4766.36,4740.0,4720.0,4700.0,7.219999999999345,19.140000000000327,39.14000000000033,59.14000000000033,2.6509695290861583,5.421052631579484,8.19113573407281,0.0,7.219999999999345,7.219999999999345,14.43999999999869,0.5,0.0,0.5,9.140000000000327,0.0,7.219999999999345,0.0,0.0,0.0,1.0,1,0,BREAKEVEN_WIN,19.14,BREAKEVEN_WIN,1,1
2026-04-22T11:00:00+00:00,XAUUSD,SELL,new_york,bearish,impulsive,bearish,primary,failed_retest_confirmation,A+,unknown,strong,0.0,95.0,4757.24,4766.29,4740.0,4720.0,4700.0,9.050000000000182,17.23999999999978,37.23999999999978,57.23999999999978,1.9049723756905452,4.114917127071716,6.324861878452888,0.0,9.050000000000182,9.050000000000182,18.100000000000364,0.5,0.0,0.5,7.239999999999782,0.0,9.050000000000182,0.0,0.0,0.0,1.0,1,0,BREAKEVEN_WIN,17.24,BREAKEVEN_WIN,1,1
2026-04-22T11:00:00+00:00,XAUUSD,SELL,new_york,bearish,impulsive,bearish,primary,failed_retest_confirmation,A+,unknown,strong,0.0,95.0,4757.24,4766.29,4740.0,4720.0,4700.0,9.050000000000182,17.23999999999978,37.23999999999978,57.23999999999978,1.9049723756905452,4.114917127071716,6.324861878452888,0.0,9.050000000000182,9.050000000000182,18.100000000000364,0.5,0.0,0.5,7.239999999999782,0.0,9.050000000000182,0.0,0.0,0.0,1.0,1,0,BREAKEVEN_WIN,17.24,BREAKEVEN_WIN,1,1
2026-04-22T11:15:00+00:00,XAUUSD,SELL,off_session,bearish,impulsive,bearish,primary,break_retest_close_confirmation,A,unknown,strong,85.0,85.0,4757.37,4768.29,4740.0,4720.0,4700.0,10.9,17.4,37.4,57.4,1.59,3.42,5.26,0.0,10.9,10.9,21.8,0.5,0.0,0.5,7.369999999999891,0.0,4.920000000000073,0.0,0.0,0.0,1.0,1,0,EXPIRED_AFTER_TP1,0.0,BREAKEVEN_WIN,1,1
2026-04-22T11:15:00+00:00,XAUUSD,SELL,off_session,bearish,impulsive,bearish,primary,break_retest_close_confirmation,A,unknown,strong,85.0,85.0,4757.37,4768.29,4740.0,4720.0,4700.0,10.9,17.4,37.4,57.4,1.59,3.42,5.26,0.0,10.9,10.9,21.8,0.5,0.0,0.5,7.369999999999891,0.0,4.920000000000073,0.0,0.0,0.0,1.0,1,0,EXPIRED_AFTER_TP1,0.0,BREAKEVEN_WIN,1,1
2026-04-22T11:15:00+00:00,XAUUSD,SELL,off_session,bearish,impulsive,bearish,primary,break_retest_close_confirmation,A,unknown,strong,85.0,85.0,4757.37,4768.29,4740.0,4720.0,4700.0,10.9,17.4,37.4,57.4,1.59,3.42,5.26,0.0,10.9,10.9,21.8,0.5,0.0,0.5,7.369999999999891,0.0,4.920000000000073,0.0,0.0,0.0,1.0,1,0,EXPIRED_AFTER_TP1,0.0,BREAKEVEN_WIN,1,1
2026-04-22T11:15:00+00:00,XAUUSD,SELL,off_session,bearish,impulsive,bearish,primary,break_retest_close_confirmation,A,unknown,strong,85.0,85.0,4757.37,4768.29,4740.0,4720.0,4700.0,10.9,17.4,37.4,57.4,1.59,3.42,5.26,0.0,10.9,10.9,21.8,0.5,0.0,0.5,7.369999999999891,0.0,4.920000000000073,0.0,0.0,0.0,1.0,1,0,EXPIRED_AFTER_TP1,0.0,BREAKEVEN_WIN,1,1
2026-04-22T11:15:00+00:00,XAUUSD,SELL,new_york,bearish,impulsive,bearish,primary,break_retest_close_confirmation,A,unknown,strong,0.0,85.0,4757.37,4766.29,4740.0,4720.0,4700.0,8.920000000000073,17.36999999999989,37.36999999999989,57.36999999999989,1.9473094170403307,4.1894618834080255,6.43161434977572,0.0,8.920000000000073,8.920000000000073,17.840000000000146,0.5,0.0,0.5,7.369999999999891,0.0,8.920000000000073,0.0,0.0,0.0,1.0,1,0,BREAKEVEN_WIN,17.37,BREAKEVEN_WIN,1,1
2026-04-22T11:15:00+00:00,XAUUSD,SELL,off_session,bearish,impulsive,bearish,primary,break_retest_close_confirmation,A,unknown,strong,85.0,85.0,4757.37,4768.29,4740.0,4720.0,4700.0,10.9,17.4,37.4,57.4,1.59,3.42,5.26,0.0,10.9,10.9,21.8,0.5,0.0,0.5,7.369999999999891,0.0,4.920000000000073,0.0,0.0,0.0,1.0,1,0,EXPIRED_AFTER_TP1,0.0,BREAKEVEN_WIN,1,1
2026-04-22T11:15:00+00:00,XAUUSD,SELL,off_session,bearish,impulsive,bearish,primary,break_retest_close_confirmation,A,unknown,strong,85.0,85.0,4757.37,4768.29,4740.0,4720.0,4700.0,10.9,17.4,37.4,57.4,1.59,3.42,5.26,0.0,10.9,10.9,21.8,0.5,0.0,0.5,7.369999999999891,0.0,4.920000000000073,0.0,0.0,0.0,1.0,1,0,EXPIRED_AFTER_TP1,0.0,BREAKEVEN_WIN,1,1
2026-04-22T11:15:00+00:00,XAUUSD,SELL,off_session,bearish,impulsive,bearish,primary,break_retest_close_confirmation,A,unknown,strong,85.0,85.0,4757.37,4768.29,4740.0,4720.0,4700.0,10.9,17.4,37.4,57.4,1.59,3.42,5.26,0.0,10.9,10.9,21.8,0.5,0.0,0.5,7.369999999999891,0.0,4.920000000000073,0.0,0.0,0.0,1.0,1,0,EXPIRED_AFTER_TP1,0.0,BREAKEVEN_WIN,1,1
2026-04-22T11:15:00+00:00,XAUUSD,SELL,off_session,bearish,impulsive,bearish,primary,break_retest_close_confirmation,A,unknown,strong,85.0,85.0,4757.37,4768.29,4740.0,4720.0,4700.0,10.9,17.4,37.4,57.4,1.59,3.42,5.26,0.0,10.9,10.9,21.8,0.5,0.0,0.5,7.369999999999891,0.0,4.920000000000073,0.0,0.0,0.0,1.0,1,0,EXPIRED_AFTER_TP1,0.0,BREAKEVEN_WIN,1,1
2026-04-22T11:15:00+00:00,XAUUSD,SELL,new_york,bearish,impulsive,bearish,primary,break_retest_close_confirmation,A,unknown,strong,85.0,85.0,4757.37,4766.29,4740.0,4720.0,4700.0,8.920000000000073,17.36999999999989,37.36999999999989,57.36999999999989,1.9473094170403307,4.1894618834080255,6.43161434977572,0.0,8.920000000000073,8.920000000000073,17.840000000000146,0.5,0.0,0.5,7.369999999999891,0.0,8.920000000000073,0.0,0.0,0.0,1.0,1,0,BREAKEVEN_WIN,17.37,BREAKEVEN_WIN,1,1
2026-04-22T13:15:00+00:00,XAUUSD,BUY,new_york,bearish,impulsive,bearish,secondary,displacement_confirmation,A,unknown,weak,0.0,85.0,4749.74,4756.0,4760.0,4780.0,4800.0,6.260000000000218,10.260000000000218,30.26000000000022,50.26000000000022,1.6389776357827253,4.833865814696352,8.028753993609978,0.0,6.260000000000218,6.260000000000218,12.520000000000437,0.5,0.0,0.5,0.2600000000002183,0.0,6.260000000000218,0.0,0.0,0.0,0.0,0,1,LOSS,6.26,SL_HIT,0,0
2026-04-22T13:30:00+00:00,XAUUSD,BUY,new_york,bearish,impulsive,bearish,secondary,structure_shift_confirmation,A+,unknown,weak,0.0,95.0,4755.15,4758.29,4767.8,4800.0,4820.0,3.1400000000003274,12.650000000000546,44.850000000000364,64.85000000000036,4.028662420381919,14.283439490444486,20.65286624203618,0.0,3.1400000000003274,3.1400000000003274,6.280000000000655,0.5,0.0,0.5,5.149999999999636,0.0,3.1400000000003274,0.0,0.0,0.0,0.0,0,1,LOSS,3.14,SL_HIT,0,0
2026-04-22T18:00:00+00:00,XAUUSD,SELL,asia,bearish,reversal_attempt,bearish,primary,engulfing_level_confirmation,A,unknown,strong,0.0,85.0,4735.88,4754.0,4720.0,4700.0,4680.0,18.11999999999989,15.88000000000011,35.88000000000011,55.88000000000011,0.8763796909492386,1.9801324503311437,3.0838852097130487,0.0,18.11999999999989,18.11999999999989,36.23999999999978,0.5,0.0,0.5,14.11999999999989,0.0,18.11999999999989,0.0,0.0,0.0,1.0,1,0,WIN,35.88,TP1_OR_BETTER,1,1
2026-04-22T19:00:00+00:00,XAUUSD,SELL,asia,bearish,reversal_attempt,bearish,primary,failed_retest_confirmation,A+,unknown,strong,0.0,95.0,4738.69,4754.0,4723.73,4700.0,4680.0,15.3100000000004,14.960000000000036,38.6899999999996,58.6899999999996,0.9771391247550388,2.527106466361763,3.8334421946438972,0.0,15.3100000000004,15.3100000000004,30.6200000000008,0.5,0.0,0.5,11.3100000000004,0.0,15.3100000000004,0.0,0.0,0.0,1.0,1,0,WIN,38.69,TP1_OR_BETTER,1,1
2026-04-23T00:15:00+00:00,XAUUSD,BUY,asia,bearish,reversal_attempt,bearish,secondary,structure_shift_confirmation,A+,unknown,weak,0.0,90.0,4741.33,4756.0,4760.0,4780.0,4800.0,14.670000000000073,18.670000000000073,38.67000000000007,58.67000000000007,1.2726653033401487,2.635991820040892,3.9993183367416347,0.0,14.670000000000073,14.670000000000073,29.340000000000146,0.5,0.0,0.5,8.670000000000073,0.0,14.670000000000073,0.0,0.0,0.0,0.0,0,1,LOSS,14.67,SL_HIT,0,0
2026-04-23T00:30:00+00:00,XAUUSD,SELL,asia,bearish,impulsive,bearish,primary,break_retest_close_confirmation,A,unknown,strong,0.0,80.0,4744.81,4764.0,4723.35,4700.0,4680.0,19.1899999999996,21.460000000000036,44.8100000000004,64.8100000000004,1.118290776446091,2.335070349140247,3.3772798332465737,0.0,19.1899999999996,19.1899999999996,38.3799999999992,0.5,0.0,0.5,5.1899999999996,0.0,19.1899999999996,0.0,0.0,0.0,1.0,1,0,BREAKEVEN_WIN,21.46,BREAKEVEN_WIN,1,1
2026-04-23T00:30:00+00:00,XAUUSD,SELL,asia,bearish,impulsive,bearish,primary,break_retest_close_confirmation,A,unknown,strong,90.0,80.0,4744.81,4766.0,4723.35,4700.0,4680.0,21.2,21.5,44.8,64.8,1.01,2.12,3.06,0.0,21.2,21.2,42.4,0.5,0.0,0.5,5.1899999999996,0.0,15.1899999999996,0.0,0.0,0.0,1.0,1,0,WIN,44.81,TP1_OR_BETTER,1,1
2026-04-23T00:30:00+00:00,XAUUSD,SELL,asia,bearish,impulsive,bearish,primary,break_retest_close_confirmation,A,unknown,strong,90.0,80.0,4744.81,4766.0,4723.35,4700.0,4680.0,21.2,21.5,44.8,64.8,1.01,2.12,3.06,0.0,21.2,21.2,42.4,0.5,0.0,0.5,5.1899999999996,0.0,15.1899999999996,0.0,0.0,0.0,1.0,1,0,WIN,44.81,TP1_OR_BETTER,1,1
2026-04-23T00:30:00+00:00,XAUUSD,SELL,asia,bearish,impulsive,bearish,primary,break_retest_close_confirmation,A,unknown,strong,90.0,80.0,4744.81,4766.0,4723.35,4700.0,4680.0,21.2,21.5,44.8,64.8,1.01,2.12,3.06,0.0,21.2,21.2,42.4,0.5,0.0,0.5,5.1899999999996,0.0,15.1899999999996,0.0,0.0,0.0,1.0,1,0,WIN,44.81,TP1_OR_BETTER,1,1
2026-04-23T00:30:00+00:00,XAUUSD,SELL,asia,bearish,impulsive,bearish,primary,break_retest_close_confirmation,A,unknown,strong,90.0,80.0,4744.81,4766.0,4723.35,4700.0,4680.0,21.2,21.5,44.8,64.8,1.01,2.12,3.06,0.0,21.2,21.2,42.4,0.5,0.0,0.5,5.1899999999996,0.0,15.1899999999996,0.0,0.0,0.0,1.0,1,0,WIN,44.81,TP1_OR_BETTER,1,1
2026-04-23T00:30:00+00:00,XAUUSD,SELL,asia,bearish,impulsive,bearish,primary,break_retest_close_confirmation,A,unknown,strong,90.0,80.0,4744.81,4766.0,4723.35,4700.0,4680.0,21.2,21.5,44.8,64.8,1.01,2.12,3.06,0.0,21.2,21.2,42.4,0.5,0.0,0.5,5.1899999999996,0.0,15.1899999999996,0.0,0.0,0.0,1.0,1,0,WIN,44.81,TP1_OR_BETTER,1,1
2026-04-23T00:30:00+00:00,XAUUSD,SELL,asia,bearish,impulsive,bearish,primary,break_retest_close_confirmation,A,unknown,strong,90.0,80.0,4744.81,4766.0,4723.35,4700.0,4680.0,21.2,21.5,44.8,64.8,1.01,2.12,3.06,0.0,21.2,21.2,42.4,0.5,0.0,0.5,5.1899999999996,0.0,15.1899999999996,0.0,0.0,0.0,1.0,1,0,WIN,44.81,TP1_OR_BETTER,1,1
2026-04-23T00:30:00+00:00,XAUUSD,SELL,asia,bearish,impulsive,bearish,primary,break_retest_close_confirmation,A,unknown,strong,90.0,80.0,4744.81,4766.0,4723.35,4700.0,4680.0,21.2,21.5,44.8,64.8,1.01,2.12,3.06,0.0,21.2,21.2,42.4,0.5,0.0,0.5,5.1899999999996,0.0,15.1899999999996,0.0,0.0,0.0,1.0,1,0,WIN,44.81,TP1_OR_BETTER,1,1
2026-04-23T00:30:00+00:00,XAUUSD,SELL,asia,bearish,impulsive,bearish,primary,break_retest_close_confirmation,A,unknown,strong,90.0,80.0,4744.81,4766.0,4723.35,4700.0,4680.0,21.2,21.5,44.8,64.8,1.01,2.12,3.06,0.0,21.2,21.2,42.4,0.5,0.0,0.5,5.1899999999996,0.0,15.1899999999996,0.0,0.0,0.0,1.0,1,0,WIN,44.81,TP1_OR_BETTER,1,1
2026-04-23T00:30:00+00:00,XAUUSD,SELL,asia,bearish,impulsive,bearish,primary,break_retest_close_confirmation,A,unknown,strong,90.0,80.0,4744.81,4764.0,4723.35,4700.0,4680.0,19.1899999999996,21.460000000000036,44.8100000000004,64.8100000000004,1.118290776446091,2.335070349140247,3.3772798332465737,0.0,19.1899999999996,19.1899999999996,38.3799999999992,0.5,0.0,0.5,5.1899999999996,0.0,19.1899999999996,0.0,0.0,0.0,1.0,1,0,BREAKEVEN_WIN,21.46,BREAKEVEN_WIN,1,1
2026-04-23T01:00:00+00:00,XAUUSD,SELL,asia,bearish,impulsive,bearish,primary,failed_retest_confirmation,A+,unknown,strong,0.0,95.0,4737.03,4754.0,4720.0,4700.0,4680.0,16.970000000000255,17.029999999999745,37.029999999999745,57.029999999999745,1.0035356511490565,2.1820860341779134,3.36063641720677,0.0,16.970000000000255,16.970000000000255,33.94000000000051,0.5,0.0,0.5,12.970000000000255,0.0,16.970000000000255,0.0,0.0,0.0,1.0,1,0,BREAKEVEN_WIN,17.03,BREAKEVEN_WIN,1,1
2026-04-23T07:30:00+00:00,XAUUSD,BUY,london,bearish,impulsive,bearish,secondary,displacement_confirmation,A,unknown,weak,0.0,85.0,4713.5,4736.0,4740.0,4760.0,4780.0,22.5,26.5,46.5,66.5,1.1777777777777778,2.066666666666667,2.9555555555555557,0.0,22.5,22.5,45.0,0.5,0.0,0.5,13.5,0.0,22.5,0.0,0.0,0.0,0.0,0,1,LOSS,22.5,SL_HIT,0,0
2026-04-23T07:45:00+00:00,XAUUSD,BUY,london,bearish,impulsive,bearish,secondary,structure_shift_confirmation,A+,unknown,weak,0.0,95.0,4718.93,4736.0,4740.0,4760.0,4780.0,17.06999999999971,21.06999999999971,41.06999999999971,61.06999999999971,1.2343292325717674,2.405975395430604,3.5776215582894406,0.0,17.06999999999971,17.06999999999971,34.13999999999942,0.5,0.0,0.5,18.93000000000029,0.0,17.06999999999971,0.0,0.0,0.0,0.0,0,1,LOSS,17.07,SL_HIT,0,0
2026-04-23T09:00:00+00:00,XAUUSD,SELL,off_session,bearish,reversal_attempt,bearish,primary,structure_shift_confirmation,A+,unknown,strong,100.0,85.0,4697.05,4724.0,4680.0,4660.0,4640.0,26.949999999999818,17.050000000000182,37.05000000000018,57.05000000000018,0.6326530612245008,1.3747680890538194,2.116883116883138,0.0,26.949999999999818,26.949999999999818,53.899999999999636,0.92,0.0,0.92,2.949999999999818,0.0,26.949999999999818,0.0,0.0,0.0,1.0,0,1,LOSS,-26.95,SL_HIT,0,0
2026-04-23T09:45:00+00:00,XAUUSD,SELL,off_session,bearish,reversal_attempt,bearish,primary,failed_retest_confirmation,A+,unknown,strong,100.0,95.0,4697.38,4724.0,4680.0,4660.0,4640.0,26.61999999999989,17.38000000000011,37.38000000000011,57.38000000000011,0.6528925619834779,1.4042073628850587,2.1555221637866397,0.0,26.61999999999989,26.61999999999989,53.23999999999978,0.92,0.0,0.92,2.619999999999891,0.0,26.61999999999989,0.0,0.0,0.0,1.0,0,1,LOSS,-26.62,SL_HIT,0,0
2026-04-23T11:00:00+00:00,XAUUSD,SELL,off_session,bearish,reversal_attempt,bearish,primary,break_retest_close_confirmation,A,unknown,strong,85.0,80.0,4697.89,4726.0,4660.0,4640.0,4620.0,28.1,37.9,57.9,77.9,1.35,2.06,2.77,1.0,28.1,28.1,56.2,0.92,0.0,0.92,2.1099999999996726,17.890000000000327,22.109999999999673,0.0,0.0,0.0,1.0,0,1,LOSS,-28.11,SL_HIT,0,0
2026-04-23T11:00:00+00:00,XAUUSD,SELL,off_session,bearish,reversal_attempt,bearish,primary,break_retest_close_confirmation,A,unknown,strong,90.0,80.0,4697.89,4726.0,4660.0,4640.0,4620.0,28.1,37.9,57.9,77.9,1.35,2.06,2.77,1.0,28.1,28.1,56.2,0.92,0.0,0.92,2.1099999999996726,17.890000000000327,22.109999999999673,0.0,0.0,0.0,1.0,0,1,LOSS,-28.11,SL_HIT,0,0
2026-04-23T11:45:00+00:00,XAUUSD,BUY,off_session,bearish,reversal_attempt,bearish,secondary,structure_shift_confirmation,A+,unknown,weak,0.0,90.0,4720.42,4736.4,4740.0,4760.0,4780.0,15.979999999999563,19.579999999999927,39.57999999999993,59.57999999999993,1.225281602002532,2.476846057572028,3.728410513141524,0.0,15.979999999999563,15.979999999999563,31.959999999999127,0.5,0.0,0.5,20.420000000000073,0.0,15.979999999999563,0.0,0.0,0.0,0.0,0,1,LOSS,15.98,SL_HIT,0,0
2026-04-23T12:00:00+00:00,XAUUSD,BUY,off_session,bearish,reversal_attempt,bearish,secondary,structure_shift_confirmation,A+,unknown,weak,0.0,90.0,4729.07,4739.13,4740.0,4760.0,4780.0,10.0600000000004,10.930000000000291,30.93000000000029,50.93000000000029,1.0864811133200651,3.0745526838965267,5.062624254472989,0.0,10.0600000000004,10.0600000000004,20.1200000000008,0.5,0.0,0.5,20.93000000000029,0.0,10.0600000000004,0.0,0.0,0.0,0.0,0,1,LOSS,10.06,SL_HIT,0,0
2026-04-23T12:30:00+00:00,XAUUSD,SELL,off_session,bearish,reversal_attempt,bearish,primary,break_retest_close_confirmation,A,unknown,strong,85.0,80.0,4739.26,4747.13,4720.0,4700.0,4680.0,7.869999999999891,19.26000000000022,39.26000000000022,59.26000000000022,2.447268106734496,4.988564167725637,7.529860228716777,0.0,7.869999999999891,7.869999999999891,15.739999999999782,0.5,0.0,0.5,10.739999999999782,0.0,7.869999999999891,0.0,0.0,0.0,1.0,1,0,BREAKEVEN_WIN,19.26,BREAKEVEN_WIN,1,1
2026-04-23T12:30:00+00:00,XAUUSD,SELL,off_session,bearish,reversal_attempt,bearish,primary,break_retest_close_confirmation,A,unknown,strong,0.0,80.0,4739.26,4747.13,4720.0,4700.0,4680.0,7.869999999999891,19.26000000000022,39.26000000000022,59.26000000000022,2.447268106734496,4.988564167725637,7.529860228716777,0.0,7.869999999999891,7.869999999999891,15.739999999999782,0.5,0.0,0.5,10.739999999999782,0.0,7.869999999999891,0.0,0.0,0.0,1.0,1,0,BREAKEVEN_WIN,19.26,BREAKEVEN_WIN,1,1
2026-04-23T12:30:00+00:00,XAUUSD,SELL,off_session,bearish,range,bearish,primary,break_retest_close_confirmation,A,unknown,strong,85.0,80.0,4739.26,4749.13,4720.0,4700.0,4680.0,9.9,19.3,39.3,59.3,1.95,3.98,6.0,0.0,9.9,9.9,19.8,0.5,0.0,0.5,10.739999999999782,0.0,3.869999999999891,0.0,0.0,0.0,1.0,1,0,STRONG_WIN,59.26,STRONG_WIN,1,1
2026-04-23T12:30:00+00:00,XAUUSD,SELL,off_session,bearish,range,bearish,primary,break_retest_close_confirmation,A,unknown,strong,85.0,80.0,4739.26,4749.13,4720.0,4700.0,4680.0,9.9,19.3,39.3,59.3,1.95,3.98,6.0,0.0,9.9,9.9,19.8,0.5,0.0,0.5,10.739999999999782,0.0,3.869999999999891,0.0,0.0,0.0,1.0,1,0,STRONG_WIN,59.26,STRONG_WIN,1,1
2026-04-23T12:30:00+00:00,XAUUSD,SELL,off_session,bearish,range,bearish,primary,break_retest_close_confirmation,A,unknown,strong,85.0,80.0,4739.26,4749.13,4720.0,4700.0,4680.0,9.9,19.3,39.3,59.3,1.95,3.98,6.0,0.0,9.9,9.9,19.8,0.5,0.0,0.5,10.739999999999782,0.0,3.869999999999891,0.0,0.0,0.0,1.0,1,0,STRONG_WIN,59.26,STRONG_WIN,1,1
2026-04-23T12:30:00+00:00,XAUUSD,SELL,off_session,bearish,range,bearish,primary,break_retest_close_confirmation,A,unknown,strong,85.0,80.0,4739.26,4749.13,4720.0,4700.0,4680.0,9.9,19.3,39.3,59.3,1.95,3.98,6.0,0.0,9.9,9.9,19.8,0.5,0.0,0.5,10.739999999999782,0.0,3.869999999999891,0.0,0.0,0.0,1.0,1,0,STRONG_WIN,59.26,STRONG_WIN,1,1
2026-04-23T12:30:00+00:00,XAUUSD,SELL,off_session,bearish,range,bearish,primary,break_retest_close_confirmation,A,unknown,strong,85.0,80.0,4739.26,4749.13,4720.0,4700.0,4680.0,9.9,19.3,39.3,59.3,1.95,3.98,6.0,0.0,9.9,9.9,19.8,0.5,0.0,0.5,10.739999999999782,0.0,3.869999999999891,0.0,0.0,0.0,1.0,1,0,STRONG_WIN,59.26,STRONG_WIN,1,1
2026-04-23T12:30:00+00:00,XAUUSD,SELL,off_session,bearish,range,bearish,primary,break_retest_close_confirmation,A,unknown,strong,85.0,80.0,4739.26,4749.13,4720.0,4700.0,4680.0,9.9,19.3,39.3,59.3,1.95,3.98,6.0,0.0,9.9,9.9,19.8,0.5,0.0,0.5,10.739999999999782,0.0,3.869999999999891,0.0,0.0,0.0,1.0,1,0,STRONG_WIN,59.26,STRONG_WIN,1,1
2026-04-23T13:00:00+00:00,XAUUSD,SELL,off_session,bearish,range,bearish,primary,structure_shift_confirmation,A+,unknown,strong,0.0,80.0,4725.76,4747.13,4700.0,4680.0,4660.0,21.36999999999989,25.76000000000022,45.76000000000022,65.76000000000022,1.2054281703322578,2.141319606925618,3.077211043518978,0.0,21.36999999999989,21.36999999999989,42.73999999999978,0.5,0.0,0.5,24.23999999999978,0.0,21.36999999999989,0.0,0.0,0.0,1.0,1,0,WIN,45.76,TP1_OR_BETTER,1,1
2026-04-23T13:45:00+00:00,XAUUSD,SELL,off_session,bearish,range,bearish,primary,failed_retest_confirmation,A+,unknown,strong,0.0,90.0,4724.23,4747.13,4700.0,4680.0,4660.0,22.900000000000546,24.229999999999563,44.22999999999956,64.22999999999956,1.058078602620043,1.9314410480348694,2.804803493449696,0.0,22.900000000000546,22.900000000000546,45.80000000000109,0.5,0.0,0.5,24.229999999999563,0.0,22.900000000000546,0.0,0.0,0.0,1.0,1,0,WIN,44.23,TP1_OR_BETTER,1,1
2026-04-23T15:15:00+00:00,XAUUSD,SELL,off_session,bearish,reversal_attempt,bearish,primary,break_retest_close_confirmation,A,unknown,strong,0.0,80.0,4733.63,4745.18,4720.0,4700.0,4680.0,11.550000000000182,13.63000000000011,33.63000000000011,53.63000000000011,1.180086580086571,2.9116883116882755,4.64329004328998,0.0,11.550000000000182,11.550000000000182,23.100000000000364,0.5,0.0,0.5,16.36999999999989,0.0,11.550000000000182,0.0,0.0,0.0,1.0,1,0,BREAKEVEN_WIN,13.63,BREAKEVEN_WIN,1,1
2026-04-23T16:30:00+00:00,XAUUSD,BUY,off_session,bearish,reversal_attempt,bearish,secondary,structure_shift_confirmation,A+,unknown,weak,0.0,90.0,4733.78,4737.04,4745.82,4780.0,4800.0,3.2600000000002183,12.039999999999964,46.220000000000255,66.22000000000025,3.693251533742073,14.177914110428576,20.31288343558154,0.0,3.2600000000002183,3.2600000000002183,6.520000000000437,0.5,0.0,0.5,16.220000000000255,0.0,3.2600000000002183,0.0,0.0,0.0,0.0,0,1,LOSS,3.26,SL_HIT,0,0
2026-04-23T17:45:00+00:00,XAUUSD,BUY,off_session,bearish,impulsive,bearish,secondary,displacement_confirmation,A,unknown,weak,0.0,70.0,4709.11,4736.0,4720.0,4740.0,4760.0,26.890000000000327,10.890000000000327,30.890000000000327,50.89000000000033,0.4049832651543397,1.148754183711415,1.8925251022684904,0.0,26.890000000000327,26.890000000000327,53.780000000000655,0.5,0.0,0.5,9.109999999999673,0.0,26.890000000000327,0.0,0.0,0.0,0.0,0,1,LOSS,26.89,SL_HIT,0,0
2026-04-23T18:00:00+00:00,XAUUSD,SELL,off_session,bearish,impulsive,bearish,primary,break_retest_close_confirmation,A,unknown,strong,0.0,85.0,4713.69,4740.94,4700.0,4680.0,4660.0,27.25,13.6899999999996,33.6899999999996,53.6899999999996,0.5023853211009027,1.236330275229343,1.9702752293577834,0.0,27.25,27.25,54.5,0.5,0.0,0.5,13.6899999999996,0.0,27.25,0.0,0.0,0.0,1.0,1,0,BREAKEVEN_WIN,13.69,BREAKEVEN_WIN,1,1
2026-04-23T18:30:00+00:00,XAUUSD,SELL,off_session,bearish,impulsive,bearish,primary,failed_retest_confirmation,A+,unknown,strong,0.0,95.0,4711.19,4740.94,4700.0,4680.0,4660.0,29.75,11.1899999999996,31.1899999999996,51.1899999999996,0.3761344537814992,1.0484033613445243,1.7206722689075495,0.0,29.75,29.75,59.5,0.5,0.0,0.5,11.1899999999996,0.0,29.75,0.0,0.0,0.0,1.0,1,0,BREAKEVEN_WIN,11.19,BREAKEVEN_WIN,1,1
2026-04-23T22:00:00+00:00,XAUUSD,BUY,off_session,bearish,impulsive,bearish,secondary,structure_shift_confirmation,A+,unknown,weak,0.0,95.0,4697.28,4716.0,4720.0,4740.0,4760.0,18.720000000000255,22.720000000000255,42.720000000000255,62.720000000000255,1.2136752136752107,2.2820512820512646,3.3504273504273185,0.0,18.720000000000255,18.720000000000255,37.44000000000051,0.5,0.0,0.5,2.7200000000002547,0.0,18.720000000000255,0.0,0.0,0.0,0.0,0,1,LOSS,18.72,SL_HIT,0,0
2026-04-23T23:15:00+00:00,XAUUSD,BUY,off_session,bearish,impulsive,bearish,secondary,displacement_confirmation,A,unknown,weak,0.0,85.0,4694.26,4716.0,4720.0,4740.0,4760.0,21.73999999999978,25.73999999999978,45.73999999999978,65.73999999999978,1.18399264029439,2.1039558417663407,3.023919043238291,0.0,21.73999999999978,21.73999999999978,43.47999999999956,0.5,0.0,0.5,5.739999999999782,0.0,21.73999999999978,0.0,0.0,0.0,0.0,0,1,LOSS,21.74,SL_HIT,0,0
2026-04-24T00:00:00+00:00,XAUUSD,SELL,london,bearish,impulsive,bearish,primary,break_retest_close_confirmation,A,unknown,strong,95.0,85.0,4697.9,4726.0,4660.0,4640.0,4620.0,28.1,37.9,57.9,77.9,1.35,2.06,2.77,1.0,28.1,28.1,56.2,0.92,0.0,0.92,2.100000000000364,17.899999999999636,22.100000000000364,0.0,0.0,0.0,1.0,1,0,EXPIRED_AFTER_TP1,0.0,BREAKEVEN_WIN,1,1
2026-04-24T00:00:00+00:00,XAUUSD,SELL,london,bearish,impulsive,bearish,primary,break_retest_close_confirmation,A,unknown,strong,90.0,85.0,4697.9,4726.0,4660.0,4640.0,4620.0,28.1,37.9,57.9,77.9,1.35,2.06,2.77,1.0,28.1,28.1,56.2,0.92,0.0,0.92,2.100000000000364,17.899999999999636,22.100000000000364,0.0,0.0,0.0,1.0,1,0,EXPIRED_AFTER_TP1,0.0,BREAKEVEN_WIN,1,1
2026-04-24T00:00:00+00:00,XAUUSD,SELL,london,bearish,impulsive,bearish,primary,break_retest_close_confirmation,A,unknown,strong,90.0,85.0,4697.9,4726.0,4660.0,4640.0,4620.0,28.1,37.9,57.9,77.9,1.35,2.06,2.77,1.0,28.1,28.1,56.2,0.92,0.0,0.92,2.100000000000364,17.899999999999636,22.100000000000364,0.0,0.0,0.0,1.0,1,0,EXPIRED_AFTER_TP1,0.0,BREAKEVEN_WIN,1,1
2026-04-24T00:00:00+00:00,XAUUSD,SELL,london,bearish,impulsive,bearish,primary,break_retest_close_confirmation,A,unknown,strong,90.0,85.0,4697.9,4726.0,4660.0,4640.0,4620.0,28.1,37.9,57.9,77.9,1.35,2.06,2.77,1.0,28.1,28.1,56.2,0.92,0.0,0.92,2.100000000000364,17.899999999999636,22.100000000000364,0.0,0.0,0.0,1.0,1,0,EXPIRED_AFTER_TP1,0.0,BREAKEVEN_WIN,1,1
2026-04-24T00:00:00+00:00,XAUUSD,SELL,asia,bearish,impulsive,bearish,primary,break_retest_close_confirmation,A,unknown,strong,100.0,85.0,4697.9,4724.0,4680.0,4660.0,4640.0,26.100000000000364,17.899999999999636,37.899999999999636,57.899999999999636,0.6858237547892485,1.4521072796934524,2.2183908045976564,0.0,26.100000000000364,26.100000000000364,52.20000000000073,0.92,0.0,0.92,2.100000000000364,0.0,26.100000000000364,0.0,0.0,0.0,1.0,1,0,BREAKEVEN_WIN,17.9,BREAKEVEN_WIN,1,1
2026-04-24T00:00:00+00:00,XAUUSD,SELL,london,bearish,impulsive,bearish,primary,break_retest_close_confirmation,A,unknown,strong,95.0,85.0,4697.9,4726.0,4660.0,4640.0,4620.0,28.1,37.9,57.9,77.9,1.35,2.06,2.77,1.0,28.1,28.1,56.2,0.92,0.0,0.92,2.100000000000364,17.899999999999636,22.100000000000364,0.0,0.0,0.0,1.0,1,0,EXPIRED_AFTER_TP1,0.0,BREAKEVEN_WIN,1,1
2026-04-24T00:00:00+00:00,XAUUSD,SELL,london,bearish,impulsive,bearish,primary,break_retest_close_confirmation,A,unknown,strong,90.0,85.0,4697.9,4726.0,4660.0,4640.0,4620.0,28.1,37.9,57.9,77.9,1.35,2.06,2.77,1.0,28.1,28.1,56.2,0.92,0.0,0.92,2.100000000000364,17.899999999999636,22.100000000000364,0.0,0.0,0.0,1.0,1,0,EXPIRED_AFTER_TP1,0.0,BREAKEVEN_WIN,1,1
2026-04-24T01:00:00+00:00,XAUUSD,BUY,asia,bearish,impulsive,bearish,secondary,structure_shift_confirmation,A+,unknown,weak,0.0,95.0,4709.33,4730.37,4720.0,4740.0,4760.0,21.039999999999964,10.670000000000073,30.670000000000073,50.67000000000007,0.5071292775665442,1.457699619771869,2.408269961977194,0.0,21.039999999999964,21.039999999999964,42.07999999999993,0.5,0.0,0.5,9.329999999999927,0.0,21.039999999999964,0.0,0.0,0.0,0.0,0,1,LOSS,21.04,SL_HIT,0,0
2026-04-24T03:45:00+00:00,XAUUSD,SELL,asia,bearish,impulsive,bearish,primary,engulfing_level_confirmation,A,unknown,strong,95.0,75.0,4672.14,4704.0,4660.0,4640.0,4620.0,31.859999999999673,12.140000000000327,32.14000000000033,52.14000000000033,0.3810420590081749,1.0087884494664363,1.6365348399246975,0.0,31.859999999999673,31.859999999999673,63.719999999999345,0.94,0.0,0.94,22.140000000000327,0.0,31.859999999999673,0.0,0.0,0.0,1.0,1,0,BREAKEVEN_WIN,12.14,BREAKEVEN_WIN,1,1
2026-04-24T03:45:00+00:00,XAUUSD,SELL,off_session,bearish,reversal_attempt,bearish,primary,engulfing_level_confirmation,A,unknown,strong,85.0,75.0,4672.14,4706.0,4620.0,4600.0,4575.0,33.9,52.1,72.1,97.1,1.54,2.13,2.87,1.0,33.9,33.9,67.8,0.94,0.0,0.94,22.140000000000327,22.140000000000327,27.859999999999673,0.0,0.0,0.0,1.0,0,1,LOSS,-33.86,SL_HIT,0,0
2026-04-24T03:45:00+00:00,XAUUSD,SELL,asia,bearish,impulsive,bearish,primary,engulfing_level_confirmation,A,unknown,strong,95.0,75.0,4672.14,4704.0,4660.0,4640.0,4620.0,31.859999999999673,12.140000000000327,32.14000000000033,52.14000000000033,0.3810420590081749,1.0087884494664363,1.6365348399246975,0.0,31.859999999999673,31.859999999999673,63.719999999999345,0.94,0.0,0.94,22.140000000000327,0.0,31.859999999999673,0.0,0.0,0.0,1.0,1,0,BREAKEVEN_WIN,12.14,BREAKEVEN_WIN,1,1
2026-04-24T03:45:00+00:00,XAUUSD,SELL,asia,bearish,impulsive,bearish,primary,engulfing_level_confirmation,A,unknown,strong,50.0,75.0,4672.14,4704.0,4660.0,4640.0,4620.0,31.859999999999673,12.140000000000327,32.14000000000033,52.14000000000033,0.3810420590081749,1.0087884494664363,1.6365348399246975,0.0,31.859999999999673,31.859999999999673,63.719999999999345,0.94,0.0,0.94,22.140000000000327,0.0,31.859999999999673,0.0,0.0,0.0,1.0,1,0,BREAKEVEN_WIN,12.14,BREAKEVEN_WIN,1,1
2026-04-24T03:45:00+00:00,XAUUSD,SELL,off_session,bearish,reversal_attempt,bearish,primary,engulfing_level_confirmation,A,unknown,strong,90.0,75.0,4672.14,4706.0,4620.0,4600.0,4575.0,33.9,52.1,72.1,97.1,1.54,2.13,2.87,1.0,33.9,33.9,67.8,0.94,0.0,0.94,22.140000000000327,22.140000000000327,27.859999999999673,0.0,0.0,0.0,1.0,0,1,LOSS,-33.86,SL_HIT,0,0
2026-04-24T04:30:00+00:00,XAUUSD,BUY,asia,bearish,impulsive,bearish,secondary,displacement_confirmation,A,unknown,weak,0.0,85.0,4667.9,4676.0,4680.0,4700.0,4720.0,8.100000000000364,12.100000000000364,32.100000000000364,52.100000000000364,1.493827160493805,3.96296296296283,6.432098765431855,0.0,8.100000000000364,8.100000000000364,16.200000000000728,0.5,0.0,0.5,17.899999999999636,0.0,8.100000000000364,0.0,0.0,0.0,0.0,0,1,LOSS,8.1,SL_HIT,0,0
2026-04-24T09:15:00+00:00,XAUUSD,SELL,new_york,bullish,impulsive,bullish,primary,engulfing_level_confirmation,A,unknown,weak,100.0,70.0,4683.4,4724.0,4664.09,4640.0,4620.0,40.600000000000364,19.30999999999949,43.399999999999636,63.399999999999636,0.4756157635467812,1.0689655172413608,1.56157635467978,0.0,40.600000000000364,40.600000000000364,81.20000000000073,0.92,0.0,0.92,16.600000000000364,0.0,40.600000000000364,0.0,0.0,0.0,0.0,0,1,LOSS,-40.6,SL_HIT,0,0
2026-04-24T11:00:00+00:00,XAUUSD,SELL,new_york,bullish,impulsive,bullish,primary,break_retest_close_confirmation,A,unknown,weak,55.0,80.0,4697.13,4717.04,4680.0,4660.0,4640.0,19.9,17.1,37.1,57.1,0.86,1.86,2.87,0.0,19.9,19.9,39.8,0.5,0.0,0.5,2.869999999999891,0.0,13.909999999999854,0.0,0.0,0.0,0.0,0,1,LOSS,-19.91,SL_HIT,0,0
2026-04-24T11:00:00+00:00,XAUUSD,SELL,new_york,bullish,impulsive,bullish,primary,break_retest_close_confirmation,A,unknown,weak,55.0,80.0,4697.13,4717.04,4680.0,4660.0,4640.0,19.9,17.1,37.1,57.1,0.86,1.86,2.87,0.0,19.9,19.9,39.8,0.5,0.0,0.5,2.869999999999891,0.0,13.909999999999854,0.0,0.0,0.0,0.0,0,1,LOSS,-19.91,SL_HIT,0,0
2026-04-24T11:00:00+00:00,XAUUSD,SELL,new_york,bullish,impulsive,bullish,primary,break_retest_close_confirmation,A,unknown,weak,55.0,80.0,4697.13,4717.04,4680.0,4660.0,4640.0,19.9,17.1,37.1,57.1,0.86,1.86,2.87,0.0,19.9,19.9,39.8,0.5,0.0,0.5,2.869999999999891,0.0,13.909999999999854,0.0,0.0,0.0,0.0,0,1,LOSS,-19.91,SL_HIT,0,0
2026-04-24T11:00:00+00:00,XAUUSD,BUY,off_session,bearish,reversal_attempt,bearish,secondary,structure_shift_confirmation,A+,unknown,weak,0.0,90.0,4697.13,4707.04,4711.04,4740.0,4760.0,9.909999999999854,13.909999999999854,42.86999999999989,62.86999999999989,1.40363269424824,4.325933400605502,6.344096871846702,0.0,9.909999999999854,9.909999999999854,19.81999999999971,0.5,0.0,0.5,2.869999999999891,0.0,9.909999999999854,0.0,0.0,0.0,0.0,1,0,BREAKEVEN_WIN,13.91,BREAKEVEN_WIN,1,1
2026-04-24T11:00:00+00:00,XAUUSD,SELL,off_session,bearish,reversal_attempt,bearish,primary,break_retest_close_confirmation,A,unknown,strong,55.0,80.0,4697.13,4715.04,4680.0,4660.0,4640.0,17.909999999999854,17.13000000000011,37.13000000000011,57.13000000000011,0.9564489112227944,2.073143495254071,3.1898380792853476,0.0,17.909999999999854,17.909999999999854,35.81999999999971,0.5,0.0,0.5,2.869999999999891,0.0,17.909999999999854,0.0,0.0,0.0,1.0,0,1,LOSS,-17.91,SL_HIT,0,0
2026-04-24T11:00:00+00:00,XAUUSD,SELL,new_york,bullish,impulsive,bullish,primary,break_retest_close_confirmation,A,unknown,weak,55.0,80.0,4697.13,4717.04,4680.0,4660.0,4640.0,19.9,17.1,37.1,57.1,0.86,1.86,2.87,0.0,19.9,19.9,39.8,0.5,0.0,0.5,2.869999999999891,0.0,13.909999999999854,0.0,0.0,0.0,0.0,0,1,LOSS,-19.91,SL_HIT,0,0
2026-04-24T11:00:00+00:00,XAUUSD,SELL,off_session,bearish,reversal_attempt,bearish,primary,break_retest_close_confirmation,A,unknown,strong,0.0,80.0,4697.13,4715.04,4680.0,4660.0,4640.0,17.909999999999854,17.13000000000011,37.13000000000011,57.13000000000011,0.9564489112227944,2.073143495254071,3.1898380792853476,0.0,17.909999999999854,17.909999999999854,35.81999999999971,0.5,0.0,0.5,2.869999999999891,0.0,17.909999999999854,0.0,0.0,0.0,1.0,0,1,LOSS,-17.91,SL_HIT,0,0
2026-04-24T11:00:00+00:00,XAUUSD,SELL,new_york,bullish,impulsive,bullish,primary,break_retest_close_confirmation,A,unknown,weak,55.0,80.0,4697.13,4717.04,4680.0,4660.0,4640.0,19.9,17.1,37.1,57.1,0.86,1.86,2.87,0.0,19.9,19.9,39.8,0.5,0.0,0.5,2.869999999999891,0.0,13.909999999999854,0.0,0.0,0.0,0.0,0,1,LOSS,-19.91,SL_HIT,0,0
2026-04-24T11:00:00+00:00,XAUUSD,SELL,new_york,bullish,impulsive,bullish,primary,break_retest_close_confirmation,A,unknown,weak,55.0,80.0,4697.13,4717.04,4680.0,4660.0,4640.0,19.9,17.1,37.1,57.1,0.86,1.86,2.87,0.0,19.9,19.9,39.8,0.5,0.0,0.5,2.869999999999891,0.0,13.909999999999854,0.0,0.0,0.0,0.0,0,1,LOSS,-19.91,SL_HIT,0,0
2026-04-24T11:00:00+00:00,XAUUSD,SELL,off_session,bearish,reversal_attempt,bearish,primary,break_retest_close_confirmation,A,unknown,strong,0.0,80.0,4697.13,4715.04,4680.0,4660.0,4640.0,17.909999999999854,17.13000000000011,37.13000000000011,57.13000000000011,0.9564489112227944,2.073143495254071,3.1898380792853476,0.0,17.909999999999854,17.909999999999854,35.81999999999971,0.5,0.0,0.5,2.869999999999891,0.0,17.909999999999854,0.0,0.0,0.0,1.0,0,1,LOSS,-17.91,SL_HIT,0,0
2026-04-24T11:00:00+00:00,XAUUSD,SELL,new_york,bullish,impulsive,bullish,primary,break_retest_close_confirmation,A,unknown,weak,55.0,80.0,4697.13,4717.04,4680.0,4660.0,4640.0,19.9,17.1,37.1,57.1,0.86,1.86,2.87,0.0,19.9,19.9,39.8,0.5,0.0,0.5,2.869999999999891,0.0,13.909999999999854,0.0,0.0,0.0,0.0,0,1,LOSS,-19.91,SL_HIT,0,0
2026-04-24T11:00:00+00:00,XAUUSD,SELL,new_york,bullish,impulsive,bullish,primary,break_retest_close_confirmation,A,unknown,weak,55.0,80.0,4697.13,4717.04,4680.0,4660.0,4640.0,19.9,17.1,37.1,57.1,0.86,1.86,2.87,0.0,19.9,19.9,39.8,0.5,0.0,0.5,2.869999999999891,0.0,13.909999999999854,0.0,0.0,0.0,0.0,0,1,LOSS,-19.91,SL_HIT,0,0
2026-04-24T11:15:00+00:00,XAUUSD,BUY,off_session,bearish,reversal_attempt,bearish,secondary,structure_shift_confirmation,A+,unknown,weak,0.0,90.0,4715.32,4716.0,4734.37,4760.0,4780.0,0.680000000000291,19.050000000000182,44.68000000000029,64.68000000000029,28.014705882341218,65.70588235291348,95.11764705878325,0.0,0.680000000000291,0.680000000000291,1.360000000000582,0.5,0.0,0.5,15.319999999999709,0.0,0.680000000000291,0.0,0.0,0.0,0.0,0,1,LOSS,0.68,SL_HIT,0,0
2026-04-24T11:30:00+00:00,XAUUSD,SELL,new_york,bullish,impulsive,bullish,primary,failed_retest_confirmation,A+,unknown,weak,0.0,90.0,4705.49,4721.22,4680.0,4660.0,4640.0,15.730000000000473,25.48999999999978,45.48999999999978,65.48999999999978,1.6204704386521942,2.8919262555625185,4.163382072472842,0.0,15.730000000000473,15.730000000000473,31.460000000000946,0.5,0.0,0.5,5.489999999999782,0.0,15.730000000000473,0.0,0.0,0.0,0.0,0,1,LOSS,-15.73,SL_HIT,0,0
2026-04-24T12:30:00+00:00,XAUUSD,SELL,off_session,bullish,impulsive,bullish,secondary,structure_shift_confirmation,A+,unknown,weak,0.0,95.0,4698.63,4684.0,4680.0,4660.0,4640.0,14.63000000000011,18.63000000000011,38.63000000000011,58.63000000000011,1.273410799726587,2.640464798359523,4.007518796992459,0.0,14.63000000000011,14.63000000000011,29.26000000000022,0.5,0.0,0.5,1.3699999999998909,0.0,14.63000000000011,0.0,0.0,0.0,0.0,0,1,LOSS,14.63,SL_HIT,0,0
2026-04-24T15:00:00+00:00,XAUUSD,BUY,off_session,bearish,impulsive,bearish,primary,break_retest_close_confirmation,A,unknown,weak,65.0,75.0,4721.91,4696.0,4733.24,4760.0,4780.0,25.909999999999854,11.329999999999927,38.090000000000146,58.090000000000146,0.437282902354303,1.4700887688151432,2.241991509069875,0.0,25.909999999999854,25.909999999999854,51.81999999999971,0.92,0.0,0.92,21.909999999999854,0.0,25.909999999999854,0.0,0.0,0.0,0.0,0,1,LOSS,-25.91,SL_HIT,0,0
2026-04-24T17:00:00+00:00,XAUUSD,BUY,off_session,bearish,reversal_attempt,bearish,secondary,structure_shift_confirmation,A+,unknown,weak,0.0,90.0,4727.53,4725.96,4740.0,4760.0,4780.0,1.569999999999709,12.470000000000255,32.470000000000255,52.470000000000255,7.942675159237304,20.681528662424377,33.42038216561145,0.0,1.569999999999709,1.569999999999709,3.139999999999418,0.96,0.0,0.96,22.470000000000255,0.0,1.569999999999709,0.0,0.0,0.0,0.0,0,1,LOSS,-1.57,SL_HIT,0,0
2026-04-24T17:00:00+00:00,XAUUSD,SELL,off_session,bearish,impulsive,bearish,primary,break_retest_close_confirmation,A,unknown,strong,85.0,80.0,4727.53,4733.96,4700.0,4680.0,4660.0,6.430000000000291,27.529999999999745,47.529999999999745,67.52999999999975,4.281493001554977,7.391912908242238,10.5023328149295,0.0,6.430000000000291,6.430000000000291,12.860000000000582,0.92,0.0,0.92,22.470000000000255,0.0,6.430000000000291,0.0,0.0,0.0,1.0,1,0,BREAKEVEN_WIN,27.53,BREAKEVEN_WIN,1,1
2026-04-24T17:15:00+00:00,XAUUSD,SELL,off_session,bearish,impulsive,bearish,primary,engulfing_level_confirmation,A,unknown,strong,80.0,80.0,4723.0,4733.96,4700.0,4680.0,4660.0,10.960000000000036,23.0,43.0,63.0,2.0985401459853943,3.9233576642335635,5.748175182481733,0.0,10.960000000000036,10.960000000000036,21.920000000000073,0.91,0.0,0.91,23.0,0.0,10.960000000000036,0.0,0.0,0.0,1.0,1,0,BREAKEVEN_WIN,23.0,BREAKEVEN_WIN,1,1
2026-04-24T18:00:00+00:00,XAUUSD,SELL,off_session,bearish,impulsive,bearish,primary,break_retest_close_confirmation,A,unknown,strong,85.0,80.0,4723.56,4733.67,4700.0,4680.0,4660.0,10.109999999999673,23.5600000000004,43.5600000000004,63.5600000000004,2.330365974283003,4.30860534124647,6.286844708209936,0.0,10.109999999999673,10.109999999999673,20.219999999999345,0.92,0.0,0.92,23.5600000000004,0.0,10.109999999999673,0.0,0.0,0.0,1.0,1,0,BREAKEVEN_WIN,23.56,BREAKEVEN_WIN,1,1
2026-04-24T18:15:00+00:00,XAUUSD,SELL,off_session,bearish,impulsive,bearish,primary,engulfing_level_confirmation,A,unknown,strong,50.0,80.0,4717.15,4733.67,4700.0,4680.0,4660.0,16.520000000000437,17.149999999999636,37.149999999999636,57.149999999999636,1.0381355932202896,2.248789346246892,3.459443099273494,0.0,16.520000000000437,16.520000000000437,33.04000000000087,0.91,0.0,0.91,17.149999999999636,0.0,16.520000000000437,0.0,0.0,0.0,1.0,1,0,BREAKEVEN_WIN,17.15,BREAKEVEN_WIN,1,1
2026-04-24T19:00:00+00:00,XAUUSD,SELL,off_session,bearish,impulsive,bearish,primary,failed_retest_confirmation,A+,unknown,strong,80.0,90.0,4722.31,4729.98,4700.0,4680.0,4660.0,7.669999999999163,22.3100000000004,42.3100000000004,62.3100000000004,2.9087353324645155,5.516297262060628,8.12385919165674,0.0,7.669999999999163,7.669999999999163,15.339999999998327,0.94,0.0,0.94,22.3100000000004,0.0,7.669999999999163,0.0,0.0,0.0,1.0,1,0,BREAKEVEN_WIN,22.31,BREAKEVEN_WIN,1,1
2026-04-24T20:00:00+00:00,XAUUSD,SELL,off_session,neutral,range,neutral,secondary,structure_shift_confirmation,A+,unknown,weak,0.0,95.0,4706.82,4704.0,4680.0,4660.0,4640.0,2.819999999999709,26.81999999999971,46.81999999999971,66.81999999999971,9.51063829787322,16.602836879434236,23.69503546099525,0.0,2.819999999999709,2.819999999999709,5.639999999999418,0.96,0.0,0.96,6.819999999999709,0.0,2.819999999999709,0.0,0.0,0.0,0.0,0,1,LOSS,2.82,SL_HIT,0,0
2026-04-27T00:00:00+00:00,XAUUSD,BUY,london,neutral,range,neutral,primary,break_retest_close_confirmation,A,unknown,weak,90.0,80.0,4679.62,4654.0,4720.0,4740.0,4765.0,25.6,40.4,60.4,85.4,1.58,2.36,3.33,1.0,25.6,25.6,51.2,0.92,0.0,0.92,20.38000000000011,20.38000000000011,19.61999999999989,0.0,0.0,0.0,0.0,1,0,EXPIRED_AFTER_TP1,0.0,BREAKEVEN_WIN,1,1
2026-04-27T00:00:00+00:00,XAUUSD,BUY,london,neutral,range,neutral,primary,break_retest_close_confirmation,A,unknown,weak,90.0,80.0,4679.62,4654.0,4720.0,4740.0,4765.0,25.6,40.4,60.4,85.4,1.58,2.36,3.33,1.0,25.6,25.6,51.2,0.92,0.0,0.92,20.38000000000011,20.38000000000011,19.61999999999989,0.0,0.0,0.0,0.0,1,0,EXPIRED_AFTER_TP1,0.0,BREAKEVEN_WIN,1,1
2026-04-27T00:00:00+00:00,XAUUSD,BUY,asia,bullish,reversal_attempt,bullish,primary,break_retest_close_confirmation,A,unknown,strong,90.0,80.0,4679.62,4668.08,4700.0,4720.0,4740.0,11.539999999999964,20.38000000000011,40.38000000000011,60.38000000000011,1.7660311958405697,3.499133448873504,5.232235701906438,0.0,11.539999999999964,11.539999999999964,23.079999999999927,0.92,0.0,0.92,20.38000000000011,0.0,11.539999999999964,0.0,0.0,0.0,1.0,1,0,BREAKEVEN_WIN,20.38,BREAKEVEN_WIN,1,1
2026-04-27T00:00:00+00:00,XAUUSD,BUY,london,neutral,range,neutral,primary,break_retest_close_confirmation,A,unknown,weak,90.0,80.0,4679.62,4654.0,4720.0,4740.0,4765.0,25.6,40.4,60.4,85.4,1.58,2.36,3.33,1.0,25.6,25.6,51.2,0.92,0.0,0.92,20.38000000000011,20.38000000000011,19.61999999999989,0.0,0.0,0.0,0.0,1,0,EXPIRED_AFTER_TP1,0.0,BREAKEVEN_WIN,1,1
2026-04-27T00:00:00+00:00,XAUUSD,BUY,london,neutral,range,neutral,primary,break_retest_close_confirmation,A,unknown,weak,90.0,80.0,4679.62,4654.0,4720.0,4740.0,4765.0,25.6,40.4,60.4,85.4,1.58,2.36,3.33,1.0,25.6,25.6,51.2,0.92,0.0,0.92,20.38000000000011,20.38000000000011,19.61999999999989,0.0,0.0,0.0,0.0,1,0,EXPIRED_AFTER_TP1,0.0,BREAKEVEN_WIN,1,1
2026-04-27T00:00:00+00:00,XAUUSD,BUY,asia,bullish,reversal_attempt,bullish,primary,break_retest_close_confirmation,A,unknown,strong,95.0,80.0,4679.62,4668.08,4700.0,4720.0,4740.0,11.539999999999964,20.38000000000011,40.38000000000011,60.38000000000011,1.7660311958405697,3.499133448873504,5.232235701906438,0.0,11.539999999999964,11.539999999999964,23.079999999999927,0.92,0.0,0.92,20.38000000000011,0.0,11.539999999999964,0.0,0.0,0.0,1.0,1,0,BREAKEVEN_WIN,20.38,BREAKEVEN_WIN,1,1
2026-04-27T00:00:00+00:00,XAUUSD,BUY,london,neutral,range,neutral,primary,break_retest_close_confirmation,A,unknown,weak,90.0,80.0,4679.62,4654.0,4720.0,4740.0,4765.0,25.6,40.4,60.4,85.4,1.58,2.36,3.33,1.0,25.6,25.6,51.2,0.92,0.0,0.92,20.38000000000011,20.38000000000011,19.61999999999989,0.0,0.0,0.0,0.0,1,0,EXPIRED_AFTER_TP1,0.0,BREAKEVEN_WIN,1,1
2026-04-27T00:00:00+00:00,XAUUSD,BUY,london,neutral,range,neutral,primary,break_retest_close_confirmation,A,unknown,weak,90.0,80.0,4679.62,4654.0,4720.0,4740.0,4765.0,25.6,40.4,60.4,85.4,1.58,2.36,3.33,1.0,25.6,25.6,51.2,0.92,0.0,0.92,20.38000000000011,20.38000000000011,19.61999999999989,0.0,0.0,0.0,0.0,1,0,EXPIRED_AFTER_TP1,0.0,BREAKEVEN_WIN,1,1
2026-04-27T00:00:00+00:00,XAUUSD,BUY,london,neutral,range,neutral,primary,break_retest_close_confirmation,A,unknown,weak,95.0,80.0,4679.62,4654.0,4720.0,4740.0,4765.0,25.6,40.4,60.4,85.4,1.58,2.36,3.33,1.0,25.6,25.6,51.2,0.92,0.0,0.92,20.38000000000011,20.38000000000011,19.61999999999989,0.0,0.0,0.0,0.0,1,0,EXPIRED_AFTER_TP1,0.0,BREAKEVEN_WIN,1,1
2026-04-27T00:00:00+00:00,XAUUSD,BUY,asia,bullish,reversal_attempt,bullish,primary,break_retest_close_confirmation,A,unknown,strong,95.0,80.0,4679.62,4668.08,4700.0,4720.0,4740.0,11.539999999999964,20.38000000000011,40.38000000000011,60.38000000000011,1.7660311958405697,3.499133448873504,5.232235701906438,0.0,11.539999999999964,11.539999999999964,23.079999999999927,0.92,0.0,0.92,20.38000000000011,0.0,11.539999999999964,0.0,0.0,0.0,1.0,1,0,BREAKEVEN_WIN,20.38,BREAKEVEN_WIN,1,1
2026-04-27T00:00:00+00:00,XAUUSD,BUY,london,neutral,range,neutral,primary,break_retest_close_confirmation,A,unknown,weak,90.0,80.0,4679.62,4654.0,4720.0,4740.0,4765.0,25.6,40.4,60.4,85.4,1.58,2.36,3.33,1.0,25.6,25.6,51.2,0.92,0.0,0.92,20.38000000000011,20.38000000000011,19.61999999999989,0.0,0.0,0.0,0.0,1,0,EXPIRED_AFTER_TP1,0.0,BREAKEVEN_WIN,1,1
2026-04-27T05:00:00+00:00,XAUUSD,SELL,asia,neutral,range,neutral,secondary,structure_shift_confirmation,A+,unknown,weak,0.0,95.0,4718.48,4704.0,4700.0,4680.0,4660.0,14.479999999999563,18.479999999999563,38.47999999999956,58.47999999999956,1.2762430939226603,2.6574585635359615,4.038674033149263,0.0,14.479999999999563,14.479999999999563,28.959999999999127,0.96,0.0,0.96,18.479999999999563,0.0,14.479999999999563,0.0,0.0,0.0,0.0,0,1,LOSS,14.48,SL_HIT,0,0
2026-04-27T10:30:00+00:00,XAUUSD,BUY,off_session,bearish,range,bearish,secondary,structure_shift_confirmation,A+,unknown,weak,0.0,90.0,4708.83,4725.4,4720.0,4740.0,4760.0,16.56999999999971,11.170000000000073,31.170000000000073,51.17000000000007,0.6741098370549348,1.8811104405552577,3.0881110440555806,0.0,16.56999999999971,16.56999999999971,33.13999999999942,0.96,0.0,0.96,8.829999999999927,0.0,16.56999999999971,0.0,0.0,0.0,0.0,0,1,LOSS,16.57,SL_HIT,0,0
2026-04-27T12:00:00+00:00,XAUUSD,BUY,off_session,bearish,impulsive,bearish,secondary,structure_shift_confirmation,A+,unknown,weak,0.0,95.0,4708.78,4721.32,4720.0,4740.0,4760.0,12.539999999999964,11.220000000000255,31.220000000000255,51.220000000000255,0.894736842105286,2.489633173843728,4.08452950558217,0.0,12.539999999999964,12.539999999999964,25.079999999999927,0.96,0.0,0.96,8.779999999999745,0.0,12.539999999999964,0.0,0.0,0.0,0.0,0,1,LOSS,12.54,SL_HIT,0,0
2026-04-27T13:15:00+00:00,XAUUSD,SELL,off_session,bearish,range,bearish,primary,break_retest_close_confirmation,A,unknown,strong,100.0,75.0,4699.91,4726.0,4660.0,4640.0,4620.0,26.1,39.9,59.9,79.9,1.53,2.3,3.06,1.0,26.1,26.1,52.2,0.92,0.0,0.92,0.09000000000014552,19.909999999999854,20.090000000000146,0.0,0.0,0.0,1.0,0,0,EXPIRED_BEFORE_TP,0.0,EXPIRED,0,0
2026-04-27T13:15:00+00:00,XAUUSD,SELL,off_session,bearish,range,bearish,primary,break_retest_close_confirmation,A,unknown,strong,100.0,75.0,4699.91,4726.0,4660.0,4640.0,4620.0,26.1,39.9,59.9,79.9,1.53,2.3,3.06,1.0,26.1,26.1,52.2,0.92,0.0,0.92,0.09000000000014552,19.909999999999854,20.090000000000146,0.0,0.0,0.0,1.0,0,0,EXPIRED,0.0,EXPIRED,0,0
2026-04-27T13:15:00+00:00,XAUUSD,SELL,off_session,bearish,range,bearish,primary,break_retest_close_confirmation,A,unknown,strong,100.0,75.0,4699.91,4726.0,4660.0,4640.0,4620.0,26.090000000000146,39.909999999999854,59.909999999999854,79.90999999999985,1.5297048677654133,2.296282100421599,3.062859333077785,0.0,26.090000000000146,26.090000000000146,52.18000000000029,0.92,0.0,0.92,0.09000000000014552,0.0,26.090000000000146,0.0,0.0,0.0,1.0,0,0,EXPIRED,0.0,EXPIRED,0,0
2026-04-27T14:00:00+00:00,XAUUSD,SELL,off_session,bearish,range,bearish,primary,engulfing_level_confirmation,A,unknown,strong,95.0,75.0,4692.46,4726.0,4650.0,4620.0,4600.0,33.5,42.5,72.5,92.5,1.27,2.16,2.76,1.0,33.5,33.5,67.0,0.91,0.0,0.91,7.539999999999964,17.61999999999989,27.539999999999964,0.0,0.0,0.0,1.0,0,0,EXPIRED_BEFORE_TP,0.0,EXPIRED,0,0
2026-04-27T14:00:00+00:00,XAUUSD,SELL,new_york,bearish,impulsive,bearish,primary,engulfing_level_confirmation,A,unknown,strong,95.0,75.0,4692.46,4724.0,4680.0,4660.0,4640.0,31.539999999999964,12.460000000000036,32.460000000000036,52.460000000000036,0.39505389980976696,1.0291693088142064,1.663284717818646,0.0,31.539999999999964,31.539999999999964,63.07999999999993,0.91,0.0,0.91,7.539999999999964,0.0,31.539999999999964,0.0,0.0,0.0,1.0,1,0,BREAKEVEN_WIN,12.46,BREAKEVEN_WIN,1,1
2026-04-27T14:00:00+00:00,XAUUSD,SELL,new_york,bearish,impulsive,bearish,primary,engulfing_level_confirmation,A,unknown,strong,60.0,75.0,4692.46,4724.0,4680.0,4660.0,4640.0,31.539999999999964,12.460000000000036,32.460000000000036,52.460000000000036,0.39505389980976696,1.0291693088142064,1.663284717818646,0.0,31.539999999999964,31.539999999999964,63.07999999999993,0.91,0.0,0.91,7.539999999999964,0.0,31.539999999999964,0.0,0.0,0.0,1.0,1,0,BREAKEVEN_WIN,12.46,BREAKEVEN_WIN,1,1
2026-04-27T15:30:00+00:00,XAUUSD,SELL,asia,bearish,range,bearish,primary,failed_retest_confirmation,A+,unknown,strong,95.0,95.0,4677.66,4704.0,4666.99,4640.0,4620.0,26.340000000000146,10.670000000000073,37.659999999999854,57.659999999999854,0.4050873196659079,1.429764616552758,2.189066059225495,0.0,26.340000000000146,26.340000000000146,52.68000000000029,0.94,0.0,0.94,22.340000000000146,0.0,26.340000000000146,0.0,0.0,0.0,1.0,0,0,EXPIRED,0.0,EXPIRED,0,0
2026-04-27T17:00:00+00:00,XAUUSD,SELL,asia,bearish,impulsive,bearish,primary,engulfing_level_confirmation,A,unknown,strong,80.0,75.0,4673.49,4706.0,4620.0,4600.0,4575.0,32.5,53.5,73.5,98.5,1.65,2.26,3.03,1.0,32.5,32.5,65.0,0.91,0.0,0.91,23.48999999999978,23.48999999999978,26.51000000000022,0.0,0.0,0.0,1.0,0,0,EXPIRED_BEFORE_TP,0.0,EXPIRED,0,0
2026-04-27T17:00:00+00:00,XAUUSD,SELL,asia,bearish,impulsive,bearish,primary,engulfing_level_confirmation,A,unknown,strong,80.0,75.0,4673.49,4706.0,4620.0,4600.0,4575.0,32.5,53.5,73.5,98.5,1.65,2.26,3.03,1.0,32.5,32.5,65.0,0.91,0.0,0.91,23.48999999999978,23.48999999999978,26.51000000000022,0.0,0.0,0.0,1.0,0,0,EXPIRED,0.0,EXPIRED,0,0
2026-04-27T17:00:00+00:00,XAUUSD,SELL,asia,bearish,impulsive,bearish,primary,engulfing_level_confirmation,A,unknown,strong,80.0,75.0,4673.49,4706.0,4620.0,4600.0,4575.0,32.51000000000022,53.48999999999978,73.48999999999978,98.48999999999978,1.645339895416777,2.2605352199323065,3.0295293755767188,0.0,32.51000000000022,32.51000000000022,65.02000000000044,0.91,0.0,0.91,23.48999999999978,0.0,32.51000000000022,0.0,0.0,0.0,1.0,0,0,EXPIRED,0.0,EXPIRED,0,0
2026-04-27T17:15:00+00:00,XAUUSD,BUY,off_session,bearish,impulsive,bearish,secondary,structure_shift_confirmation,A+,unknown,weak,0.0,95.0,4679.68,4696.0,4700.0,4720.0,4740.0,16.31999999999971,20.31999999999971,40.31999999999971,60.31999999999971,1.2450980392156907,2.470588235294144,3.696078431372597,0.0,16.31999999999971,16.31999999999971,32.63999999999942,0.96,0.0,0.96,20.31999999999971,0.0,16.31999999999971,0.0,0.0,0.0,0.0,0,1,LOSS,16.32,SL_HIT,0,0
2026-04-27T22:00:00+00:00,XAUUSD,BUY,off_session,bearish,range,bearish,secondary,structure_shift_confirmation,A+,unknown,weak,0.0,90.0,4689.43,4711.71,4700.0,4720.0,4740.0,22.279999999999745,10.569999999999709,30.56999999999971,50.56999999999971,0.47441651705564764,1.3720825852782792,2.2697486535009106,0.0,22.279999999999745,22.279999999999745,44.55999999999949,0.96,0.0,0.96,10.569999999999709,0.0,22.279999999999745,0.0,0.0,0.0,0.0,0,1,LOSS,22.28,SL_HIT,0,0
2026-04-27T23:15:00+00:00,XAUUSD,BUY,off_session,bearish,reversal_attempt,bearish,secondary,structure_shift_confirmation,A+,unknown,weak,0.0,90.0,4690.59,4710.72,4714.72,4740.0,4760.0,20.13000000000011,24.13000000000011,49.409999999999854,69.40999999999985,1.1987083954297058,2.454545454545434,3.4480874316939634,0.0,20.13000000000011,20.13000000000011,40.26000000000022,0.96,0.0,0.96,9.409999999999854,0.0,20.13000000000011,0.0,0.0,0.0,0.0,0,1,LOSS,20.13,SL_HIT,0,0
2026-04-28T00:00:00+00:00,XAUUSD,SELL,asia,bearish,impulsive,bearish,primary,break_retest_close_confirmation,A,unknown,strong,60.0,80.0,4697.96,4716.61,4680.0,4660.0,4640.0,18.649999999999636,17.960000000000036,37.960000000000036,57.960000000000036,0.9630026809651682,2.0353887399464226,3.1077747989276765,0.0,18.649999999999636,18.649999999999636,37.29999999999927,0.92,0.0,0.92,2.0399999999999636,0.0,18.649999999999636,0.0,0.0,0.0,1.0,1,0,BREAKEVEN_WIN,17.96,BREAKEVEN_WIN,1,1
2026-04-28T00:00:00+00:00,XAUUSD,SELL,asia,bearish,impulsive,bearish,primary,break_retest_close_confirmation,A,unknown,strong,60.0,80.0,4697.96,4718.61,4680.0,4660.0,4640.0,20.6,18.0,38.0,58.0,0.87,1.84,2.81,0.0,20.6,20.6,41.2,0.92,0.0,0.92,2.0399999999999636,0.0,14.649999999999636,0.0,0.0,0.0,1.0,1,0,WIN,37.96,TP1_OR_BETTER,1,1
2026-04-28T00:00:00+00:00,XAUUSD,BUY,asia,bearish,range,bearish,secondary,structure_shift_confirmation,A+,unknown,weak,0.0,90.0,4697.96,4708.61,4712.61,4740.0,4760.0,10.649999999999636,14.649999999999636,42.039999999999964,62.039999999999964,1.3755868544601066,3.947417840375718,5.825352112676252,0.0,10.649999999999636,10.649999999999636,21.299999999999272,0.96,0.0,0.96,2.0399999999999636,0.0,10.649999999999636,0.0,0.0,0.0,0.0,0,1,LOSS,10.65,SL_HIT,0,0
2026-04-28T00:00:00+00:00,XAUUSD,SELL,asia,bearish,impulsive,bearish,primary,break_retest_close_confirmation,A,unknown,strong,60.0,80.0,4697.96,4718.61,4680.0,4660.0,4640.0,20.6,18.0,38.0,58.0,0.87,1.84,2.81,0.0,20.6,20.6,41.2,0.92,0.0,0.92,2.0399999999999636,0.0,14.649999999999636,0.0,0.0,0.0,1.0,1,0,WIN,37.96,TP1_OR_BETTER,1,1
2026-04-28T00:00:00+00:00,XAUUSD,SELL,asia,bearish,impulsive,bearish,primary,break_retest_close_confirmation,A,unknown,strong,60.0,80.0,4697.96,4718.61,4680.0,4660.0,4640.0,20.6,18.0,38.0,58.0,0.87,1.84,2.81,0.0,20.6,20.6,41.2,0.92,0.0,0.92,2.0399999999999636,0.0,14.649999999999636,0.0,0.0,0.0,1.0,1,0,WIN,37.96,TP1_OR_BETTER,1,1
2026-04-28T00:00:00+00:00,XAUUSD,SELL,asia,bearish,impulsive,bearish,primary,break_retest_close_confirmation,A,unknown,strong,60.0,80.0,4697.96,4718.61,4680.0,4660.0,4640.0,20.6,18.0,38.0,58.0,0.87,1.84,2.81,0.0,20.6,20.6,41.2,0.92,0.0,0.92,2.0399999999999636,0.0,14.649999999999636,0.0,0.0,0.0,1.0,1,0,WIN,37.96,TP1_OR_BETTER,1,1
2026-04-28T00:00:00+00:00,XAUUSD,SELL,asia,bearish,impulsive,bearish,primary,break_retest_close_confirmation,A,unknown,strong,60.0,80.0,4697.96,4718.61,4680.0,4660.0,4640.0,20.6,18.0,38.0,58.0,0.87,1.84,2.81,0.0,20.6,20.6,41.2,0.92,0.0,0.92,2.0399999999999636,0.0,14.649999999999636,0.0,0.0,0.0,1.0,1,0,WIN,37.96,TP1_OR_BETTER,1,1
2026-04-28T00:00:00+00:00,XAUUSD,SELL,asia,bearish,impulsive,bearish,primary,break_retest_close_confirmation,A,unknown,strong,60.0,80.0,4697.96,4718.61,4680.0,4660.0,4640.0,20.6,18.0,38.0,58.0,0.87,1.84,2.81,0.0,20.6,20.6,41.2,0.92,0.0,0.92,2.0399999999999636,0.0,14.649999999999636,0.0,0.0,0.0,1.0,1,0,WIN,37.96,TP1_OR_BETTER,1,1
2026-04-28T00:00:00+00:00,XAUUSD,SELL,asia,bearish,impulsive,bearish,primary,break_retest_close_confirmation,A,unknown,strong,60.0,80.0,4697.96,4716.61,4680.0,4660.0,4640.0,18.649999999999636,17.960000000000036,37.960000000000036,57.960000000000036,0.9630026809651682,2.0353887399464226,3.1077747989276765,0.0,18.649999999999636,18.649999999999636,37.29999999999927,0.92,0.0,0.92,2.0399999999999636,0.0,18.649999999999636,0.0,0.0,0.0,1.0,1,0,BREAKEVEN_WIN,17.96,BREAKEVEN_WIN,1,1
2026-04-28T00:00:00+00:00,XAUUSD,SELL,asia,bearish,impulsive,bearish,primary,break_retest_close_confirmation,A,unknown,strong,60.0,80.0,4697.96,4716.61,4680.0,4660.0,4640.0,18.649999999999636,17.960000000000036,37.960000000000036,57.960000000000036,0.9630026809651682,2.0353887399464226,3.1077747989276765,0.0,18.649999999999636,18.649999999999636,37.29999999999927,0.92,0.0,0.92,2.0399999999999636,0.0,18.649999999999636,0.0,0.0,0.0,1.0,1,0,BREAKEVEN_WIN,17.96,BREAKEVEN_WIN,1,1
2026-04-28T00:00:00+00:00,XAUUSD,SELL,asia,bearish,impulsive,bearish,primary,break_retest_close_confirmation,A,unknown,strong,60.0,80.0,4697.96,4718.61,4680.0,4660.0,4640.0,20.6,18.0,38.0,58.0,0.87,1.84,2.81,0.0,20.6,20.6,41.2,0.92,0.0,0.92,2.0399999999999636,0.0,14.649999999999636,0.0,0.0,0.0,1.0,1,0,WIN,37.96,TP1_OR_BETTER,1,1
2026-04-28T00:00:00+00:00,XAUUSD,SELL,asia,bearish,impulsive,bearish,primary,break_retest_close_confirmation,A,unknown,strong,60.0,80.0,4697.96,4718.61,4680.0,4660.0,4640.0,20.6,18.0,38.0,58.0,0.87,1.84,2.81,0.0,20.6,20.6,41.2,0.92,0.0,0.92,2.0399999999999636,0.0,14.649999999999636,0.0,0.0,0.0,1.0,1,0,WIN,37.96,TP1_OR_BETTER,1,1
2026-04-28T05:30:00+00:00,XAUUSD,SELL,off_session,bearish,impulsive,bearish,primary,sweep_reclaim_confirmation,A+,unknown,strong,65.0,85.0,4624.89,4656.0,4600.0,4580.0,4560.0,31.1,24.9,44.9,64.9,0.8,1.44,2.09,0.0,31.1,31.1,62.2,0.96,0.0,0.96,24.890000000000327,0.0,25.109999999999673,0.0,0.0,0.0,1.0,1,0,BREAKEVEN_WIN,24.89,BREAKEVEN_WIN,1,1
2026-04-28T05:30:00+00:00,XAUUSD,SELL,off_session,bearish,impulsive,bearish,primary,sweep_reclaim_confirmation,A+,unknown,strong,65.0,85.0,4624.89,4656.0,4600.0,4580.0,4560.0,31.1,24.9,44.9,64.9,0.8,1.44,2.09,0.0,31.1,31.1,62.2,0.96,0.0,0.96,24.890000000000327,0.0,25.109999999999673,0.0,0.0,0.0,1.0,1,0,WIN,44.89,TP1_OR_BETTER,1,1
2026-04-28T05:30:00+00:00,XAUUSD,SELL,off_session,bearish,impulsive,bearish,primary,sweep_reclaim_confirmation,A+,unknown,strong,65.0,85.0,4624.89,4656.0,4600.0,4580.0,4560.0,31.109999999999673,24.890000000000327,44.89000000000033,64.89000000000033,0.800064288010305,1.4429443908711284,2.0858244937319514,0.0,31.109999999999673,31.109999999999673,62.219999999999345,0.96,0.0,0.96,24.890000000000327,0.0,31.109999999999673,0.0,0.0,0.0,1.0,1,0,BREAKEVEN_WIN,24.89,BREAKEVEN_WIN,1,1
2026-04-28T11:15:00+00:00,XAUUSD,SELL,off_session,bearish,impulsive,bearish,primary,break_retest_close_confirmation,A,unknown,strong,85.0,85.0,4599.4,4624.0,4580.0,4560.0,4540.0,24.600000000000364,19.399999999999636,39.399999999999636,59.399999999999636,0.7886178861788353,1.6016260162601241,2.4146341463414127,0.0,24.600000000000364,24.600000000000364,49.20000000000073,0.92,0.0,0.92,0.6000000000003638,0.0,24.600000000000364,0.0,0.0,0.0,1.0,1,0,BREAKEVEN_WIN,19.4,BREAKEVEN_WIN,1,1
2026-04-28T11:15:00+00:00,XAUUSD,SELL,off_session,bearish,range,bearish,primary,break_retest_close_confirmation,A,unknown,strong,85.0,85.0,4599.4,4626.0,4560.0,4540.0,4520.0,26.6,39.4,59.4,79.4,1.48,2.23,2.99,1.0,26.6,26.6,53.2,0.92,0.0,0.92,0.6000000000003638,19.399999999999636,20.600000000000364,0.0,0.0,0.0,1.0,0,0,EXPIRED,0.0,EXPIRED,0,0
2026-04-28T11:15:00+00:00,XAUUSD,SELL,off_session,bearish,range,bearish,primary,break_retest_close_confirmation,A,unknown,strong,85.0,85.0,4599.4,4626.0,4560.0,4540.0,4520.0,26.600000000000364,39.399999999999636,59.399999999999636,79.39999999999964,1.481203007518763,2.233082706766873,2.9849624060149833,0.0,26.600000000000364,26.600000000000364,53.20000000000073,0.92,0.0,0.92,0.6000000000003638,0.0,26.600000000000364,0.0,0.0,0.0,1.0,0,0,EXPIRED,0.0,EXPIRED,0,0
2026-04-28T11:15:00+00:00,XAUUSD,SELL,off_session,bearish,impulsive,bearish,primary,break_retest_close_confirmation,A,unknown,strong,55.0,85.0,4599.4,4624.0,4580.0,4560.0,4540.0,24.600000000000364,19.399999999999636,39.399999999999636,59.399999999999636,0.7886178861788353,1.6016260162601241,2.4146341463414127,0.0,24.600000000000364,24.600000000000364,49.20000000000073,0.92,0.0,0.92,0.6000000000003638,0.0,24.600000000000364,0.0,0.0,0.0,1.0,1,0,BREAKEVEN_WIN,19.4,BREAKEVEN_WIN,1,1
2026-04-28T11:15:00+00:00,XAUUSD,SELL,off_session,bearish,range,bearish,primary,break_retest_close_confirmation,A,unknown,strong,85.0,85.0,4599.4,4626.0,4560.0,4540.0,4520.0,26.6,39.4,59.4,79.4,1.48,2.23,2.99,1.0,26.6,26.6,53.2,0.92,0.0,0.92,0.6000000000003638,19.399999999999636,20.600000000000364,0.0,0.0,0.0,1.0,0,0,EXPIRED_BEFORE_TP,0.0,EXPIRED,0,0
2026-04-28T11:15:00+00:00,XAUUSD,SELL,off_session,bearish,range,bearish,primary,break_retest_close_confirmation,A,unknown,strong,85.0,85.0,4599.4,4626.0,4560.0,4540.0,4520.0,26.6,39.4,59.4,79.4,1.48,2.23,2.99,1.0,26.6,26.6,53.2,0.92,0.0,0.92,0.6000000000003638,19.399999999999636,20.600000000000364,0.0,0.0,0.0,1.0,0,0,EXPIRED_BEFORE_TP,0.0,EXPIRED,0,0
2026-04-28T11:30:00+00:00,XAUUSD,SELL,off_session,bearish,range,bearish,primary,structure_shift_confirmation,A+,unknown,strong,0.0,95.0,4572.19,4604.0,4560.0,4540.0,4520.0,31.8100000000004,12.1899999999996,32.1899999999996,52.1899999999996,0.3832128261552797,1.011945928953134,1.6406790317509885,0.0,31.8100000000004,31.8100000000004,63.6200000000008,0.96,0.0,0.96,22.1899999999996,0.0,31.8100000000004,0.0,0.0,0.0,1.0,0,0,EXPIRED,0.0,EXPIRED,0,0
2026-04-28T12:00:00+00:00,XAUUSD,BUY,off_session,bearish,impulsive,bearish,secondary,displacement_confirmation,A,unknown,weak,0.0,85.0,4581.6,4616.0,4600.0,4620.0,4640.0,34.399999999999636,18.399999999999636,38.399999999999636,58.399999999999636,0.5348837209302276,1.1162790697674432,1.6976744186046586,0.0,34.399999999999636,34.399999999999636,68.79999999999927,0.9,0.0,0.9,18.399999999999636,0.0,34.399999999999636,0.0,0.0,0.0,0.0,0,1,LOSS,34.4,SL_HIT,0,0
2026-04-28T13:00:00+00:00,XAUUSD,SELL,off_session,bearish,range,bearish,primary,failed_retest_confirmation,A+,unknown,strong,95.0,95.0,4576.3,4604.0,4560.0,4540.0,4520.0,27.699999999999818,16.300000000000182,36.30000000000018,56.30000000000018,0.5884476534296134,1.3104693140794375,2.032490974729262,0.0,27.699999999999818,27.699999999999818,55.399999999999636,0.94,0.0,0.94,23.699999999999818,0.0,27.699999999999818,0.0,0.0,0.0,1.0,0,0,EXPIRED,0.0,EXPIRED,0,0
2026-04-28T13:00:00+00:00,XAUUSD,SELL,off_session,bearish,range,bearish,primary,failed_retest_confirmation,A+,unknown,strong,95.0,95.0,4576.3,4604.0,4560.0,4540.0,4520.0,27.699999999999818,16.300000000000182,36.30000000000018,56.30000000000018,0.5884476534296134,1.3104693140794375,2.032490974729262,0.0,27.699999999999818,27.699999999999818,55.399999999999636,0.94,0.0,0.94,23.699999999999818,0.0,27.699999999999818,0.0,0.0,0.0,1.0,0,0,EXPIRED,0.0,EXPIRED,0,0
2026-04-28T14:30:00+00:00,XAUUSD,SELL,off_session,bearish,range,bearish,primary,engulfing_level_confirmation,A,unknown,strong,60.0,75.0,4563.97,4604.0,4550.0,4520.0,4500.0,40.029999999999745,13.970000000000255,43.970000000000255,63.970000000000255,0.3489882588059042,1.0984261803647397,1.5980514614039636,0.0,40.029999999999745,40.029999999999745,80.05999999999949,0.91,0.0,0.91,13.970000000000255,0.0,40.029999999999745,0.0,0.0,0.0,1.0,0,0,EXPIRED,0.0,EXPIRED,0,0
2026-04-28T14:45:00+00:00,XAUUSD,BUY,new_york,bearish,impulsive,bearish,secondary,displacement_confirmation,A,unknown,weak,0.0,85.0,4574.3,4596.0,4600.0,4620.0,4640.0,21.699999999999818,25.699999999999818,45.69999999999982,65.69999999999982,1.1843317972350247,2.1059907834101477,3.0276497695852704,0.0,21.699999999999818,21.699999999999818,43.399999999999636,0.9,0.0,0.9,24.300000000000182,0.0,21.699999999999818,0.0,0.0,0.0,0.0,0,1,LOSS,21.7,SL_HIT,0,0
2026-04-28T15:30:00+00:00,XAUUSD,SELL,asia,bearish,range,bearish,primary,break_retest_close_confirmation,A,unknown,strong,100.0,85.0,4577.59,4606.0,4540.0,4520.0,4500.0,28.4,37.6,57.6,77.6,1.32,2.03,2.73,1.0,28.4,28.4,56.8,0.92,0.0,0.92,22.409999999999854,17.590000000000146,22.409999999999854,0.0,0.0,0.0,1.0,0,1,LOSS,-28.41,SL_HIT,0,0
2026-04-28T15:30:00+00:00,XAUUSD,SELL,asia,bearish,range,bearish,primary,break_retest_close_confirmation,A,unknown,strong,100.0,85.0,4577.59,4606.0,4540.0,4520.0,4500.0,28.4,37.6,57.6,77.6,1.32,2.03,2.73,1.0,28.4,28.4,56.8,0.92,0.0,0.92,22.409999999999854,17.590000000000146,22.409999999999854,0.0,0.0,0.0,1.0,0,1,LOSS,-28.41,SL_HIT,0,0
2026-04-28T15:30:00+00:00,XAUUSD,SELL,asia,bearish,range,bearish,primary,break_retest_close_confirmation,A,unknown,strong,100.0,85.0,4577.59,4606.0,4540.0,4520.0,4500.0,28.4,37.6,57.6,77.6,1.32,2.03,2.73,1.0,28.4,28.4,56.8,0.92,0.0,0.92,22.409999999999854,17.590000000000146,22.409999999999854,0.0,0.0,0.0,1.0,0,1,LOSS,-28.41,SL_HIT,0,0
2026-04-28T15:30:00+00:00,XAUUSD,SELL,asia,bearish,range,bearish,primary,break_retest_close_confirmation,A,unknown,strong,100.0,85.0,4577.59,4606.0,4540.0,4520.0,4500.0,28.4,37.6,57.6,77.6,1.32,2.03,2.73,1.0,28.4,28.4,56.8,0.92,0.0,0.92,22.409999999999854,17.590000000000146,22.409999999999854,0.0,0.0,0.0,1.0,0,1,LOSS,-28.41,SL_HIT,0,0
2026-04-28T15:30:00+00:00,XAUUSD,SELL,asia,bearish,range,bearish,primary,break_retest_close_confirmation,A,unknown,strong,100.0,85.0,4577.59,4606.0,4540.0,4520.0,4500.0,28.4,37.6,57.6,77.6,1.32,2.03,2.73,1.0,28.4,28.4,56.8,0.92,0.0,0.92,22.409999999999854,17.590000000000146,22.409999999999854,0.0,0.0,0.0,1.0,0,1,LOSS,-28.41,SL_HIT,0,0
2026-04-28T15:30:00+00:00,XAUUSD,SELL,asia,bearish,range,bearish,primary,break_retest_close_confirmation,A,unknown,strong,100.0,85.0,4577.59,4606.0,4540.0,4520.0,4500.0,28.4,37.6,57.6,77.6,1.32,2.03,2.73,1.0,28.4,28.4,56.8,0.92,0.0,0.92,22.409999999999854,17.590000000000146,22.409999999999854,0.0,0.0,0.0,1.0,0,1,LOSS,-28.41,SL_HIT,0,0
2026-04-28T15:30:00+00:00,XAUUSD,SELL,asia,bearish,range,bearish,primary,break_retest_close_confirmation,A,unknown,strong,100.0,85.0,4577.59,4606.0,4540.0,4520.0,4500.0,28.4,37.6,57.6,77.6,1.32,2.03,2.73,1.0,28.4,28.4,56.8,0.92,0.0,0.92,22.409999999999854,17.590000000000146,22.409999999999854,0.0,0.0,0.0,1.0,0,1,LOSS,-28.41,SL_HIT,0,0
2026-04-28T15:30:00+00:00,XAUUSD,SELL,asia,bearish,range,bearish,primary,break_retest_close_confirmation,A,unknown,strong,100.0,85.0,4577.59,4604.0,4560.0,4540.0,4520.0,26.409999999999854,17.590000000000146,37.590000000000146,57.590000000000146,0.6660355925785779,1.4233244982961133,2.180613404013649,0.0,26.409999999999854,26.409999999999854,52.81999999999971,0.92,0.0,0.92,22.409999999999854,0.0,26.409999999999854,0.0,0.0,0.0,1.0,0,1,LOSS,-26.41,SL_HIT,0,0
2026-04-28T15:45:00+00:00,XAUUSD,BUY,off_session,bearish,impulsive,bearish,secondary,structure_shift_confirmation,A+,unknown,weak,0.0,95.0,4586.22,4596.0,4600.0,4620.0,4640.0,9.779999999999745,13.779999999999745,33.779999999999745,53.779999999999745,1.4089979550102356,3.4539877300614137,5.498977505112592,0.0,9.779999999999745,9.779999999999745,19.55999999999949,0.96,0.0,0.96,13.779999999999745,0.0,9.779999999999745,0.0,0.0,0.0,0.0,0,1,LOSS,9.78,SL_HIT,0,0
2026-04-28T17:45:00+00:00,XAUUSD,SELL,asia,bearish,impulsive,bearish,primary,failed_retest_confirmation,A+,unknown,strong,85.0,95.0,4594.79,4624.0,4580.0,4560.0,4540.0,29.210000000000036,14.789999999999964,34.789999999999964,54.789999999999964,0.5063334474495017,1.1910304690174571,1.8757274905854124,0.0,29.210000000000036,29.210000000000036,58.42000000000007,0.94,0.0,0.94,5.210000000000036,0.0,29.210000000000036,0.0,0.0,0.0,1.0,0,0,EXPIRED,0.0,EXPIRED,0,0
2026-04-28T20:15:00+00:00,XAUUSD,SELL,asia,bearish,impulsive,bearish,primary,engulfing_level_confirmation,A,unknown,strong,50.0,80.0,4592.93,4624.0,4580.0,4560.0,4540.0,31.06999999999971,12.930000000000291,32.93000000000029,52.93000000000029,0.4161570646926428,1.0598648213711168,1.7035725780495907,0.0,31.06999999999971,31.06999999999971,62.13999999999942,0.91,0.0,0.91,7.069999999999709,0.0,31.06999999999971,0.0,0.0,0.0,1.0,0,0,EXPIRED,0.0,EXPIRED,0,0
2026-04-28T23:45:00+00:00,XAUUSD,BUY,asia,bearish,range,bearish,secondary,structure_shift_confirmation,A+,unknown,weak,0.0,90.0,4595.76,4616.0,4620.0,4640.0,4660.0,20.23999999999978,24.23999999999978,44.23999999999978,64.23999999999978,1.197628458498026,2.185770750988155,3.1739130434782843,0.0,20.23999999999978,20.23999999999978,40.47999999999956,0.96,0.0,0.96,4.239999999999782,0.0,20.23999999999978,0.0,0.0,0.0,0.0,0,1,LOSS,20.24,SL_HIT,0,0
2026-04-29T00:00:00+00:00,XAUUSD,BUY,asia,bearish,range,bearish,secondary,structure_shift_confirmation,A+,unknown,weak,0.0,90.0,4607.5,4626.01,4620.0,4640.0,4660.0,18.51000000000022,12.5,32.5,52.5,0.6753106428957241,1.7558076715288826,2.836304700162041,0.0,18.51000000000022,18.51000000000022,37.02000000000044,0.96,0.0,0.96,7.5,0.0,18.51000000000022,0.0,0.0,0.0,0.0,0,1,LOSS,18.51,SL_HIT,0,0
2026-04-29T01:00:00+00:00,XAUUSD,SELL,london,bearish,impulsive,bearish,primary,structure_shift_confirmation,A+,unknown,strong,0.0,95.0,4582.51,4620.34,4560.0,4540.0,4520.0,37.82999999999993,22.51000000000022,42.51000000000022,62.51000000000022,0.5950303991541174,1.1237113402061936,1.6523922812582696,0.0,37.82999999999993,37.82999999999993,75.65999999999985,0.96,0.0,0.96,17.48999999999978,0.0,37.82999999999993,0.0,0.0,0.0,1.0,0,0,EXPIRED,0.0,EXPIRED,0,0
2026-04-29T02:00:00+00:00,XAUUSD,BUY,asia,bearish,impulsive,bearish,secondary,structure_shift_confirmation,A+,unknown,weak,0.0,95.0,4601.02,4612.34,4616.34,4640.0,4660.0,11.319999999999709,15.319999999999709,38.97999999999956,58.97999999999956,1.3533568904593731,3.4434628975265515,5.210247349823417,0.0,11.319999999999709,11.319999999999709,22.639999999999418,0.96,0.0,0.96,1.0200000000004366,0.0,11.319999999999709,0.0,0.0,0.0,0.0,0,1,LOSS,11.32,SL_HIT,0,0
2026-04-29T04:45:00+00:00,XAUUSD,SELL,london,bearish,impulsive,bearish,primary,break_retest_close_confirmation,A,unknown,strong,90.0,80.0,4604.63,4612.55,4580.0,4560.0,4540.0,7.920000000000073,24.63000000000011,44.63000000000011,64.63000000000011,3.10984848484847,5.635101010100972,8.160353535353474,0.0,7.920000000000073,7.920000000000073,15.840000000000146,0.92,0.0,0.92,4.630000000000109,0.0,7.920000000000073,0.0,0.0,0.0,1.0,1,0,BREAKEVEN_WIN,24.63,BREAKEVEN_WIN,1,1
2026-04-29T04:45:00+00:00,XAUUSD,SELL,london,bearish,impulsive,bearish,primary,break_retest_close_confirmation,A,unknown,strong,90.0,80.0,4604.63,4614.55,4580.0,4560.0,4535.0,9.9,24.6,44.6,69.6,2.48,4.5,7.02,0.0,9.9,9.9,19.8,0.92,0.0,0.92,4.630000000000109,0.0,3.9200000000000728,0.0,0.0,0.0,1.0,1,0,WIN,44.63,TP1_OR_BETTER,1,1
2026-04-29T04:45:00+00:00,XAUUSD,SELL,london,bearish,impulsive,bearish,primary,break_retest_close_confirmation,A,unknown,strong,90.0,80.0,4604.63,4614.55,4580.0,4560.0,4535.0,9.9,24.6,44.6,69.6,2.48,4.5,7.02,0.0,9.9,9.9,19.8,0.92,0.0,0.92,4.630000000000109,0.0,3.9200000000000728,0.0,0.0,0.0,1.0,1,0,WIN,44.63,TP1_OR_BETTER,1,1
2026-04-29T04:45:00+00:00,XAUUSD,SELL,london,bearish,impulsive,bearish,primary,break_retest_close_confirmation,A,unknown,strong,90.0,80.0,4604.63,4614.55,4580.0,4560.0,4535.0,9.9,24.6,44.6,69.6,2.48,4.5,7.02,0.0,9.9,9.9,19.8,0.92,0.0,0.92,4.630000000000109,0.0,3.9200000000000728,0.0,0.0,0.0,1.0,1,0,WIN,44.63,TP1_OR_BETTER,1,1
2026-04-29T04:45:00+00:00,XAUUSD,SELL,london,bearish,impulsive,bearish,primary,break_retest_close_confirmation,A,unknown,strong,90.0,80.0,4604.63,4614.55,4580.0,4560.0,4535.0,9.9,24.6,44.6,69.6,2.48,4.5,7.02,0.0,9.9,9.9,19.8,0.92,0.0,0.92,4.630000000000109,0.0,3.9200000000000728,0.0,0.0,0.0,1.0,1,0,WIN,44.63,TP1_OR_BETTER,1,1
2026-04-29T04:45:00+00:00,XAUUSD,SELL,london,bearish,impulsive,bearish,primary,break_retest_close_confirmation,A,unknown,strong,90.0,80.0,4604.63,4614.55,4580.0,4560.0,4535.0,9.9,24.6,44.6,69.6,2.48,4.5,7.02,0.0,9.9,9.9,19.8,0.92,0.0,0.92,4.630000000000109,0.0,3.9200000000000728,0.0,0.0,0.0,1.0,1,0,WIN,44.63,TP1_OR_BETTER,1,1
2026-04-29T04:45:00+00:00,XAUUSD,SELL,london,bearish,impulsive,bearish,primary,break_retest_close_confirmation,A,unknown,strong,90.0,80.0,4604.63,4614.55,4580.0,4560.0,4535.0,9.9,24.6,44.6,69.6,2.48,4.5,7.02,0.0,9.9,9.9,19.8,0.92,0.0,0.92,4.630000000000109,0.0,3.9200000000000728,0.0,0.0,0.0,1.0,1,0,BREAKEVEN_WIN,24.63,BREAKEVEN_WIN,1,1
2026-04-29T04:45:00+00:00,XAUUSD,SELL,london,bearish,impulsive,bearish,primary,break_retest_close_confirmation,A,unknown,strong,90.0,80.0,4604.63,4614.55,4580.0,4560.0,4535.0,9.9,24.6,44.6,69.6,2.48,4.5,7.02,0.0,9.9,9.9,19.8,0.92,0.0,0.92,4.630000000000109,0.0,3.9200000000000728,0.0,0.0,0.0,1.0,1,0,WIN,44.63,TP1_OR_BETTER,1,1
2026-04-29T04:45:00+00:00,XAUUSD,SELL,london,bearish,impulsive,bearish,primary,break_retest_close_confirmation,A,unknown,strong,90.0,80.0,4604.63,4614.55,4580.0,4560.0,4535.0,9.9,24.6,44.6,69.6,2.48,4.5,7.02,0.0,9.9,9.9,19.8,0.92,0.0,0.92,4.630000000000109,0.0,3.9200000000000728,0.0,0.0,0.0,1.0,1,0,WIN,44.63,TP1_OR_BETTER,1,1
2026-04-29T04:45:00+00:00,XAUUSD,SELL,london,bearish,impulsive,bearish,primary,break_retest_close_confirmation,A,unknown,strong,90.0,80.0,4604.63,4614.55,4580.0,4560.0,4535.0,9.9,24.6,44.6,69.6,2.48,4.5,7.02,0.0,9.9,9.9,19.8,0.92,0.0,0.92,4.630000000000109,0.0,3.9200000000000728,0.0,0.0,0.0,1.0,1,0,WIN,44.63,TP1_OR_BETTER,1,1
2026-04-29T04:45:00+00:00,XAUUSD,SELL,london,bearish,impulsive,bearish,primary,break_retest_close_confirmation,A,unknown,strong,90.0,80.0,4604.63,4612.55,4580.0,4560.0,4540.0,7.920000000000073,24.63000000000011,44.63000000000011,64.63000000000011,3.10984848484847,5.635101010100972,8.160353535353474,0.0,7.920000000000073,7.920000000000073,15.840000000000146,0.92,0.0,0.92,4.630000000000109,0.0,7.920000000000073,0.0,0.0,0.0,1.0,1,0,BREAKEVEN_WIN,24.63,BREAKEVEN_WIN,1,1
2026-04-29T04:45:00+00:00,XAUUSD,SELL,london,bearish,impulsive,bearish,primary,break_retest_close_confirmation,A,unknown,strong,90.0,80.0,4604.63,4612.55,4580.0,4560.0,4540.0,7.920000000000073,24.63000000000011,44.63000000000011,64.63000000000011,3.10984848484847,5.635101010100972,8.160353535353474,0.0,7.920000000000073,7.920000000000073,15.840000000000146,0.92,0.0,0.92,4.630000000000109,0.0,7.920000000000073,0.0,0.0,0.0,1.0,1,0,BREAKEVEN_WIN,24.63,BREAKEVEN_WIN,1,1
2026-04-29T04:45:00+00:00,XAUUSD,SELL,london,bearish,impulsive,bearish,primary,break_retest_close_confirmation,A,unknown,strong,90.0,80.0,4604.63,4614.55,4580.0,4560.0,4535.0,9.9,24.6,44.6,69.6,2.48,4.5,7.02,0.0,9.9,9.9,19.8,0.92,0.0,0.92,4.630000000000109,0.0,3.9200000000000728,0.0,0.0,0.0,1.0,1,0,WIN,44.63,TP1_OR_BETTER,1,1
2026-04-29T04:45:00+00:00,XAUUSD,SELL,london,bearish,impulsive,bearish,primary,break_retest_close_confirmation,A,unknown,strong,90.0,80.0,4604.63,4614.55,4580.0,4560.0,4535.0,9.920000000000073,24.63000000000011,44.63000000000011,69.63000000000011,2.4828629032257994,4.498991935483849,7.019153225806411,0.0,9.920000000000073,9.920000000000073,19.840000000000146,0.92,0.0,0.92,4.630000000000109,0.0,9.920000000000073,0.0,0.0,0.0,1.0,1,0,BREAKEVEN_WIN,24.63,BREAKEVEN_WIN,1,1
2026-04-29T05:00:00+00:00,XAUUSD,SELL,london,bearish,impulsive,bearish,primary,sweep_reclaim_confirmation,A+,unknown,strong,100.0,95.0,4601.15,4611.79,4580.0,4560.0,4540.0,10.640000000000327,21.149999999999636,41.149999999999636,61.149999999999636,1.9877819548871227,3.8674812030073658,5.747180451127608,0.0,10.640000000000327,10.640000000000327,21.280000000000655,0.96,0.0,0.96,1.1499999999996362,0.0,10.640000000000327,0.0,0.0,0.0,1.0,1,0,BREAKEVEN_WIN,21.15,BREAKEVEN_WIN,1,1
2026-04-29T05:00:00+00:00,XAUUSD,SELL,london,bearish,impulsive,bearish,primary,sweep_reclaim_confirmation,A+,unknown,strong,100.0,95.0,4601.15,4611.79,4580.0,4560.0,4540.0,10.640000000000327,21.149999999999636,41.149999999999636,61.149999999999636,1.9877819548871227,3.8674812030073658,5.747180451127608,0.0,10.640000000000327,10.640000000000327,21.280000000000655,0.96,0.0,0.96,1.1499999999996362,0.0,10.640000000000327,0.0,0.0,0.0,1.0,1,0,BREAKEVEN_WIN,21.15,BREAKEVEN_WIN,1,1
2026-04-29T08:45:00+00:00,XAUUSD,BUY,london,bearish,impulsive,bearish,secondary,displacement_confirmation,A,unknown,weak,0.0,85.0,4573.25,4596.0,4600.0,4620.0,4640.0,22.75,26.75,46.75,66.75,1.1758241758241759,2.0549450549450547,2.934065934065934,0.0,22.75,22.75,45.5,0.9,0.0,0.9,23.25,0.0,22.75,0.0,0.0,0.0,0.0,0,1,LOSS,22.75,SL_HIT,0,0
2026-04-29T10:15:00+00:00,XAUUSD,BUY,off_session,bearish,impulsive,bearish,secondary,structure_shift_confirmation,A+,unknown,weak,0.0,95.0,4571.53,4596.0,4600.0,4620.0,4640.0,24.470000000000255,28.470000000000255,48.470000000000255,68.47000000000025,1.1634654679199001,1.9807928075194012,2.7981201471189023,0.0,24.470000000000255,24.470000000000255,48.94000000000051,0.96,0.0,0.96,21.529999999999745,0.0,24.470000000000255,0.0,0.0,0.0,0.0,0,1,LOSS,24.47,SL_HIT,0,0
2026-04-29T12:45:00+00:00,XAUUSD,SELL,new_york,bearish,impulsive,bearish,primary,structure_shift_confirmation,A+,unknown,strong,0.0,95.0,4544.95,4564.0,4520.0,4500.0,4480.0,19.050000000000182,24.949999999999818,44.94999999999982,64.94999999999982,1.3097112860892168,2.3595800524934063,3.4094488188975958,0.0,19.050000000000182,19.050000000000182,38.100000000000364,0.96,0.0,0.96,5.050000000000182,0.0,19.050000000000182,0.0,0.0,0.0,1.0,1,0,BREAKEVEN_WIN,24.95,BREAKEVEN_WIN,1,1
2026-04-29T13:00:00+00:00,XAUUSD,SELL,new_york,bearish,impulsive,bearish,primary,break_retest_close_confirmation,A,unknown,strong,100.0,85.0,4549.65,4566.0,4520.0,4500.0,4480.0,16.350000000000364,29.649999999999636,49.649999999999636,69.64999999999964,1.8134556574922922,3.036697247706332,4.259938837920372,0.0,16.350000000000364,16.350000000000364,32.70000000000073,0.92,0.0,0.92,0.3500000000003638,0.0,16.350000000000364,0.0,0.0,0.0,1.0,1,0,BREAKEVEN_WIN,29.65,BREAKEVEN_WIN,1,1
2026-04-29T13:00:00+00:00,XAUUSD,SELL,new_york,bearish,impulsive,bearish,primary,break_retest_close_confirmation,A,unknown,strong,100.0,85.0,4549.65,4566.0,4520.0,4500.0,4480.0,16.4,29.6,49.6,69.6,1.81,3.04,4.26,0.0,16.4,16.4,32.8,0.92,0.0,0.92,0.3500000000003638,0.0,10.350000000000364,0.0,0.0,0.0,1.0,1,0,BREAKEVEN_WIN,0.0,BREAKEVEN_WIN,1,1
2026-04-29T13:00:00+00:00,XAUUSD,SELL,new_york,bearish,impulsive,bearish,primary,break_retest_close_confirmation,A,unknown,strong,100.0,85.0,4549.65,4564.0,4520.0,4500.0,4480.0,14.350000000000364,29.649999999999636,49.649999999999636,69.64999999999964,2.066202090592257,3.459930313588737,4.853658536585217,0.0,14.350000000000364,14.350000000000364,28.700000000000728,0.92,0.0,0.92,0.3500000000003638,0.0,14.350000000000364,0.0,0.0,0.0,1.0,1,0,BREAKEVEN_WIN,29.65,BREAKEVEN_WIN,1,1
2026-04-29T13:00:00+00:00,XAUUSD,SELL,new_york,bearish,impulsive,bearish,primary,break_retest_close_confirmation,A,unknown,strong,100.0,85.0,4549.65,4566.0,4520.0,4500.0,4480.0,16.4,29.6,49.6,69.6,1.81,3.04,4.26,0.0,16.4,16.4,32.8,0.92,0.0,0.92,0.3500000000003638,0.0,10.350000000000364,0.0,0.0,0.0,1.0,1,0,BREAKEVEN_WIN,0.0,BREAKEVEN_WIN,1,1
2026-04-29T13:00:00+00:00,XAUUSD,SELL,new_york,bearish,impulsive,bearish,primary,break_retest_close_confirmation,A,unknown,strong,100.0,85.0,4549.65,4566.0,4520.0,4500.0,4480.0,16.4,29.6,49.6,69.6,1.81,3.04,4.26,0.0,16.4,16.4,32.8,0.92,0.0,0.92,0.3500000000003638,0.0,10.350000000000364,0.0,0.0,0.0,1.0,1,0,BREAKEVEN_WIN,0.0,BREAKEVEN_WIN,1,1
2026-04-29T13:00:00+00:00,XAUUSD,SELL,new_york,bearish,impulsive,bearish,primary,break_retest_close_confirmation,A,unknown,strong,100.0,85.0,4549.65,4566.0,4520.0,4500.0,4480.0,16.4,29.6,49.6,69.6,1.81,3.04,4.26,0.0,16.4,16.4,32.8,0.92,0.0,0.92,0.3500000000003638,0.0,10.350000000000364,0.0,0.0,0.0,1.0,1,0,BREAKEVEN_WIN,0.0,BREAKEVEN_WIN,1,1
2026-04-29T13:00:00+00:00,XAUUSD,SELL,new_york,bearish,impulsive,bearish,primary,break_retest_close_confirmation,A,unknown,strong,100.0,85.0,4549.65,4566.0,4520.0,4500.0,4480.0,16.4,29.6,49.6,69.6,1.81,3.04,4.26,0.0,16.4,16.4,32.8,0.92,0.0,0.92,0.3500000000003638,0.0,10.350000000000364,0.0,0.0,0.0,1.0,1,0,BREAKEVEN_WIN,0.0,BREAKEVEN_WIN,1,1
2026-04-29T13:00:00+00:00,XAUUSD,SELL,new_york,bearish,impulsive,bearish,primary,break_retest_close_confirmation,A,unknown,strong,100.0,85.0,4549.65,4566.0,4520.0,4500.0,4480.0,16.4,29.6,49.6,69.6,1.81,3.04,4.26,0.0,16.4,16.4,32.8,0.92,0.0,0.92,0.3500000000003638,0.0,10.350000000000364,0.0,0.0,0.0,1.0,1,0,BREAKEVEN_WIN,0.0,BREAKEVEN_WIN,1,1
2026-04-29T13:00:00+00:00,XAUUSD,SELL,new_york,bearish,impulsive,bearish,primary,break_retest_close_confirmation,A,unknown,strong,100.0,85.0,4549.65,4566.0,4520.0,4500.0,4480.0,16.4,29.6,49.6,69.6,1.81,3.04,4.26,0.0,16.4,16.4,32.8,0.92,0.0,0.92,0.3500000000003638,0.0,10.350000000000364,0.0,0.0,0.0,1.0,1,0,BREAKEVEN_WIN,0.0,BREAKEVEN_WIN,1,1
2026-04-29T13:00:00+00:00,XAUUSD,SELL,new_york,bearish,impulsive,bearish,primary,break_retest_close_confirmation,A,unknown,strong,100.0,85.0,4549.65,4566.0,4520.0,4500.0,4480.0,16.4,29.6,49.6,69.6,1.81,3.04,4.26,0.0,16.4,16.4,32.8,0.92,0.0,0.92,0.3500000000003638,0.0,10.350000000000364,0.0,0.0,0.0,1.0,1,0,BREAKEVEN_WIN,29.65,BREAKEVEN_WIN,1,1
2026-04-29T13:00:00+00:00,XAUUSD,SELL,new_york,bearish,impulsive,bearish,primary,break_retest_close_confirmation,A,unknown,strong,100.0,85.0,4549.65,4566.0,4520.0,4500.0,4480.0,16.4,29.6,49.6,69.6,1.81,3.04,4.26,0.0,16.4,16.4,32.8,0.92,0.0,0.92,0.3500000000003638,0.0,10.350000000000364,0.0,0.0,0.0,1.0,1,0,BREAKEVEN_WIN,0.0,BREAKEVEN_WIN,1,1
2026-04-29T13:00:00+00:00,XAUUSD,SELL,new_york,bearish,impulsive,bearish,primary,break_retest_close_confirmation,A,unknown,strong,100.0,85.0,4549.65,4564.0,4520.0,4500.0,4480.0,14.350000000000364,29.649999999999636,49.649999999999636,69.64999999999964,2.066202090592257,3.459930313588737,4.853658536585217,0.0,14.350000000000364,14.350000000000364,28.700000000000728,0.92,0.0,0.92,0.3500000000003638,0.0,14.350000000000364,0.0,0.0,0.0,1.0,1,0,BREAKEVEN_WIN,29.65,BREAKEVEN_WIN,1,1
2026-04-29T13:00:00+00:00,XAUUSD,SELL,new_york,bearish,impulsive,bearish,primary,break_retest_close_confirmation,A,unknown,strong,100.0,85.0,4549.65,4566.0,4520.0,4500.0,4480.0,16.4,29.6,49.6,69.6,1.81,3.04,4.26,0.0,16.4,16.4,32.8,0.92,0.0,0.92,0.3500000000003638,0.0,10.350000000000364,0.0,0.0,0.0,1.0,1,0,BREAKEVEN_WIN,0.0,BREAKEVEN_WIN,1,1
2026-04-29T13:00:00+00:00,XAUUSD,SELL,new_york,bearish,impulsive,bearish,primary,break_retest_close_confirmation,A,unknown,strong,100.0,85.0,4549.65,4564.0,4520.0,4500.0,4480.0,14.350000000000364,29.649999999999636,49.649999999999636,69.64999999999964,2.066202090592257,3.459930313588737,4.853658536585217,0.0,14.350000000000364,14.350000000000364,28.700000000000728,0.92,0.0,0.92,0.3500000000003638,0.0,14.350000000000364,0.0,0.0,0.0,1.0,1,0,BREAKEVEN_WIN,29.65,BREAKEVEN_WIN,1,1
2026-04-29T13:30:00+00:00,XAUUSD,SELL,new_york,bearish,impulsive,bearish,primary,structure_shift_confirmation,A+,unknown,strong,0.0,95.0,4514.83,4544.0,4500.0,4480.0,4460.0,29.170000000000073,14.829999999999927,34.82999999999993,54.82999999999993,0.5083990401096979,1.1940349674322879,1.879670894754878,0.0,29.170000000000073,29.170000000000073,58.340000000000146,0.96,0.0,0.96,14.829999999999927,0.0,29.170000000000073,0.0,0.0,0.0,1.0,0,1,LOSS,-29.17,SL_HIT,0,0
2026-04-29T14:30:00+00:00,XAUUSD,SELL,off_session,bearish,impulsive,bearish,primary,break_retest_close_confirmation,A,unknown,strong,100.0,85.0,4538.6,4554.0,4520.0,4500.0,4480.0,15.399999999999636,18.600000000000364,38.600000000000364,58.600000000000364,1.20779220779226,2.506493506493589,3.805194805194919,0.0,15.399999999999636,15.399999999999636,30.799999999999272,0.92,0.0,0.92,11.399999999999636,0.0,15.399999999999636,0.0,0.0,0.0,1.0,0,1,LOSS,-15.4,SL_HIT,0,0
2026-04-29T14:30:00+00:00,XAUUSD,BUY,new_york,bearish,impulsive,bearish,secondary,structure_shift_confirmation,A+,unknown,weak,0.0,95.0,4538.6,4546.0,4550.0,4580.0,4600.0,7.399999999999636,11.399999999999636,41.399999999999636,61.399999999999636,1.5405405405405672,5.59459459459482,8.297297297297655,0.0,7.399999999999636,7.399999999999636,14.799999999999272,0.96,0.0,0.96,11.399999999999636,0.0,7.399999999999636,0.0,0.0,0.0,0.0,0,1,LOSS,7.4,SL_HIT,0,0
2026-04-29T15:00:00+00:00,XAUUSD,SELL,off_session,bearish,impulsive,bearish,primary,failed_retest_confirmation,A+,unknown,strong,65.0,95.0,4537.81,4554.0,4520.0,4500.0,4480.0,16.1899999999996,17.8100000000004,37.8100000000004,57.8100000000004,1.1000617665225967,2.3353922174182418,3.570722668313887,0.0,16.1899999999996,16.1899999999996,32.3799999999992,0.94,0.0,0.94,12.1899999999996,0.0,16.1899999999996,0.0,0.0,0.0,1.0,0,1,LOSS,-16.19,SL_HIT,0,0
2026-04-29T15:30:00+00:00,XAUUSD,BUY,new_york,bearish,impulsive,bearish,secondary,structure_shift_confirmation,A+,unknown,weak,0.0,95.0,4553.17,4576.0,4580.0,4600.0,4620.0,22.829999999999927,26.829999999999927,46.82999999999993,66.82999999999993,1.1752080595707408,2.051248357424445,2.927288655278149,0.0,22.829999999999927,22.829999999999927,45.659999999999854,0.96,0.0,0.96,3.1700000000000728,0.0,22.829999999999927,0.0,0.0,0.0,0.0,0,1,LOSS,22.83,SL_HIT,0,0
2026-04-29T15:45:00+00:00,XAUUSD,SELL,asia,bearish,reversal_attempt,bearish,primary,failed_retest_confirmation,A+,unknown,strong,95.0,95.0,4547.85,4564.0,4520.0,4500.0,4480.0,16.149999999999636,27.850000000000364,47.850000000000364,67.85000000000036,1.7244582043344268,2.9628482972137116,4.201238390092996,0.0,16.149999999999636,16.149999999999636,32.29999999999927,0.94,0.0,0.94,2.149999999999636,0.0,16.149999999999636,0.0,0.0,0.0,1.0,0,1,LOSS,-16.15,SL_HIT,0,0
2026-04-29T16:00:00+00:00,XAUUSD,SELL,off_session,bearish,impulsive,bearish,primary,break_retest_close_confirmation,A,unknown,strong,85.0,85.0,4558.87,4584.0,4540.0,4520.0,4500.0,25.13000000000011,18.86999999999989,38.86999999999989,58.86999999999989,0.7508953442100998,1.5467568643055998,2.3426183844010997,0.0,25.13000000000011,25.13000000000011,50.26000000000022,0.92,0.0,0.92,8.86999999999989,0.0,25.13000000000011,0.0,0.0,0.0,1.0,1,0,BREAKEVEN_WIN,18.87,BREAKEVEN_WIN,1,1
2026-04-29T16:30:00+00:00,XAUUSD,SELL,off_session,bearish,impulsive,bearish,primary,failed_retest_confirmation,A+,unknown,strong,45.0,95.0,4550.16,4584.0,4540.0,4520.0,4500.0,33.840000000000146,10.159999999999854,30.159999999999854,50.159999999999854,0.3002364066193797,0.8912529550827342,1.4822695035460887,0.0,33.840000000000146,33.840000000000146,67.68000000000029,0.94,0.0,0.94,0.15999999999985448,0.0,33.840000000000146,0.0,0.0,0.0,1.0,1,0,BREAKEVEN_WIN,10.16,BREAKEVEN_WIN,1,1
2026-04-29T18:00:00+00:00,XAUUSD,SELL,off_session,bearish,reversal_attempt,bearish,primary,sweep_reclaim_confirmation,A+,unknown,strong,95.0,95.0,4525.57,4554.0,4510.13,4480.0,4460.0,28.43000000000029,15.4399999999996,45.56999999999971,65.56999999999971,0.5430882870207331,1.6028842771719747,2.3063665142454814,0.0,28.43000000000029,28.43000000000029,56.86000000000058,0.96,0.0,0.96,24.43000000000029,0.0,28.43000000000029,0.0,0.0,0.0,1.0,0,1,LOSS,-28.43,SL_HIT,0,0
2026-04-29T18:30:00+00:00,XAUUSD,SELL,off_session,bearish,reversal_attempt,bearish,primary,structure_shift_confirmation,A+,unknown,strong,0.0,95.0,4520.53,4554.0,4510.13,4480.0,4460.0,33.470000000000255,10.399999999999636,40.529999999999745,60.529999999999745,0.3107260233044385,1.2109351658201206,1.8084852106363694,0.0,33.470000000000255,33.470000000000255,66.94000000000051,0.96,0.0,0.96,20.529999999999745,0.0,33.470000000000255,0.0,0.0,0.0,1.0,0,1,LOSS,-33.47,SL_HIT,0,0
2026-04-29T18:45:00+00:00,XAUUSD,BUY,off_session,bearish,range,bearish,secondary,displacement_confirmation,A,unknown,weak,0.0,85.0,4537.83,4546.0,4550.0,4580.0,4600.0,8.170000000000073,12.170000000000073,42.17000000000007,62.17000000000007,1.4895960832313297,5.161566707466303,7.609547123622952,0.0,8.170000000000073,8.170000000000073,16.340000000000146,0.9,0.0,0.9,12.170000000000073,0.0,8.170000000000073,0.0,0.0,0.0,0.0,0,1,LOSS,8.17,SL_HIT,0,0
2026-04-29T19:00:00+00:00,XAUUSD,BUY,off_session,bearish,range,bearish,secondary,structure_shift_confirmation,A+,unknown,weak,0.0,90.0,4547.53,4556.0,4560.0,4580.0,4600.0,8.470000000000255,12.470000000000255,32.470000000000255,52.470000000000255,1.472255017709549,3.8335301062572937,6.194805194805038,0.0,8.470000000000255,8.470000000000255,16.94000000000051,0.96,0.0,0.96,2.4700000000002547,0.0,8.470000000000255,0.0,0.0,0.0,0.0,0,1,LOSS,8.47,SL_HIT,0,0
2026-04-29T22:45:00+00:00,XAUUSD,BUY,off_session,bearish,reversal_attempt,bearish,secondary,structure_shift_confirmation,A+,unknown,weak,0.0,90.0,4552.15,4576.0,4580.0,4600.0,4620.0,23.850000000000364,27.850000000000364,47.850000000000364,67.85000000000036,1.1677148846960141,2.0062893081760853,2.8448637316561562,0.0,23.850000000000364,23.850000000000364,47.70000000000073,0.96,0.0,0.96,2.149999999999636,0.0,23.850000000000364,0.0,0.0,0.0,0.0,0,1,LOSS,23.85,SL_HIT,0,0
2026-04-29T23:00:00+00:00,XAUUSD,BUY,off_session,bearish,reversal_attempt,bearish,secondary,structure_shift_confirmation,A+,unknown,weak,0.0,90.0,4553.19,4576.0,4580.0,4600.0,4620.0,22.8100000000004,26.8100000000004,46.8100000000004,66.8100000000004,1.1753616834721583,2.0521701008329494,2.9289785181937407,0.0,22.8100000000004,22.8100000000004,45.6200000000008,0.96,0.0,0.96,3.1899999999996,0.0,22.8100000000004,0.0,0.0,0.0,0.0,0,1,LOSS,22.81,SL_HIT,0,0
2026-04-30T00:00:00+00:00,XAUUSD,SELL,asia,neutral,range,neutral,primary,failed_retest_confirmation,A+,unknown,weak,85.0,90.0,4558.16,4580.54,4540.0,4520.0,4500.0,22.38000000000011,18.159999999999854,38.159999999999854,58.159999999999854,0.8114387846291227,1.705093833780146,2.5987488829311696,0.0,22.38000000000011,22.38000000000011,44.76000000000022,0.94,0.0,0.94,8.159999999999854,0.0,22.38000000000011,0.0,0.0,0.0,0.0,0,1,LOSS,-22.38,SL_HIT,0,0
2026-04-30T00:00:00+00:00,XAUUSD,SELL,asia,neutral,range,neutral,primary,failed_retest_confirmation,A+,unknown,weak,85.0,90.0,4558.16,4580.54,4540.0,4520.0,4500.0,22.38000000000011,18.159999999999854,38.159999999999854,58.159999999999854,0.8114387846291227,1.705093833780146,2.5987488829311696,0.0,22.38000000000011,22.38000000000011,44.76000000000022,0.94,0.0,0.94,8.159999999999854,0.0,22.38000000000011,0.0,0.0,0.0,0.0,0,1,LOSS,-22.38,SL_HIT,0,0
2026-04-30T00:45:00+00:00,XAUUSD,BUY,asia,bearish,reversal_attempt,bearish,secondary,structure_shift_confirmation,A+,unknown,weak,0.0,90.0,4569.66,4572.54,4580.0,4600.0,4620.0,2.880000000000109,10.340000000000146,30.340000000000146,50.340000000000146,3.5902777777776924,10.534722222221873,17.479166666666053,0.0,2.880000000000109,2.880000000000109,5.760000000000218,0.96,0.0,0.96,19.659999999999854,0.0,2.880000000000109,0.0,0.0,0.0,0.0,0,1,LOSS,2.88,SL_HIT,0,0
2026-04-30T01:15:00+00:00,XAUUSD,SELL,asia,neutral,range,neutral,primary,break_retest_close_confirmation,A,unknown,weak,90.0,80.0,4579.58,4586.67,4560.0,4540.0,4520.0,7.1,19.6,39.6,59.6,2.76,5.58,8.4,0.0,7.1,7.1,14.2,0.92,0.0,0.92,20.420000000000073,0.0,1.0900000000001455,0.0,0.0,0.0,0.0,1,0,BREAKEVEN_WIN,0.0,BREAKEVEN_WIN,1,1
2026-04-30T01:15:00+00:00,XAUUSD,SELL,asia,neutral,range,neutral,primary,break_retest_close_confirmation,A,unknown,weak,90.0,80.0,4579.58,4586.67,4560.0,4540.0,4520.0,7.1,19.6,39.6,59.6,2.76,5.58,8.4,0.0,7.1,7.1,14.2,0.92,0.0,0.92,20.420000000000073,0.0,1.0900000000001455,0.0,0.0,0.0,0.0,1,0,BREAKEVEN_WIN,0.0,BREAKEVEN_WIN,1,1
2026-04-30T01:15:00+00:00,XAUUSD,SELL,asia,bearish,range,bearish,primary,break_retest_close_confirmation,A,unknown,strong,90.0,80.0,4579.58,4586.67,4560.0,4540.0,4520.0,7.0900000000001455,19.579999999999927,39.57999999999993,59.57999999999993,2.761636107193163,5.582510578279142,8.40338504936512,0.0,7.0900000000001455,7.0900000000001455,14.180000000000291,0.92,0.0,0.92,20.420000000000073,0.0,7.0900000000001455,0.0,0.0,0.0,1.0,1,0,BREAKEVEN_WIN,19.58,BREAKEVEN_WIN,1,1
2026-04-30T01:15:00+00:00,XAUUSD,SELL,asia,bearish,range,bearish,primary,break_retest_close_confirmation,A,unknown,strong,90.0,80.0,4579.58,4584.67,4560.0,4540.0,4520.0,5.0900000000001455,19.579999999999927,39.57999999999993,59.57999999999993,3.8467583497051803,7.776031434184439,11.705304518663699,0.0,5.0900000000001455,5.0900000000001455,10.180000000000291,0.92,0.0,0.92,20.420000000000073,0.0,5.0900000000001455,0.0,0.0,0.0,1.0,1,0,BREAKEVEN_WIN,19.58,BREAKEVEN_WIN,1,1
2026-04-30T01:15:00+00:00,XAUUSD,SELL,asia,bearish,range,bearish,primary,break_retest_close_confirmation,A,unknown,strong,90.0,80.0,4579.58,4584.67,4560.0,4540.0,4520.0,5.0900000000001455,19.579999999999927,39.57999999999993,59.57999999999993,3.8467583497051803,7.776031434184439,11.705304518663699,0.0,5.0900000000001455,5.0900000000001455,10.180000000000291,0.92,0.0,0.92,20.420000000000073,0.0,5.0900000000001455,0.0,0.0,0.0,1.0,1,0,BREAKEVEN_WIN,19.58,BREAKEVEN_WIN,1,1
2026-04-30T01:15:00+00:00,XAUUSD,SELL,asia,neutral,range,neutral,primary,break_retest_close_confirmation,A,unknown,weak,90.0,80.0,4579.58,4586.67,4560.0,4540.0,4520.0,7.1,19.6,39.6,59.6,2.76,5.58,8.4,0.0,7.1,7.1,14.2,0.92,0.0,0.92,20.420000000000073,0.0,1.0900000000001455,0.0,0.0,0.0,0.0,1,0,BREAKEVEN_WIN,0.0,BREAKEVEN_WIN,1,1
2026-04-30T01:15:00+00:00,XAUUSD,SELL,asia,bearish,range,bearish,primary,break_retest_close_confirmation,A,unknown,strong,90.0,80.0,4579.58,4584.67,4560.0,4540.0,4520.0,5.0900000000001455,19.579999999999927,39.57999999999993,59.57999999999993,3.8467583497051803,7.776031434184439,11.705304518663699,0.0,5.0900000000001455,5.0900000000001455,10.180000000000291,0.92,0.0,0.92,20.420000000000073,0.0,5.0900000000001455,0.0,0.0,0.0,1.0,1,0,BREAKEVEN_WIN,19.58,BREAKEVEN_WIN,1,1
2026-04-30T01:15:00+00:00,XAUUSD,SELL,asia,neutral,range,neutral,primary,break_retest_close_confirmation,A,unknown,weak,90.0,80.0,4579.58,4586.67,4560.0,4540.0,4520.0,7.1,19.6,39.6,59.6,2.76,5.58,8.4,0.0,7.1,7.1,14.2,0.92,0.0,0.92,20.420000000000073,0.0,1.0900000000001455,0.0,0.0,0.0,0.0,1,0,BREAKEVEN_WIN,0.0,BREAKEVEN_WIN,1,1
2026-04-30T01:15:00+00:00,XAUUSD,SELL,asia,neutral,range,neutral,primary,break_retest_close_confirmation,A,unknown,weak,90.0,80.0,4579.58,4586.67,4560.0,4540.0,4520.0,7.1,19.6,39.6,59.6,2.76,5.58,8.4,0.0,7.1,7.1,14.2,0.92,0.0,0.92,20.420000000000073,0.0,1.0900000000001455,0.0,0.0,0.0,0.0,1,0,BREAKEVEN_WIN,0.0,BREAKEVEN_WIN,1,1
2026-04-30T01:15:00+00:00,XAUUSD,SELL,asia,neutral,range,neutral,primary,break_retest_close_confirmation,A,unknown,weak,90.0,80.0,4579.58,4586.67,4560.0,4540.0,4520.0,7.1,19.6,39.6,59.6,2.76,5.58,8.4,0.0,7.1,7.1,14.2,0.92,0.0,0.92,20.420000000000073,0.0,1.0900000000001455,0.0,0.0,0.0,0.0,1,0,BREAKEVEN_WIN,0.0,BREAKEVEN_WIN,1,1
2026-04-30T01:15:00+00:00,XAUUSD,BUY,asia,bearish,reversal_attempt,bearish,secondary,structure_shift_confirmation,A+,unknown,weak,0.0,90.0,4579.58,4576.67,4600.0,4620.0,4640.0,2.9099999999998545,20.420000000000073,40.42000000000007,60.42000000000007,7.017182130584568,13.890034364261888,20.762886597939207,0.0,2.9099999999998545,2.9099999999998545,5.819999999999709,0.96,0.0,0.96,20.420000000000073,0.0,2.9099999999998545,0.0,0.0,0.0,0.0,0,1,LOSS,-2.91,SL_HIT,0,0
2026-04-30T01:15:00+00:00,XAUUSD,SELL,asia,neutral,range,neutral,primary,break_retest_close_confirmation,A,unknown,weak,90.0,80.0,4579.58,4586.67,4560.0,4540.0,4520.0,7.1,19.6,39.6,59.6,2.76,5.58,8.4,0.0,7.1,7.1,14.2,0.92,0.0,0.92,20.420000000000073,0.0,1.0900000000001455,0.0,0.0,0.0,0.0,1,0,BREAKEVEN_WIN,0.0,BREAKEVEN_WIN,1,1
2026-04-30T01:15:00+00:00,XAUUSD,SELL,asia,neutral,range,neutral,primary,break_retest_close_confirmation,A,unknown,weak,90.0,80.0,4579.58,4586.67,4560.0,4540.0,4520.0,7.1,19.6,39.6,59.6,2.76,5.58,8.4,0.0,7.1,7.1,14.2,0.92,0.0,0.92,20.420000000000073,0.0,1.0900000000001455,0.0,0.0,0.0,0.0,1,0,BREAKEVEN_WIN,0.0,BREAKEVEN_WIN,1,1
2026-04-30T01:15:00+00:00,XAUUSD,SELL,asia,bearish,range,bearish,primary,break_retest_close_confirmation,A,unknown,strong,90.0,80.0,4579.58,4586.67,4560.0,4540.0,4520.0,7.1,19.6,39.6,59.6,2.76,5.58,8.4,0.0,7.1,7.1,14.2,0.92,0.0,0.92,20.420000000000073,0.0,1.0900000000001455,0.0,0.0,0.0,1.0,1,0,BREAKEVEN_WIN,19.58,BREAKEVEN_WIN,1,1
2026-04-30T01:15:00+00:00,XAUUSD,SELL,asia,neutral,range,neutral,primary,break_retest_close_confirmation,A,unknown,weak,90.0,80.0,4579.58,4586.67,4560.0,4540.0,4520.0,7.1,19.6,39.6,59.6,2.76,5.58,8.4,0.0,7.1,7.1,14.2,0.92,0.0,0.92,20.420000000000073,0.0,1.0900000000001455,0.0,0.0,0.0,0.0,1,0,BREAKEVEN_WIN,0.0,BREAKEVEN_WIN,1,1
2026-04-30T01:30:00+00:00,XAUUSD,SELL,asia,bearish,range,bearish,primary,failed_retest_confirmation,A+,unknown,strong,85.0,90.0,4576.3,4584.67,4560.0,4540.0,4520.0,8.36999999999989,16.300000000000182,36.30000000000018,56.30000000000018,1.9474313022700591,4.336917562724093,6.726403823178126,0.0,8.36999999999989,8.36999999999989,16.73999999999978,0.94,0.0,0.94,23.699999999999818,0.0,8.36999999999989,0.0,0.0,0.0,1.0,1,0,BREAKEVEN_WIN,16.3,BREAKEVEN_WIN,1,1
2026-04-30T02:15:00+00:00,XAUUSD,SELL,asia,bearish,range,bearish,primary,sweep_reclaim_confirmation,A+,unknown,strong,100.0,90.0,4573.11,4584.67,4560.0,4540.0,4520.0,11.5600000000004,13.109999999999673,33.10999999999967,53.10999999999967,1.1340830449826313,2.8641868512109454,4.594290657439259,0.0,11.5600000000004,11.5600000000004,23.1200000000008,0.96,0.0,0.96,23.109999999999673,0.0,11.5600000000004,0.0,0.0,0.0,1.0,1,0,BREAKEVEN_WIN,13.11,BREAKEVEN_WIN,1,1
2026-04-30T04:00:00+00:00,XAUUSD,SELL,asia,neutral,range,neutral,secondary,structure_shift_confirmation,A+,unknown,weak,0.0,95.0,4555.25,4554.0,4540.0,4520.0,4500.0,1.25,15.25,35.25,55.25,12.2,28.2,44.2,0.0,1.25,1.25,2.5,0.96,0.0,0.96,5.25,0.0,1.25,0.0,0.0,0.0,0.0,0,1,LOSS,1.25,SL_HIT,0,0
2026-04-30T04:15:00+00:00,XAUUSD,SELL,asia,neutral,range,neutral,secondary,structure_shift_confirmation,A+,unknown,weak,0.0,95.0,4547.36,4544.0,4520.0,4500.0,4480.0,3.3599999999996726,27.359999999999673,47.35999999999967,67.35999999999967,8.142857142857839,14.095238095239372,20.047619047620902,0.0,3.3599999999996726,3.3599999999996726,6.719999999999345,0.96,0.0,0.96,2.6400000000003274,0.0,3.3599999999996726,0.0,0.0,0.0,0.0,0,1,LOSS,3.36,SL_HIT,0,0
2026-04-30T05:00:00+00:00,XAUUSD,BUY,asia,neutral,range,neutral,primary,failed_retest_confirmation,A+,unknown,weak,55.0,95.0,4553.07,4536.0,4571.93,4600.0,4620.0,17.06999999999971,18.860000000000582,46.93000000000029,66.93000000000029,1.104862331575917,2.749267721148277,3.920913884007114,0.0,17.06999999999971,17.06999999999971,34.13999999999942,0.94,0.0,0.94,3.069999999999709,0.0,17.06999999999971,0.0,0.0,0.0,0.0,1,0,BREAKEVEN_WIN,18.86,BREAKEVEN_WIN,1,1
2026-04-30T08:00:00+00:00,XAUUSD,BUY,off_session,bullish,impulsive,bullish,primary,structure_shift_confirmation,A+,unknown,strong,0.0,85.0,4618.62,4576.0,4640.0,4660.0,4680.0,42.61999999999989,21.38000000000011,41.38000000000011,61.38000000000011,0.5016424213984083,0.970905678085411,1.4401689347724136,0.0,42.61999999999989,42.61999999999989,85.23999999999978,0.96,0.0,0.96,18.61999999999989,0.0,42.61999999999989,0.0,0.0,0.0,1.0,1,0,BREAKEVEN_WIN,21.38,BREAKEVEN_WIN,1,1
2026-04-30T09:30:00+00:00,XAUUSD,SELL,london,bullish,impulsive,bullish,secondary,displacement_confirmation,A,unknown,weak,0.0,85.0,4619.35,4604.0,4600.0,4580.0,4560.0,15.350000000000364,19.350000000000364,39.350000000000364,59.350000000000364,1.260586319218235,2.563517915309409,3.8664495114005835,0.0,15.350000000000364,15.350000000000364,30.700000000000728,0.9,0.0,0.9,19.350000000000364,0.0,15.350000000000364,0.0,0.0,0.0,0.0,0,1,LOSS,15.35,SL_HIT,0,0
2026-04-30T10:30:00+00:00,XAUUSD,SELL,new_york,bullish,impulsive,bullish,secondary,sweep_reclaim_confirmation,A,unknown,weak,65.0,85.0,4636.79,4644.0,4620.0,4600.0,4580.0,7.210000000000036,16.789999999999964,36.789999999999964,56.789999999999964,2.328710124826613,5.10263522884879,7.876560332870968,0.0,7.210000000000036,7.210000000000036,14.420000000000073,0.88,0.0,0.88,13.210000000000036,0.0,7.210000000000036,0.0,0.0,0.0,0.0,1,0,BREAKEVEN_WIN,16.79,BREAKEVEN_WIN,1,1
2026-04-30T11:30:00+00:00,XAUUSD,SELL,off_session,bullish,impulsive,bullish,secondary,structure_shift_confirmation,A+,unknown,weak,0.0,95.0,4629.53,4624.0,4600.0,4580.0,4560.0,5.529999999999745,29.529999999999745,49.529999999999745,69.52999999999975,5.339963833634919,8.95660036166402,12.573236889693119,0.0,5.529999999999745,5.529999999999745,11.05999999999949,0.96,0.0,0.96,20.470000000000255,0.0,5.529999999999745,0.0,0.0,0.0,0.0,0,1,LOSS,5.53,SL_HIT,0,0
2026-04-30T13:15:00+00:00,XAUUSD,SELL,off_session,bullish,impulsive,bullish,secondary,sweep_reclaim_confirmation,A+,unknown,weak,90.0,95.0,4633.54,4646.0,4600.0,4580.0,4541.36,12.5,33.5,53.5,92.2,2.69,4.3,7.4,0.0,12.5,12.5,25.0,0.96,0.0,0.96,16.460000000000036,0.0,6.460000000000036,0.0,0.0,0.0,0.0,0,0,EXPIRED_BEFORE_TP,0.0,EXPIRED,0,0
2026-04-30T13:15:00+00:00,XAUUSD,SELL,off_session,bullish,impulsive,bullish,secondary,sweep_reclaim_confirmation,A+,unknown,weak,90.0,95.0,4633.54,4646.0,4600.0,4580.0,4541.36,12.5,33.5,53.5,92.2,2.69,4.3,7.4,0.0,12.5,12.5,25.0,0.96,0.0,0.96,16.460000000000036,0.0,6.460000000000036,0.0,0.0,0.0,0.0,0,0,EXPIRED_BEFORE_TP,0.0,EXPIRED,0,0
2026-04-30T13:15:00+00:00,XAUUSD,SELL,new_york,bullish,impulsive,bullish,secondary,sweep_reclaim_confirmation,A+,unknown,weak,90.0,95.0,4633.54,4644.0,4620.0,4600.0,4580.0,10.460000000000036,13.539999999999964,33.539999999999964,53.539999999999964,1.2944550669215982,3.20650095602293,5.1185468451242615,0.0,10.460000000000036,10.460000000000036,20.920000000000073,0.96,0.0,0.96,16.460000000000036,0.0,10.460000000000036,0.0,0.0,0.0,0.0,1,0,BREAKEVEN_WIN,13.54,BREAKEVEN_WIN,1,1
2026-04-30T13:15:00+00:00,XAUUSD,SELL,off_session,bullish,impulsive,bullish,secondary,sweep_reclaim_confirmation,A+,unknown,weak,90.0,95.0,4633.54,4646.0,4600.0,4580.0,4541.36,12.5,33.5,53.5,92.2,2.69,4.3,7.4,0.0,12.5,12.5,25.0,0.96,0.0,0.96,16.460000000000036,0.0,6.460000000000036,0.0,0.0,0.0,0.0,0,0,EXPIRED_BEFORE_TP,0.0,EXPIRED,0,0
2026-04-30T13:15:00+00:00,XAUUSD,SELL,new_york,bullish,impulsive,bullish,secondary,sweep_reclaim_confirmation,A+,unknown,weak,90.0,95.0,4633.54,4644.0,4620.0,4600.0,4580.0,10.460000000000036,13.539999999999964,33.539999999999964,53.539999999999964,1.2944550669215982,3.20650095602293,5.1185468451242615,0.0,10.460000000000036,10.460000000000036,20.920000000000073,0.96,0.0,0.96,16.460000000000036,0.0,10.460000000000036,0.0,0.0,0.0,0.0,1,0,BREAKEVEN_WIN,13.54,BREAKEVEN_WIN,1,1
2026-04-30T13:15:00+00:00,XAUUSD,SELL,off_session,bullish,impulsive,bullish,secondary,sweep_reclaim_confirmation,A+,unknown,weak,90.0,95.0,4633.54,4646.0,4600.0,4580.0,4541.36,12.5,33.5,53.5,92.2,2.69,4.3,7.4,0.0,12.5,12.5,25.0,0.96,0.0,0.96,16.460000000000036,0.0,6.460000000000036,0.0,0.0,0.0,0.0,0,0,EXPIRED_BEFORE_TP,0.0,EXPIRED,0,0
2026-04-30T13:15:00+00:00,XAUUSD,SELL,off_session,bullish,impulsive,bullish,secondary,sweep_reclaim_confirmation,A+,unknown,weak,90.0,95.0,4633.54,4646.0,4600.0,4580.0,4541.36,12.5,33.5,53.5,92.2,2.69,4.3,7.4,0.0,12.5,12.5,25.0,0.96,0.0,0.96,16.460000000000036,0.0,6.460000000000036,0.0,0.0,0.0,0.0,0,0,EXPIRED_BEFORE_TP,0.0,EXPIRED,0,0
2026-04-30T13:15:00+00:00,XAUUSD,SELL,off_session,bullish,impulsive,bullish,secondary,sweep_reclaim_confirmation,A+,unknown,weak,90.0,95.0,4633.54,4646.0,4600.0,4580.0,4541.36,12.5,33.5,53.5,92.2,2.69,4.3,7.4,0.0,12.5,12.5,25.0,0.96,0.0,0.96,16.460000000000036,0.0,6.460000000000036,0.0,0.0,0.0,0.0,0,0,EXPIRED_BEFORE_TP,0.0,EXPIRED,0,0
2026-04-30T13:15:00+00:00,XAUUSD,SELL,off_session,bullish,impulsive,bullish,secondary,sweep_reclaim_confirmation,A+,unknown,weak,90.0,85.0,4633.54,4646.0,4600.0,4580.0,4541.36,12.5,33.5,53.5,92.2,2.69,4.3,7.4,0.0,12.5,12.5,25.0,0.96,0.0,0.96,16.460000000000036,0.0,6.460000000000036,0.0,0.0,0.0,0.0,0,0,EXPIRED,0.0,EXPIRED,0,0
2026-04-30T13:15:00+00:00,XAUUSD,SELL,off_session,bullish,impulsive,bullish,secondary,sweep_reclaim_confirmation,A+,unknown,weak,90.0,85.0,4633.54,4646.0,4600.0,4580.0,4541.36,12.460000000000036,33.539999999999964,53.539999999999964,92.18000000000029,2.691813804173344,4.29695024077045,7.398073836276085,0.0,12.460000000000036,12.460000000000036,24.920000000000073,0.96,0.0,0.96,16.460000000000036,0.0,12.460000000000036,0.0,0.0,0.0,0.0,0,0,EXPIRED,0.0,EXPIRED,0,0
2026-04-30T13:15:00+00:00,XAUUSD,SELL,off_session,bullish,impulsive,bullish,secondary,sweep_reclaim_confirmation,A+,unknown,weak,90.0,95.0,4633.54,4646.0,4600.0,4580.0,4541.36,12.5,33.5,53.5,92.2,2.69,4.3,7.4,0.0,12.5,12.5,25.0,0.96,0.0,0.96,16.460000000000036,0.0,6.460000000000036,0.0,0.0,0.0,0.0,0,0,EXPIRED_BEFORE_TP,0.0,EXPIRED,0,0
2026-04-30T13:15:00+00:00,XAUUSD,SELL,off_session,bullish,impulsive,bullish,secondary,sweep_reclaim_confirmation,A+,unknown,weak,90.0,95.0,4633.54,4646.0,4600.0,4580.0,4541.36,12.5,33.5,53.5,92.2,2.69,4.3,7.4,0.0,12.5,12.5,25.0,0.96,0.0,0.96,16.460000000000036,0.0,6.460000000000036,0.0,0.0,0.0,0.0,0,0,EXPIRED_BEFORE_TP,0.0,EXPIRED,0,0
2026-04-30T13:15:00+00:00,XAUUSD,SELL,off_session,bullish,impulsive,bullish,secondary,sweep_reclaim_confirmation,A+,unknown,weak,90.0,85.0,4633.54,4646.0,4600.0,4580.0,4541.36,12.5,33.5,53.5,92.2,2.69,4.3,7.4,0.0,12.5,12.5,25.0,0.96,0.0,0.96,16.460000000000036,0.0,6.460000000000036,0.0,0.0,0.0,0.0,0,0,EXPIRED_BEFORE_TP,0.0,EXPIRED,0,0
2026-04-30T13:45:00+00:00,XAUUSD,SELL,off_session,bullish,range,bullish,secondary,sweep_reclaim_confirmation,A+,unknown,weak,90.0,95.0,4610.97,4624.0,4600.0,4580.0,4560.0,13.029999999999745,10.970000000000255,30.970000000000255,50.970000000000255,0.8419033000767819,2.3768227168074336,3.9117421335380853,0.0,13.029999999999745,13.029999999999745,26.05999999999949,0.96,0.0,0.96,10.970000000000255,0.0,13.029999999999745,0.0,0.0,0.0,0.0,0,1,LOSS,-13.03,SL_HIT,0,0
2026-04-30T16:15:00+00:00,XAUUSD,SELL,off_session,bullish,range,bullish,secondary,structure_shift_confirmation,A+,unknown,weak,0.0,90.0,4607.81,4604.0,4580.0,4560.0,4540.0,3.8100000000004,27.8100000000004,47.8100000000004,67.8100000000004,7.2992125984245355,12.54855643044498,17.797900262465426,0.0,3.8100000000004,3.8100000000004,7.6200000000008,0.96,0.0,0.96,7.8100000000004,0.0,3.8100000000004,0.0,0.0,0.0,0.0,0,1,LOSS,3.81,SL_HIT,0,0
2026-05-01T00:30:00+00:00,XAUUSD,BUY,asia,neutral,range,neutral,primary,break_retest_close_confirmation,A,unknown,weak,60.0,85.0,4620.74,4599.16,4639.87,4660.0,4680.0,21.6,19.1,39.3,59.3,0.89,1.82,2.75,0.0,21.6,21.6,43.2,0.92,0.0,0.92,20.73999999999978,0.0,15.579999999999927,0.0,0.0,0.0,0.0,0,1,LOSS,-21.58,SL_HIT,0,0
2026-05-01T00:30:00+00:00,XAUUSD,BUY,asia,neutral,range,neutral,primary,break_retest_close_confirmation,A,unknown,weak,60.0,85.0,4620.74,4599.16,4639.87,4660.0,4680.0,21.6,19.1,39.3,59.3,0.89,1.82,2.75,0.0,21.6,21.6,43.2,0.92,0.0,0.92,20.73999999999978,0.0,15.579999999999927,0.0,0.0,0.0,0.0,0,1,LOSS,-21.58,SL_HIT,0,0
2026-05-01T00:30:00+00:00,XAUUSD,BUY,asia,neutral,range,neutral,primary,break_retest_close_confirmation,A,unknown,weak,60.0,85.0,4620.74,4599.16,4639.87,4660.0,4680.0,21.6,19.1,39.3,59.3,0.89,1.82,2.75,0.0,21.6,21.6,43.2,0.92,0.0,0.92,20.73999999999978,0.0,15.579999999999927,0.0,0.0,0.0,0.0,0,1,LOSS,-21.58,SL_HIT,0,0
2026-05-01T00:30:00+00:00,XAUUSD,BUY,asia,neutral,range,neutral,primary,break_retest_close_confirmation,A,unknown,weak,60.0,85.0,4620.74,4599.16,4639.87,4660.0,4680.0,21.6,19.1,39.3,59.3,0.89,1.82,2.75,0.0,21.6,21.6,43.2,0.92,0.0,0.92,20.73999999999978,0.0,15.579999999999927,0.0,0.0,0.0,0.0,0,1,LOSS,-21.58,SL_HIT,0,0
2026-05-01T00:30:00+00:00,XAUUSD,BUY,asia,neutral,range,neutral,primary,break_retest_close_confirmation,A,unknown,weak,60.0,85.0,4620.74,4599.16,4639.87,4660.0,4680.0,21.6,19.1,39.3,59.3,0.89,1.82,2.75,0.0,21.6,21.6,43.2,0.92,0.0,0.92,20.73999999999978,0.0,15.579999999999927,0.0,0.0,0.0,0.0,0,1,LOSS,-21.58,SL_HIT,0,0
2026-05-01T00:30:00+00:00,XAUUSD,BUY,asia,neutral,range,neutral,primary,break_retest_close_confirmation,A,unknown,weak,60.0,85.0,4620.74,4599.16,4639.87,4660.0,4680.0,21.6,19.1,39.3,59.3,0.89,1.82,2.75,0.0,21.6,21.6,43.2,0.92,0.0,0.92,20.73999999999978,0.0,15.579999999999927,0.0,0.0,0.0,0.0,0,1,LOSS,-21.58,SL_HIT,0,0
2026-05-01T00:30:00+00:00,XAUUSD,BUY,asia,neutral,range,neutral,primary,break_retest_close_confirmation,A,unknown,weak,60.0,85.0,4620.74,4599.16,4639.87,4660.0,4680.0,21.6,19.1,39.3,59.3,0.89,1.82,2.75,0.0,21.6,21.6,43.2,0.92,0.0,0.92,20.73999999999978,0.0,15.579999999999927,0.0,0.0,0.0,0.0,0,1,LOSS,-21.58,SL_HIT,0,0
2026-05-01T12:00:00+00:00,XAUUSD,BUY,new_york,bullish,impulsive,bullish,primary,sweep_reclaim_confirmation,A+,unknown,strong,95.0,90.0,4584.63,4569.94,4600.0,4620.0,4640.0,14.7,15.4,35.4,55.4,1.05,2.41,3.77,0.0,14.7,14.7,29.4,0.96,0.0,0.96,15.36999999999989,0.0,8.69000000000051,0.0,0.0,0.0,1.0,1,0,WIN,35.37,TP1_OR_BETTER,1,1
2026-05-01T12:00:00+00:00,XAUUSD,BUY,new_york,bullish,impulsive,bullish,primary,sweep_reclaim_confirmation,A+,unknown,strong,95.0,90.0,4584.63,4569.94,4600.0,4620.0,4640.0,14.7,15.4,35.4,55.4,1.05,2.41,3.77,0.0,14.7,14.7,29.4,0.96,0.0,0.96,15.36999999999989,0.0,8.69000000000051,0.0,0.0,0.0,1.0,1,0,WIN,35.37,TP1_OR_BETTER,1,1
2026-05-01T12:00:00+00:00,XAUUSD,BUY,new_york,bullish,impulsive,bullish,primary,sweep_reclaim_confirmation,A+,unknown,strong,95.0,90.0,4584.63,4569.94,4600.0,4620.0,4640.0,14.7,15.4,35.4,55.4,1.05,2.41,3.77,0.0,14.7,14.7,29.4,0.96,0.0,0.96,15.36999999999989,0.0,8.69000000000051,0.0,0.0,0.0,1.0,1,0,WIN,35.37,TP1_OR_BETTER,1,1
2026-05-01T12:00:00+00:00,XAUUSD,BUY,new_york,bullish,impulsive,bullish,primary,sweep_reclaim_confirmation,A+,unknown,strong,95.0,90.0,4584.63,4569.94,4600.0,4620.0,4640.0,14.7,15.4,35.4,55.4,1.05,2.41,3.77,0.0,14.7,14.7,29.4,0.96,0.0,0.96,15.36999999999989,0.0,8.69000000000051,0.0,0.0,0.0,1.0,1,0,WIN,35.37,TP1_OR_BETTER,1,1
2026-05-01T12:00:00+00:00,XAUUSD,BUY,new_york,bullish,impulsive,bullish,primary,sweep_reclaim_confirmation,A+,unknown,strong,95.0,90.0,4584.63,4569.94,4600.0,4620.0,4640.0,14.7,15.4,35.4,55.4,1.05,2.41,3.77,0.0,14.7,14.7,29.4,0.96,0.0,0.96,15.36999999999989,0.0,8.69000000000051,0.0,0.0,0.0,1.0,1,0,WIN,35.37,TP1_OR_BETTER,1,1
2026-05-01T12:00:00+00:00,XAUUSD,BUY,new_york,bullish,impulsive,bullish,primary,sweep_reclaim_confirmation,A+,unknown,strong,95.0,90.0,4584.63,4569.94,4600.0,4620.0,4640.0,14.7,15.4,35.4,55.4,1.05,2.41,3.77,0.0,14.7,14.7,29.4,0.96,0.0,0.96,15.36999999999989,0.0,8.69000000000051,0.0,0.0,0.0,1.0,1,0,WIN,35.37,TP1_OR_BETTER,1,1
2026-05-01T12:00:00+00:00,XAUUSD,BUY,new_york,bullish,impulsive,bullish,primary,sweep_reclaim_confirmation,A+,unknown,strong,95.0,90.0,4584.63,4569.94,4600.0,4620.0,4640.0,14.7,15.4,35.4,55.4,1.05,2.41,3.77,0.0,14.7,14.7,29.4,0.96,0.0,0.96,15.36999999999989,0.0,8.69000000000051,0.0,0.0,0.0,1.0,1,0,WIN,35.37,TP1_OR_BETTER,1,1
